Session_ID,Station_ID,Station_Name,City,State,Location_Type,Charger_ID,Charger_Type,Connector_Type,Power_Rating_kW,Vehicle_Type,Vehicle_Model,Session_Start,Session_End,Charging_Duration_Min,Energy_Delivered_kWh,Idle_Duration_Min,Session_Status,Start_SOC_Percent,End_SOC_Percent,Charging_Cost,Price_per_kWh,Payment_Method,Customer_Type,Peak_Hour_Flag,Day_Type,Month,Year,Weather_Condition,Temperature_C
SESS001398,STN0130,Surat Charge Point,Surat,Gujarat,Highway,CHG00386,DC Fast,,150.0,2 Wheeler,Ather 450X,15/04/2021 10:10,2021-04-15 10:50:18,40.0,,0.0,Completed,17.8,150.0,123.84,14.35,Card,Fleet,Y,Weekend,April,2021,,30.4
SESS001050,STN0043,Indore EV Hub,INDORE,Madhya Pradesh,Residential,CHG00073,DC Ultra Fast,CHAdeMO,22.0,2-Wheeler,Tata Tiago EV,10/01/2023 03:19,2023-01-10 03:45:50,26.0,7.03,9.0,Failed,-5.0,75.7,104.68,,Card,Fleet,,Weekday,January,2023,Humid,29.6
SESS000267,STN0140,Pune EV Hub,Pune,Maharashtra,Highway,CHG00325,,ccs2,150.0,SUV,,17-12-2021 23:12:06,17-12-2021 23:32:06,20.0,3.9,11.0,completed,-5.0,-7.0,36.31,9.31,upi,Individual,Yes,Weekend,December,2021,Humid,23.8
SESS001596,STN0233,Bengaluru Power Station,Bengaluru,karnataka,Residential,CHG00024,DC fast,ccs2,7.2,3-Wheeler,Mahindra XUV400,2023-07-28 20:21:30,2023-07-28 20:52:30,31.0,19.28,0.0,Cancelled,-5.0,,379.24,19.67,App,Individual,N,Weekday,July,2023,Foggy,37.3
SESS000453,STN0014,Bhopal Charge Point,Bhopal,Madhya Pradesh,highway,CHG00112,ac,ccs2,30.0,2 Wheeler,Mahindra XUV400,01/10/2025 03:05,2025-10-01 04:40:26,95.0,34.18,0.0,Cancelled,105.0,64.9,401.62,11.75,Wallet,Individual,N,Weekday,October,2025,Foggy,18.9
SESS001812,STN0172,Noida Fast Charge Center,Noida,Uttar Pradesh,Office,CHG00616,DC Ultra Fast,CCS,150.0,,Tata Tiago EV,2023-07-10 09:13:00,2023-07-10 10:09:00,56.0,25.58,,Failed,-5.0,60.7,315.66,12.34,,Fleet,Yes,Weekend,July,2023,Foggy,31.8
SESS001220,STN0163,Bhopal Power Station,Bhopal,Madhya Pradesh,Residential,CHG00183,DC Fast,ccs2,120.0,2 Wheeler,,12-02-2025 22:44:14,12/02/2025 23:49,65.0,18.36,0.0,Completed,,150.0,302.57,16.48,Cash,Commercial,No,Holiday,February,2025,,19.7
SESS001097,STN0092,Jaipur Fast Charge Center,Jaipur,Rajasthan,Hotel,CHG00219,ac,Type 2,22.0,2-Wheeler,Ather 450X,2025-03-28 13:53:58,28/03/2025 14:04,11.0,25.29,,COMPLETED,,80.3,343.69,13.59,Card,,No,Holiday,March,2025,,29.4
SESS000300,STN0178,Pune EV Hub,Pune,Maharashtra,Office,CHG00228,,Type 2,50.0,Bus,Ather 450X,2022-08-29 07:55:36,2022-08-29 08:06:36,11.0,16.18,0.0,Failed,-5.0,,245.94,15.2,Cash,Fleet,Yes,Weekend,August,2022,Foggy,36.1
SESS000195,STN0160,Ahmedabad Fast Charge Center,Ahmedabad,Gujarat,,CHG00738,DC Fast,CCS,150.0,,Tata Nexon EV,02/01/2025 14:21,2025-01-02 14:42:23,21.0,28.01,,Failed,27.7,,399.7,14.27,upi,Fleet,Y,Weekday,January,2025,Cloudy,31.7
SESS001612,STN0109,Mumbai Fast Charge Center,Mumbai,Maharashtra,,CHG00031,DC Ultra Fast,GB/T,7.2,2-Wheeler,Tata Nexon EV,2022-10-13 01:49:08,13/10/2022 02:55,66.0,3.57,0.0,COMPLETED,27.1,,50.69,14.2,Cash,Commercial,No,Weekday,October,2022,Foggy,
SESS001504,STN0107,Hyderabad Charge Point,Hyderabad,Telangana,Office,CHG00498,DC Ultra Fast,GB/T,3.3,Car,,22/09/2024 21:46,22/09/2024 22:41,55.0,34.06,,Cancelled,22.4,,474.46,,App,Individual,N,Holiday,September,2024,Humid,26.0
SESS000977,STN0033,Kolkata EV Hub,Kolkata,West Bengal,,CHG00324,DC fast,ccs2,7.2,SUV,,13-03-2025 20:15:09,13/03/2025 20:49,34.0,16.59,5.0,COMPLETED,11.6,150.0,199.08,12.0,Card,Individual,Y,Holiday,March,2025,Humid,
SESS000894,STN0215,Patna Fast Charge Center,Patna,bihar,Office,CHG00101,,CHAdeMO,120.0,Car,Tata Tiago EV,09-04-2024 15:03:51,2024-04-09 15:17:51,14.0,39.82,5.0,Failed,,150.0,775.69,19.48,Card,,,Weekday,April,2024,Sunny,35.4
SESS000484,STN0045,Noida Fast Charge Center,Noida,Uttar Pradesh,highway,CHG00290,,CCS,,2-Wheeler,Ather 450X,29-05-2023 05:07:20,29/05/2023 06:08,61.0,0.18,0.0,completed,,98.6,3.49,19.38,upi,,no,Weekend,May,2023,Foggy,31.2
SESS000133,STN0164,Pune Charge Point,Pune,Maharashtra,Highway,CHG00384,DC Fast,CCS,,Car,BYD Atto 3,09-10-2022 10:56:12,09-10-2022 12:32:12,96.0,20.57,0.0,completed,-5.0,86.4,388.98,18.91,,,yes,Weekday,October,2022,Foggy,29.4
SESS001810,STN0203,Delhi Charge Point,Delhi,Delhi,highway,CHG00566,ac,,30.0,,,2025-09-13 14:19:55,,33.0,33.01,,completed,-5.0,150.0,316.24,9.58,Card,Fleet,no,Weekday,September,2025,Foggy,30.5
SESS001281,STN0146,Pune Charge Point,Pune,Maharashtra,highway,CHG00576,DC Fast,GB/T,150.0,3-Wheeler,Kia EV6,17-11-2023 04:24:03,2023-11-17 05:27:03,63.0,24.39,15.0,Completed,,89.3,470.24,,Cash,,N,Holiday,November,2023,Rainy,
SESS000179,STN0044,Surat Power Station,Surat,Gujarat,highway,CHG00490,DC Fast,ccs2,7.2,Car,,16-04-2023 13:17:44,16/04/2023 13:46,29.0,12.89,26.0,completed,,150.0,156.1,12.11,,Fleet,Y,Holiday,April,2023,,18.1
SESS001569,STN0087,CHANDIGARH EV HUB,chandigarh,Punjab,,CHG00437,DC fast,Type 2,120.0,2 Wheeler,TVS iQube,2023-09-23 17:48:40,2023-09-23 18:22:40,34.0,14.03,0.0,COMPLETED,20.3,85.7,220.69,15.73,UPI,Fleet,No,Weekend,September,2023,Sunny,27.4
SESS001651,STN0048,Delhi Power Station,Delhi,Delhi,Hotel,CHG00083,DC fast,CCS,150.0,2 Wheeler,Kia EV6,20-03-2025 05:28:53,20/03/2025 06:41,,10.2,,Cancelled,7.5,150.0,194.62,19.08,Cash,Fleet,No,Weekend,March,2025,Rainy,26.2
SESS001687,STN0092,Mumbai Power Station,Mumbai,Maharashtra,highway,CHG00159,,,,,Kia EV6,01/03/2022 06:12,01/03/2022 06:47,35.0,15.83,,completed,-5.0,,133.61,8.44,App,Commercial,No,Weekend,March,2022,Sunny,22.0
SESS000963,STN0116,Indore Fast Charge Center,Indore,Madhya Pradesh,Residential,CHG00278,DC Fast,,,3-Wheeler,BYD Atto 3,2025-07-19 02:16:42,19-07-2025 03:26:42,70.0,12.28,0.0,COMPLETED,-5.0,150.0,186.53,15.19,Cash,Fleet,N,Holiday,July,2025,Rainy,41.9
SESS001416,STN0166,Patna Charge Point,Patna,Bihar,Office,CHG00877,AC,Type 2,50.0,2-Wheeler,,31/08/2022 04:52,31/08/2022 04:51,-1.0,30.1,0.0,Failed,105.0,,588.76,19.56,Cash,Commercial,no,Weekend,August,2022,Sunny,25.6
SESS000293,STN0235,Kolkata Fast Charge Center,Kolkata,West Bengal,,CHG00763,ac,CHAdeMO,,,MG ZS EV,14/12/2023 06:24,2023-12-14 07:05:33,41.0,15.6,,COMPLETED,-5.0,150.0,310.13,19.88,,Individual,yes,Weekday,December,2023,Cloudy,28.9
SESS000363,STN0042,Surat Power Station,Surat,Gujarat,highway,CHG00242,,CHAdeMO,7.2,,Citroen eC3,28-07-2022 04:22:05,2022-07-28 04:23:05,1.0,0.72,0.0,COMPLETED,-5.0,150.0,8.34,11.58,UPI,Commercial,Y,Holiday,July,2022,,29.0
SESS000712,STN0215,Bhopal Fast Charge Center,Bhopal,Madhya Pradesh,Mall,CHG00646,,Type 2,60.0,3-Wheeler,Kia EV6,2025-06-26 04:53:14,2025-06-26 06:08:14,75.0,15.59,,completed,105.0,150.0,,19.64,App,Commercial,yes,Holiday,June,2025,,
SESS001107,STN0245,Delhi Charge Point,Delhi,Delhi,Office,CHG00492,,,,SUV,Citroen eC3,2025-04-24 18:03:49,24-04-2025 18:11:49,8.0,38.82,13.0,completed,,76.2,658.78,16.97,Wallet,,yes,Weekday,April,2025,,25.9
SESS001645,STN0097,Mumbai Power Station,Mumbai,Maharashtra,Parking,CHG00465,,CCS,150.0,2-Wheeler,Mahindra XUV400,22-01-2025 17:10:14,22/01/2025 17:43,33.0,4.87,,Completed,,,101.1,20.76,Wallet,Fleet,N,Weekday,January,2025,,35.1
SESS000665,STN0157,Ahmedabad EV Hub,Ahmedabad,Gujarat,highway,CHG00221,AC,Type 2,,Car,BYD Atto 3,2021-03-24 01:17:38,24/03/2021 01:25,8.0,30.89,0.0,completed,105.0,150.0,621.51,20.12,Card,Fleet,,Weekend,March,2021,Rainy,28.4
SESS001034,STN0036,Ahmedabad Charge Point,Ahmedabad,Gujarat,Office,CHG00889,,GB/T,120.0,3-Wheeler,Kia EV6,08-10-2022 22:40:31,08-10-2022 23:22:31,42.0,29.4,,completed,,,531.26,18.07,App,Individual,Yes,Weekend,October,2022,Foggy,17.2
SESS000676,STN0202,Hyderabad Fast Charge Center,Hyderabad,Telangana,Mall,CHG00434,DC Ultra Fast,Type 2,30.0,SUV,Kia EV6,13/04/2024 12:27,13/04/2024 13:40,73.0,27.89,18.0,completed,6.1,,363.41,13.03,Wallet,Commercial,yes,Weekend,April,2024,Sunny,27.3
SESS000965,STN0136,Noida EV Hub,Noida,Uttar Pradesh,Mall,CHG00453,DC Ultra Fast,CHAdeMO,50.0,Bus,Hyundai Kona,21/12/2025 06:39,21-12-2025 07:19:08,40.0,22.7,,completed,-5.0,,298.05,13.13,Card,Fleet,yes,Weekday,December,2025,,27.0
SESS000203,STN0119,DELHI POWER STATION,Delhi,Delhi,Office,CHG00599,DC fast,GB/T,22.0,2-Wheeler,Tata Tiago EV,06-07-2022 03:22:30,2022-07-06 04:21:30,59.0,19.18,,Failed,5.7,150.0,313.59,16.35,upi,,Yes,Weekday,July,2022,Foggy,21.2
SESS001459,STN0188,Mumbai Fast Charge Center,Mumbai,Maharashtra,Highway,CHG00020,ac,ccs2,3.3,,Hyundai Kona,29/11/2023 23:51,30/11/2023 00:30,39.0,30.17,17.0,COMPLETED,105.0,62.1,363.85,12.06,Wallet,Individual,N,Weekend,November,2023,Humid,21.8
SESS001352,STN0230,Mumbai EV Hub,Mumbai,Maharashtra,Office,CHG00050,AC,,30.0,SUV,Ola S1 Pro,2024-05-29 00:09:01,29-05-2024 00:33:01,,20.66,0.0,COMPLETED,,66.9,172.92,8.37,UPI,Commercial,N,Holiday,May,2024,Humid,19.0
SESS000034,STN0001,Ahmedabad EV Hub,Ahmedabad,Gujarat,Office,CHG00580,DC Fast,Type 2,60.0,2 Wheeler,Citroen eC3,2022-09-05 03:15:30,05-09-2022 04:00:30,45.0,31.54,,COMPLETED,21.3,,410.02,13.0,App,Individual,yes,Holiday,September,2022,Humid,29.6
SESS001511,STN0235,Patna Power Station,Patna,Bihar,Hotel,CHG00680,DC Fast,,30.0,SUV,TVS iQube,16/07/2024 22:39,16-07-2024 23:17:45,38.0,39.08,7.0,Cancelled,-5.0,150.0,537.35,13.75,,Commercial,Yes,Weekday,July,2024,Rainy,
SESS001415,STN0071,Hyderabad Power Station,Hyderabad,Telangana,Parking,CHG00672,DC Fast,GB/T,,,,2024-08-14 22:59:19,2024-08-14 23:29:19,30.0,17.55,0.0,Cancelled,,,356.44,,Wallet,,no,Holiday,August,2024,Cloudy,25.4
SESS000895,STN0088,Chandigarh Fast Charge Center,Chandigarh,Punjab,Mall,CHG00671,DC Ultra Fast,,150.0,,Citroen eC3,21/08/2021 23:28,,47.0,10.27,0.0,Cancelled,105.0,94.2,190.61,18.56,upi,Commercial,No,Holiday,August,2021,Cloudy,31.5
SESS000767,STN0101,Patna Charge Point,Patna,Bihar,Parking,CHG00227,,,3.3,2 Wheeler,Tata Tiago EV,07-01-2024 15:28:46,2024-01-07 16:04:46,36.0,44.52,0.0,Failed,30.1,150.0,460.34,10.34,,Commercial,no,Weekend,January,2024,Foggy,17.9
SESS000396,STN0215,Delhi Power Station,delhi,Delhi,Hotel,CHG00052,DC fast,GB/T,,,MG ZS EV,2025-09-18 14:04:07,18-09-2025 15:03:07,59.0,30.14,0.0,Cancelled,105.0,95.0,442.15,14.67,App,Individual,No,Weekend,September,2025,Sunny,33.2
SESS001036,STN0220,Pune Charge Point,Pune,Maharashtra,,CHG00513,ac,Type 2,7.2,SUV,Kia EV6,2024-06-01 08:42:09,01/06/2024 09:39,57.0,8.87,2.0,COMPLETED,105.0,,117.0,13.19,Card,Fleet,Yes,Holiday,June,2024,Humid,25.3
SESS000087,STN0247,jaipur Power Station,jaipur,RAJASTHAN,Parking,CHG00314,DC Fast,GB/T,30.0,SUV,,22-04-2022 23:21:32,22-04-2022 23:53:32,32.0,20.09,11.0,Completed,105.0,,277.24,13.8,Card,Fleet,Yes,Holiday,April,2022,Sunny,33.8
SESS000600,STN0129,Chennai Power Station,Chennai,Tamil Nadu,Highway,CHG00040,ac,Type 2,7.2,Bus,Mahindra XUV400,16/09/2025 23:42,17-09-2025 00:51:07,69.0,21.07,,Failed,,91.1,255.79,12.14,App,,N,Weekday,September,2025,Rainy,32.6
SESS001874,STN0004,Noida EV Hub,Noida,Uttar Pradesh,Residential,CHG00388,DC fast,GB/T,60.0,3-Wheeler,Ather 450X,01/08/2024 04:26,01-08-2024 05:01:56,35.0,3.98,0.0,Completed,-5.0,150.0,34.55,8.68,upi,,yes,Holiday,August,2024,,25.8
SESS001284,STN0062,Ahmedabad EV Hub,Ahmedabad,Gujarat,Parking,CHG00518,DC Fast,ccs2,22.0,2 Wheeler,Tata Nexon EV,02/12/2025 18:58,02/12/2025 19:57,59.0,0.1,24.0,COMPLETED,105.0,,1.54,15.44,upi,Fleet,yes,Weekday,December,2025,Foggy,32.2
SESS000167,STN0074,Delhi Charge Point,Delhi,Delhi,Hotel,CHG00586,DC Fast,GB/T,120.0,Car,Bajaj Chetak,24-04-2025 16:23:32,2025-04-24 17:09:32,46.0,41.66,0.0,completed,-5.0,75.1,719.47,17.27,Card,Commercial,N,Weekend,April,2025,Cloudy,30.9
SESS000371,STN0198,Jaipur Fast Charge Center,Jaipur,Rajasthan,Highway,CHG00067,DC Fast,GB/T,150.0,2-Wheeler,Ola S1 Pro,18-09-2024 14:00:51,18/09/2024 14:15,15.0,37.08,,completed,-5.0,81.9,678.19,18.29,Cash,,,Weekday,September,2024,Humid,30.3
SESS000904,STN0211,Bhopal Fast Charge Center,Bhopal,MADHYA PRADESH,Parking,CHG00103,DC Ultra Fast,ccs2,150.0,SUV,Kia EV6,2023-08-26 08:17:00,2023-08-26 09:11:00,54.0,7.96,10.0,Completed,105.0,150.0,135.64,17.04,,Individual,Yes,Weekday,August,2023,Foggy,28.2
SESS000464,STN0117,Bengaluru Charge Point,bengaluru,Karnataka,Highway,CHG00821,,ccs2,30.0,SUV,Tata Tiago EV,26/02/2024 03:38,26/02/2024 04:18,40.0,25.37,0.0,Cancelled,105.0,,325.5,12.83,UPI,,no,Weekday,February,2024,Sunny,19.4
SESS000127,STN0165,Patna Charge Point,Patna,Bihar,,CHG00229,,CCS,7.2,2 Wheeler,Citroen eC3,31/03/2024 20:27,2024-03-31 20:59:32,32.0,18.63,0.0,completed,105.0,150.0,375.02,20.13,upi,Commercial,No,Weekend,March,2024,Sunny,31.0
SESS000400,STN0225,Hyderabad Charge Point,Hyderabad,Telangana,Hotel,CHG00053,DC Fast,CCS,22.0,2 Wheeler,BYD Atto 3,2022-04-10 07:07:16,10-04-2022 07:23:16,16.0,23.59,,completed,,,398.91,16.91,UPI,Fleet,N,Holiday,April,2022,Foggy,23.6
SESS001633,STN0170,Mumbai Power Station,  Mumbai ,MAHARASHTRA,Mall,CHG00642,ac,ccs2,22.0,Car,Hyundai Kona,08-06-2025 02:38:45,,13.0,25.04,0.0,Completed,25.1,78.3,362.33,14.47,App,,Y,Weekday,June,2025,,30.1
SESS001624,STN0152,Chennai Fast Charge Center,Chennai,Tamil Nadu,Highway,CHG00616,ac,ccs2,,2-Wheeler,MG ZS EV,2023-01-14 04:58:12,2023-01-14 05:37:12,39.0,19.48,0.0,completed,17.2,,,8.93,App,,no,Weekend,January,2023,Humid,25.8
SESS000357,STN0219,Mumbai Power Station,Mumbai,Maharashtra,Office,CHG00171,,GB/T,120.0,Bus,Citroen eC3,07/04/2021 01:32,07-04-2021 02:45:57,73.0,29.3,,completed,30.3,150.0,486.67,16.61,App,Commercial,No,Weekend,April,2021,Sunny,28.4
SESS000662,STN0148,Noida EV Hub,Noida,Uttar Pradesh,Parking,CHG00754,DC Fast,CCS,7.2,Bus,Ather 450X,2021-08-31 18:23:05,31-08-2021 19:17:05,54.0,24.93,15.0,Completed,-5.0,-10.0,404.36,16.22,Wallet,Individual,Yes,Weekday,August,2021,,23.5
SESS000052,STN0228,Mumbai Fast Charge Center,Mumbai,Maharashtra,highway,CHG00612,DC Fast,,120.0,Car,,25-01-2022 20:10:56,2022-01-25 21:04:56,54.0,16.37,0.0,Completed,105.0,81.1,239.17,14.61,upi,Commercial,no,Holiday,January,2022,,23.7
SESS000393,STN0157,Hyderabad Power Station,Hyderabad,Telangana,,CHG00101,,CCS,50.0,3-Wheeler,,02-12-2023 18:01:48,2023-12-02 18:16:48,15.0,19.51,0.0,Completed,105.0,150.0,333.23,,Card,,no,Holiday,December,2023,Humid,41.8
SESS001018,STN0087,Kochi Fast Charge Center,Kochi,Kerala,,CHG00109,ac,Type 2,7.2,SUV,Mahindra XUV400,2023-06-13 16:54:30,13-06-2023 17:29:30,35.0,14.05,,COMPLETED,-5.0,,212.44,15.12,,Individual,,Weekend,June,2023,Cloudy,24.1
SESS000681,STN0142,  Chennai EV Hub ,Chennai,Tamil Nadu,highway,CHG00297,AC,CCS,120.0,SUV,Kia EV6,23/05/2023 22:21,23/05/2023 21:23,-58.0,30.21,0.0,Completed,105.0,73.1,477.92,15.82,App,Commercial,yes,Weekday,May,2023,Humid,34.6
SESS000532,STN0206,Lucknow EV Hub,Lucknow,Uttar Pradesh,,CHG00726,ac,GB/T,60.0,Car,,2024-08-01 17:23:47,01/08/2024 18:15,52.0,26.44,,completed,32.9,150.0,401.36,15.18,App,Individual,,Holiday,August,2024,Humid,
SESS000048,STN0204,Chennai EV Hub,Chennai,Tamil Nadu,Hotel,CHG00591,DC Ultra Fast,CHAdeMO,,3-Wheeler,Citroen eC3,29-06-2022 11:25:12,2022-06-29 11:57:12,32.0,18.28,,COMPLETED,-5.0,150.0,153.92,8.42,,Commercial,,Weekend,June,2022,,23.2
SESS000439,STN0052,Indore Fast Charge Center,Indore,Madhya Pradesh,Mall,CHG00488,AC,ccs2,,Bus,Ola S1 Pro,16/01/2022 23:25,16/01/2022 23:32,7.0,18.4,,Completed,31.2,150.0,395.42,21.49,,Individual,N,Weekend,January,2022,Sunny,33.2
SESS001457,STN0231,HYDERABAD CHARGE POINT,Hyderabad,Telangana,Parking,CHG00620,DC Ultra Fast,CCS,,3-Wheeler,MG ZS EV,20/03/2021 07:48,20-03-2021 08:54:24,,11.47,,COMPLETED,,97.5,160.12,,Cash,Fleet,No,Weekday,March,2021,,37.4
SESS001938,STN0061,Lucknow Power Station,Lucknow,UTTAR PRADESH,Residential,CHG00386,,,60.0,,,24-02-2024 01:22:35,24-02-2024 01:37:35,15.0,18.6,,Completed,-5.0,150.0,317.87,17.09,UPI,Individual,yes,Weekday,February,2024,Sunny,36.2
SESS000270,STN0239,Lucknow Fast Charge Center,Lucknow,Uttar Pradesh,Highway,CHG00312,,CCS,120.0,Bus,Tata Nexon EV,2024-10-29 22:38:29,29/10/2024 23:18,40.0,19.18,0.0,Cancelled,-5.0,92.8,226.13,11.79,Card,Fleet,N,Holiday,October,2024,Foggy,23.7
SESS000903,STN0211,Pune Fast Charge Center,Pune,Maharashtra,,CHG00840,DC Fast,Type 2,,SUV,Hyundai Kona,2025-01-19 17:34:00,19/01/2025 18:03,29.0,15.17,,Cancelled,30.3,150.0,293.08,19.32,Wallet,Commercial,N,Holiday,January,2025,Sunny,20.8
SESS001157,STN0205,Noida EV Hub,Noida,Uttar Pradesh,highway,CHG00241,AC,CHAdeMO,50.0,,TVS iQube,20/10/2022 11:34,20/10/2022 12:31,57.0,34.42,,completed,-5.0,150.0,570.0,16.56,UPI,Commercial,no,Weekday,October,2022,Rainy,
SESS001001,STN0186,mumbai Fast Charge Center,mumbai,Maharashtra,Mall,CHG00794,DC Ultra Fast,Type 2,150.0,Bus,TVS iQube,25-12-2022 08:35:10,25-12-2022 08:36:10,1.0,18.86,10.0,Completed,,62.6,242.54,12.86,Wallet,Commercial,no,Holiday,December,2022,Rainy,28.5
SESS001842,STN0041,PUNE EV HUB,Pune,Maharashtra,Hotel,CHG00440,,Type 2,60.0,Car,TVS iQube,05-07-2021 00:47:04,05/07/2021 01:17,30.0,27.69,,completed,,,331.17,11.96,upi,Fleet,yes,Holiday,July,2021,Humid,37.8
SESS001799,STN0057,Kolkata Fast Charge Center,Kolkata,West Bengal,Hotel,CHG00277,AC,CCS,120.0,SUV,,19-10-2022 02:52:49,19/10/2022 04:12,80.0,38.2,0.0,Failed,,150.0,776.99,20.34,upi,Commercial,no,Holiday,October,2022,,33.0
SESS001221,STN0087,Patna Fast Charge Center,Patna,Bihar,Mall,CHG00759,DC Fast,,150.0,Bus,MG ZS EV,2021-01-14 10:03:23,14-01-2021 11:09:23,66.0,14.69,1.0,Failed,,98.4,,14.72,UPI,,Yes,Weekday,January,2021,,28.2
SESS000799,STN0191,Indore Charge Point,Indore,Madhya Pradesh,Office,CHG00047,,GB/T,120.0,3-Wheeler,Bajaj Chetak,2022-10-25 20:26:03,25-10-2022 21:19:03,53.0,19.67,,COMPLETED,-5.0,,283.64,14.42,Cash,Fleet,,Weekend,October,2022,Rainy,22.2
SESS000417,STN0170,Noida Fast Charge Center,Noida,  Uttar Pradesh ,Highway,CHG00877,,GB/T,50.0,Bus,Hyundai Kona,2023-10-10 08:45:00,10-10-2023 09:46:00,61.0,11.03,0.0,completed,105.0,150.0,193.8,17.57,Wallet,,yes,Holiday,October,2023,,32.6
SESS001628,STN0192,Bengaluru Fast Charge Center,Bengaluru,Karnataka,Highway,CHG00838,AC,CHAdeMO,60.0,SUV,Kia EV6,09/12/2023 21:49,09/12/2023 22:02,13.0,16.23,0.0,completed,10.7,150.0,198.49,12.23,upi,Commercial,No,Weekday,December,2023,Rainy,45.7
SESS001372,STN0043,Mumbai Fast Charge Center,Mumbai,Maharashtra,Office,CHG00468,DC Fast,GB/T,120.0,3-Wheeler,MG ZS EV,22-07-2021 13:35:36,22/07/2021 14:08,33.0,11.04,0.0,COMPLETED,,150.0,199.16,18.04,UPI,,No,Weekend,July,2021,Rainy,25.5
SESS000218,STN0200,Pune Fast Charge Center,Pune,Maharashtra,Highway,CHG00854,DC fast,GB/T,30.0,2 Wheeler,Mahindra XUV400,20-12-2022 14:18:07,2022-12-20 14:42:07,24.0,0.1,,Failed,,,1.75,17.53,App,Fleet,,Weekend,December,2022,Sunny,33.3
SESS001077,STN0226,Ahmedabad Power Station,Ahmedabad,Gujarat,highway,CHG00205,AC,Type 2,22.0,2-Wheeler,Tata Tiago EV,23/04/2022 03:28,23-04-2022 04:30:48,62.0,19.3,0.0,COMPLETED,105.0,64.6,354.54,18.37,Card,,,Weekend,April,2022,Cloudy,29.4
SESS000813,STN0200,Surat Charge Point,Surat,Gujarat,Residential,CHG00754,AC,CHAdeMO,,Bus,,2025-05-27 17:06:18,27-05-2025 18:12:18,66.0,,,Cancelled,105.0,150.0,,15.68,Card,Commercial,N,Weekday,May,2025,,28.1
SESS001174,STN0161,Chennai Power Station,Chennai,TAMIL NADU,Hotel,CHG00640,DC Ultra Fast,Type 2,60.0,SUV,MG ZS EV,01-04-2022 19:03:36,01-04-2022 19:33:36,30.0,17.22,22.0,Failed,105.0,96.9,194.76,11.31,upi,Individual,no,Holiday,April,2022,Rainy,26.2
SESS001287,STN0240,Chandigarh EV Hub,Chandigarh,Punjab,highway,CHG00181,,GB/T,50.0,Bus,Mahindra XUV400,15-03-2024 00:08:44,15-03-2024 01:14:44,66.0,30.23,0.0,completed,29.8,21.8,335.25,11.09,,Fleet,no,Weekday,March,2024,Humid,
SESS000837,STN0235,Bengaluru EV Hub,Bengaluru,Karnataka,Parking,CHG00628,ac,CCS,3.3,3-Wheeler,Mahindra XUV400,28-03-2024 17:08:27,28/03/2024 18:18,70.0,26.27,,Cancelled,105.0,150.0,399.3,15.2,upi,Commercial,no,Weekday,March,2024,,31.0
SESS001085,STN0044,Kolkata Power Station,Kolkata,West Bengal,Parking,CHG00625,AC,CCS,150.0,2 Wheeler,BYD Atto 3,05/06/2021 00:56,05/06/2021 01:23,27.0,15.32,22.0,Completed,105.0,150.0,286.02,18.67,Card,,No,Weekday,June,2021,Sunny,30.6
SESS000116,STN0090,gurugram Power Station,gurugram,HARYANA,Residential,CHG00157,DC Fast,,3.3,2-Wheeler,Kia EV6,2022-03-07 18:26:22,2022-03-07 19:01:22,35.0,28.4,,COMPLETED,105.0,150.0,595.83,20.98,UPI,Commercial,no,Weekday,March,2022,Cloudy,19.6
SESS001394,STN0023,Mumbai EV Hub,Mumbai,Maharashtra,Hotel,CHG00336,DC fast,CCS,120.0,2-Wheeler,BYD Atto 3,17/10/2021 08:17,17-10-2021 08:18:21,1.0,49.02,0.0,Cancelled,-5.0,150.0,547.55,11.17,App,Individual,No,Weekend,October,2021,Rainy,28.0
SESS000157,STN0048,Patna Charge Point,Patna,Bihar,Parking,CHG00399,DC Ultra Fast,,50.0,3-Wheeler,Mahindra XUV400,2023-05-21 21:53:10,21-05-2023 22:17:10,24.0,19.54,2.0,COMPLETED,15.6,86.8,394.32,20.18,Wallet,Commercial,yes,Weekend,May,2023,,29.6
SESS001753,STN0178,indore Charge Point,indore,Madhya Pradesh,Hotel,CHG00726,,,150.0,2-Wheeler,Citroen eC3,27-01-2024 17:37:49,,65.0,9.56,28.0,Cancelled,-5.0,,205.25,21.47,upi,Individual,Yes,Holiday,January,2024,Cloudy,35.5
SESS001446,STN0204,Kochi EV Hub,KOCHI,KERALA,highway,CHG00101,DC fast,,150.0,2 Wheeler,Mahindra XUV400,10-04-2024 01:22:27,2024-04-10 02:41:27,79.0,6.55,12.0,Completed,26.3,93.9,67.53,10.31,upi,Individual,no,Holiday,April,2024,,26.6
SESS000618,STN0119,PATNA POWER STATION,Patna,Bihar,Parking,CHG00560,,,150.0,2 Wheeler,Tata Tiago EV,2022-07-04 21:53:50,04/07/2022 22:47,54.0,24.91,0.0,completed,105.0,150.0,461.58,18.53,UPI,,No,Weekday,July,2022,Sunny,24.2
SESS000846,STN0116,GURUGRAM EV HUB,Gurugram,Haryana,Hotel,CHG00833,AC,GB/T,,2-Wheeler,,15-10-2021 04:32:06,15-10-2021 05:32:06,60.0,28.17,,Cancelled,6.2,97.7,377.48,13.4,upi,Fleet,Yes,Holiday,October,2021,Cloudy,34.4
SESS000481,STN0233,Jaipur Charge Point,  Jaipur ,Rajasthan,highway,CHG00159,ac,CHAdeMO,120.0,,,29-03-2022 21:59:25,2022-03-29 22:58:25,59.0,27.34,0.0,completed,17.1,67.3,391.51,14.32,Cash,Fleet,,Weekday,March,2022,Humid,19.5
SESS000868,STN0136,Kolkata Fast Charge Center,Kolkata,West Bengal,Mall,CHG00888,DC Ultra Fast,Type 2,7.2,3-Wheeler,Citroen eC3,21-08-2025 12:33:24,21/08/2025 13:47,74.0,13.44,,completed,,72.8,240.17,17.87,Wallet,Fleet,No,Weekend,August,2025,Foggy,
SESS001765,STN0041,SURAT FAST CHARGE CENTER,Surat,Gujarat,Residential,CHG00674,,CCS,50.0,SUV,BYD Atto 3,18/10/2025 07:15,2025-10-18 07:49:58,34.0,19.53,1.0,Completed,105.0,,381.03,19.51,App,Individual,Y,Weekend,October,2025,Sunny,32.9
SESS001661,STN0028,Mumbai Charge Point,Mumbai,Maharashtra,Hotel,CHG00819,ac,GB/T,3.3,2-Wheeler,Ather 450X,2023-08-12 16:00:01,2023-08-12 16:45:01,45.0,24.98,29.0,COMPLETED,36.7,,487.86,19.53,App,,Y,Weekend,August,2023,Sunny,31.9
SESS000072,STN0013,Hyderabad EV Hub,Hyderabad,Telangana,Mall,CHG00480,,CHAdeMO,150.0,Car,MG ZS EV,31-07-2023 03:43:43,31/07/2023 04:50,67.0,31.26,0.0,Cancelled,105.0,,541.74,17.33,Card,Fleet,yes,Weekend,July,2023,Foggy,25.9
SESS000633,STN0033,indore EV Hub,indore,Madhya Pradesh,Office,CHG00776,ac,CCS,30.0,Bus,,17/02/2023 21:04,2023-02-17 21:42:53,38.0,22.82,,Failed,-5.0,150.0,441.11,19.33,Card,Fleet,N,Weekend,February,2023,Humid,
SESS001290,STN0178,Indore Fast Charge Center,Indore,Madhya Pradesh,Highway,CHG00891,,CCS,7.2,2-Wheeler,MG ZS EV,08/11/2023 07:41,08-11-2023 08:29:18,48.0,6.04,0.0,Cancelled,,150.0,66.56,11.02,App,,N,Weekday,November,2023,,34.3
SESS001775,STN0003,Ahmedabad Power Station,Ahmedabad,Gujarat,highway,CHG00455,,CHAdeMO,,2-Wheeler,Tata Tiago EV,27-12-2022 17:26:18,27-12-2022 18:16:18,50.0,37.56,,Cancelled,28.5,150.0,375.6,10.0,Card,Individual,N,Holiday,December,2022,Cloudy,26.6
SESS001098,STN0092,Surat Power Station,Surat,Gujarat,highway,CHG00145,ac,,7.2,2-Wheeler,Hyundai Kona,08/06/2022 14:51,2022-06-08 15:12:18,,7.28,,Cancelled,105.0,150.0,142.25,19.54,,Commercial,No,Weekday,June,2022,Cloudy,29.9
SESS001518,STN0091,Kochi Power Station,Kochi,Kerala,Parking,CHG00873,DC Fast,CHAdeMO,22.0,SUV,Tata Nexon EV,07-02-2022 21:50:24,07-02-2022 22:58:24,68.0,35.03,0.0,completed,,150.0,767.51,21.91,Wallet,Commercial,Y,Weekend,February,2022,,23.6
SESS001361,STN0155,Chandigarh Power Station,Chandigarh,Punjab,Parking,CHG00696,,,22.0,SUV,MG ZS EV,21-03-2025 00:40:24,21/03/2025 01:07,27.0,12.82,0.0,Completed,105.0,150.0,169.87,13.25,Wallet,Commercial,no,Weekend,March,2025,Cloudy,31.4
SESS000981,STN0076,Chandigarh Charge Point,Chandigarh,Punjab,Parking,CHG00579,DC fast,Type 2,30.0,SUV,Tata Nexon EV,30-08-2023 15:08:14,30-08-2023 15:31:14,23.0,23.36,0.0,Failed,-5.0,66.2,417.91,17.89,Cash,Fleet,Yes,Weekday,August,2023,,27.5
SESS001789,STN0066,Noida EV Hub,Noida,UTTAR PRADESH,Hotel,CHG00265,ac,,3.3,Bus,Tata Tiago EV,2023-04-10 00:38:18,10-04-2023 01:13:18,35.0,,0.0,Failed,-5.0,,161.67,9.81,UPI,Commercial,Yes,Weekend,April,2023,Foggy,36.9
SESS001300,STN0236,Lucknow EV Hub,Lucknow,Uttar Pradesh,Office,CHG00566,DC Ultra Fast,Type 2,22.0,,Hyundai Kona,23-05-2025 10:14:23,23/05/2025 10:20,6.0,14.13,,Cancelled,29.1,97.6,252.64,17.88,Card,Fleet,N,Holiday,May,2025,Humid,33.0
SESS000471,STN0121,Ahmedabad Charge Point,Ahmedabad,Gujarat,,CHG00221,AC,Type 2,7.2,Bus,Bajaj Chetak,2021-06-07 04:56:30,07-06-2021 05:46:30,50.0,36.42,10.0,COMPLETED,,72.9,417.01,11.45,Wallet,,Y,Weekday,June,2021,Sunny,34.5
SESS001588,STN0121,kochi Charge Point,kochi,Kerala,Parking,CHG00548,DC Fast,GB/T,30.0,2-Wheeler,,17/04/2023 04:27,2023-04-17 04:53:37,26.0,3.17,,COMPLETED,,95.3,27.58,8.7,upi,Commercial,Y,Weekday,April,2023,Humid,31.9
SESS000422,STN0188,Delhi Fast Charge Center,Delhi,Delhi,Parking,CHG00690,DC fast,CCS,,Car,Citroen eC3,06-11-2023 16:21:51,,48.0,37.09,4.0,completed,,,547.08,14.75,upi,Commercial,yes,Weekday,November,2023,Sunny,32.0
SESS000142,STN0059,kolkata power station,kolkata,West Bengal,,CHG00482,DC Fast,,,2 Wheeler,BYD Atto 3,28/11/2022 06:10,2022-11-28 06:11:03,1.0,33.58,5.0,Failed,105.0,81.2,719.62,21.43,App,Fleet,Y,Weekday,November,2022,Sunny,29.9
SESS001667,STN0070,Hyderabad Charge Point,Hyderabad,Telangana,Mall,CHG00535,DC Ultra Fast,CHAdeMO,30.0,2-Wheeler,BYD Atto 3,18-03-2025 19:53:39,2025-03-18 20:27:39,34.0,30.41,13.0,completed,-5.0,,311.09,10.23,Cash,Fleet,No,Weekday,March,2025,,28.7
SESS001005,STN0052,Noida EV Hub,Noida,Uttar Pradesh,Office,CHG00164,DC fast,,3.3,Bus,Hyundai Kona,2023-08-31 00:45:21,31/08/2023 01:44,59.0,29.71,19.0,Cancelled,105.0,79.7,647.98,21.81,Card,Individual,Yes,Weekend,August,2023,Foggy,32.3
SESS001158,STN0167,Hyderabad Charge Point,Hyderabad,Telangana,highway,CHG00114,AC,,120.0,Bus,TVS iQube,12-09-2025 20:06:11,12/09/2025 21:00,,14.94,0.0,Cancelled,7.0,,277.44,,,Fleet,no,Weekday,September,2025,,15.3
SESS000248,STN0127,Pune EV Hub,Pune,Maharashtra,,CHG00827,DC fast,CHAdeMO,150.0,2 Wheeler,Bajaj Chetak,2025-05-30 16:15:10,2025-05-30 17:31:10,76.0,4.05,38.0,Cancelled,,,37.38,9.23,,,no,Weekday,May,2025,,23.6
SESS001870,STN0039,Kolkata Fast Charge Center,kolkata,West Bengal,Parking,CHG00759,DC fast,,50.0,,MG ZS EV,2025-09-16 17:53:40,16/09/2025 18:32,39.0,15.2,0.0,Completed,,84.2,298.68,19.65,Card,,no,Holiday,September,2025,Sunny,37.3
SESS000121,STN0219,Kolkata Power Station,Kolkata,WEST BENGAL,Office,CHG00805,DC Fast,GB/T,150.0,Car,Mahindra XUV400,2025-08-29 14:43:03,29/08/2025 15:34,51.0,19.44,0.0,Failed,,150.0,155.52,8.0,Wallet,Individual,N,Weekday,August,2025,Humid,26.7
SESS000357,STN0219,Mumbai Power Station,Mumbai,Maharashtra,Office,CHG00171,,GB/T,120.0,Bus,Citroen eC3,07/04/2021 01:32,07-04-2021 02:45:57,73.0,29.3,,completed,30.3,150.0,486.67,16.61,App,Commercial,No,Weekend,April,2021,Sunny,28.4
SESS001641,STN0081,Noida Power Station,Noida,uttar pradesh,Highway,CHG00345,DC Ultra Fast,CHAdeMO,3.3,Car,Mahindra XUV400,2025-09-09 08:01:40,09-09-2025 08:41:40,40.0,,0.0,completed,6.9,-2.0999999999999996,50.25,10.76,Card,Fleet,,Weekend,September,2025,Humid,28.7
SESS000348,STN0066,Bhopal Charge Point,Bhopal,Madhya Pradesh,Office,CHG00502,DC fast,CHAdeMO,22.0,,Tata Nexon EV,2023-08-13 07:52:25,13/08/2023 08:32,40.0,29.93,,completed,105.0,,266.98,8.92,Card,Fleet,No,Weekday,August,2023,Rainy,45.9
SESS001385,STN0195,Surat EV Hub,Surat,  Gujarat ,highway,CHG00840,DC fast,,,Bus,Mahindra XUV400,30/05/2022 22:28,31/05/2022 00:04,96.0,-16.21,19.0,COMPLETED,,91.0,420.17,10.87,upi,Fleet,no,Weekday,May,2022,Foggy,
SESS001473,STN0214,Hyderabad Charge Point,Hyderabad,Telangana,Mall,CHG00180,DC Fast,CHAdeMO,50.0,Bus,Kia EV6,2023-06-10 14:33:45,,1.0,28.75,0.0,Completed,,150.0,619.27,21.54,Wallet,,N,Weekend,June,2023,,27.1
SESS001283,STN0185,kochi Power Station,kochi,Kerala,,CHG00397,DC fast,CCS,7.2,Car,Tata Nexon EV,30-12-2023 13:47:38,30-12-2023 14:57:38,70.0,,,completed,-5.0,83.4,431.58,21.93,Card,Fleet,No,Weekday,December,2023,Humid,28.9
SESS000832,STN0117,Mumbai EV Hub,Mumbai,Maharashtra,Mall,CHG00580,DC Ultra Fast,CHAdeMO,150.0,,Ola S1 Pro,31/01/2023 03:32,31-01-2023 04:49:34,77.0,12.61,0.0,Completed,-5.0,150.0,193.94,15.38,Card,,No,Weekday,January,2023,Foggy,
SESS001452,STN0151,Bengaluru EV Hub,Bengaluru,Karnataka,Mall,CHG00570,DC Fast,GB/T,22.0,2-Wheeler,,2023-05-14 07:56:48,,45.0,25.51,,Failed,6.4,150.0,522.19,20.47,,Fleet,Yes,Weekend,May,2023,,26.0
SESS001546,STN0058,Delhi Fast Charge Center,  Delhi ,delhi,Highway,CHG00771,,ccs2,3.3,Bus,BYD Atto 3,18/02/2025 10:36,2025-02-18 11:49:46,73.0,0.58,5.0,Completed,,,,11.91,upi,Individual,Yes,Holiday,February,2025,Foggy,30.4
SESS000587,STN0152,Indore Power Station,Indore,Madhya Pradesh,highway,CHG00506,,CHAdeMO,30.0,Bus,Kia EV6,2024-05-15 17:47:23,15/05/2024 18:21,,13.42,0.0,COMPLETED,30.4,150.0,229.88,17.13,Wallet,Commercial,Yes,Weekend,May,2024,Cloudy,25.1
SESS001307,STN0064,Surat Charge Point,SURAT,Gujarat,Office,CHG00335,DC Fast,Type 2,50.0,Car,,2023-05-02 06:00:53,02/05/2023 07:17,77.0,26.23,0.0,completed,-5.0,61.4,236.59,9.02,Cash,Fleet,Yes,Holiday,May,2023,Cloudy,35.2
SESS001224,STN0133,kochi ev hub,kochi,Kerala,Mall,CHG00268,,GB/T,22.0,SUV,Tata Tiago EV,01/08/2025 21:08,,27.0,15.33,,completed,10.0,,189.79,12.38,Cash,Individual,Yes,Weekday,August,2025,Sunny,
SESS000140,STN0180,Delhi Fast Charge Center,Delhi,Delhi,Parking,CHG00892,DC fast,CCS,22.0,SUV,BYD Atto 3,08-01-2025 12:51:19,2025-01-08 13:52:19,61.0,20.95,0.0,completed,-5.0,150.0,393.86,18.8,upi,,yes,Weekday,January,2025,Humid,
SESS001638,STN0110,Chandigarh Charge Point,Chandigarh,Punjab,Highway,CHG00257,DC Ultra Fast,GB/T,120.0,3-Wheeler,Ola S1 Pro,22-04-2021 05:27:26,22/04/2021 07:01,94.0,44.29,,COMPLETED,-5.0,,615.19,13.89,Cash,Commercial,Yes,Weekend,April,2021,Foggy,
SESS000826,STN0017,Mumbai Power Station,Mumbai,Maharashtra,Residential,CHG00535,,GB/T,60.0,2-Wheeler,Bajaj Chetak,2022-02-01 14:59:03,01-02-2022 16:07:03,68.0,9.65,0.0,Completed,,62.1,141.18,14.63,UPI,Commercial,yes,Weekend,February,2022,Humid,23.0
SESS001536,STN0085,Lucknow Charge Point,Lucknow,Uttar Pradesh,,CHG00556,DC Fast,,60.0,Car,Hyundai Kona,04-11-2021 11:04:08,2021-11-04 11:41:08,37.0,25.12,0.0,COMPLETED,105.0,,211.26,8.41,Wallet,Commercial,Y,Weekday,November,2021,Foggy,24.4
SESS000150,STN0178,lucknow power station,Lucknow,UTTAR PRADESH,highway,CHG00421,,Type 2,60.0,,Tata Tiago EV,04-10-2025 20:05:26,,15.0,20.45,2.0,COMPLETED,-5.0,150.0,213.09,10.42,Cash,,No,Holiday,October,2025,Rainy,28.9
SESS000466,STN0212,Kochi Power Station,Kochi,Kerala,Parking,CHG00212,DC Ultra Fast,GB/T,60.0,2-Wheeler,,04-07-2023 05:44:28,2023-07-04 05:45:28,1.0,16.17,,Failed,105.0,69.1,184.34,,,Individual,No,Weekend,July,2023,,20.9
SESS000317,STN0003,Chandigarh Power Station,Chandigarh,Punjab,Office,CHG00275,AC,ccs2,50.0,,Bajaj Chetak,2021-09-25 02:42:37,25/09/2021 03:45,63.0,36.13,13.0,Completed,32.5,28.5,512.68,14.19,App,,No,Weekday,September,2021,Rainy,27.5
SESS000688,STN0214,Surat Power Station,Surat,GUJARAT,highway,CHG00134,,Type 2,7.2,SUV,,30/05/2025 07:33,30/05/2025 07:55,22.0,15.51,,completed,-5.0,150.0,127.96,8.25,,,Yes,Holiday,May,2025,Sunny,
SESS001917,STN0059,Mumbai Fast Charge Center,Mumbai,maharashtra,Hotel,CHG00253,DC Ultra Fast,CHAdeMO,30.0,3-Wheeler,Tata Nexon EV,14-10-2021 14:32:09,14/10/2021 15:30,58.0,0.1,0.0,COMPLETED,39.9,,2.02,20.23,UPI,,Yes,Weekend,October,2021,,31.6
SESS001150,STN0127,Chennai Charge Point,Chennai,Tamil Nadu,Highway,CHG00541,,Type 2,7.2,Car,BYD Atto 3,2021-06-21 10:26:11,2021-06-21 11:48:11,82.0,9.5,,Cancelled,105.0,70.5,186.39,19.62,App,,yes,Weekday,June,2021,Cloudy,28.6
SESS001644,STN0149,Indore Power Station,  Indore ,Madhya Pradesh,Highway,CHG00024,DC Ultra Fast,ccs2,120.0,Bus,Bajaj Chetak,22-08-2021 00:24:05,22/08/2021 01:39,75.0,28.42,10.0,Cancelled,,68.1,256.92,9.04,Cash,Commercial,N,Weekday,August,2021,Cloudy,20.2
SESS000118,STN0072,BENGALURU EV HUB,Bengaluru,Karnataka,,CHG00381,,ccs2,7.2,2-Wheeler,BYD Atto 3,2023-05-12 05:13:08,12-05-2023 06:10:08,57.0,10.93,0.0,Failed,,150.0,235.43,,Card,Commercial,yes,Holiday,May,2023,Rainy,14.2
SESS000797,STN0200,Chandigarh EV Hub,Chandigarh,PUNJAB,Residential,CHG00489,DC Ultra Fast,ccs2,,Bus,BYD Atto 3,2022-12-12 04:13:55,12-12-2022 04:58:55,45.0,7.37,,completed,-5.0,150.0,157.79,21.41,UPI,,no,Holiday,December,2022,Foggy,21.3
SESS000016,STN0161,Bengaluru Fast Charge Center,Bengaluru,Karnataka,Hotel,CHG00126,DC Fast,GB/T,,2-Wheeler,Tata Nexon EV,09-10-2022 23:00:45,2022-10-10 00:10:45,70.0,38.6,20.0,COMPLETED,,63.0,360.91,9.35,,,,Holiday,October,2022,,32.6
SESS001198,STN0204,Mumbai Fast Charge Center,Mumbai,Maharashtra,highway,CHG00180,AC,GB/T,22.0,Bus,,28/10/2022 23:28,29/10/2022 01:05,97.0,17.88,,Failed,105.0,,347.94,19.46,Wallet,Individual,no,Weekend,October,2022,Foggy,35.3
SESS000575,STN0076,Gurugram Charge Point,Gurugram,Haryana,Office,CHG00766,DC Fast,Type 2,3.3,2 Wheeler,MG ZS EV,28/02/2022 14:20,28/02/2022 15:11,51.0,10.25,,COMPLETED,105.0,150.0,143.4,13.99,,Commercial,no,Weekend,February,2022,Cloudy,22.3
SESS000013,STN0053,Jaipur EV Hub,Jaipur,RAJASTHAN,highway,CHG00809,DC fast,,,Bus,Ola S1 Pro,29/09/2024 23:38,30-09-2024 00:11:22,33.0,16.91,,Completed,,150.0,172.82,10.22,,Commercial,Yes,Holiday,September,2024,Humid,29.7
SESS001233,STN0150,Chennai Power Station,  Chennai ,Tamil Nadu,Highway,CHG00309,DC fast,Type 2,22.0,2-Wheeler,Ola S1 Pro,2024-06-01 03:11:28,01-06-2024 04:42:28,91.0,0.1,,completed,-5.0,,2.0,20.03,Cash,Commercial,Y,Weekend,June,2024,Sunny,30.1
SESS001142,STN0013,Noida Power Station,Noida,Uttar Pradesh,Highway,CHG00834,DC Fast,,50.0,SUV,Kia EV6,27/06/2025 09:42,27/06/2025 11:22,100.0,37.11,,Failed,28.0,71.9,561.1,15.12,Card,,yes,Weekend,June,2025,Sunny,29.6
SESS001165,STN0019,Bengaluru Charge Point,Bengaluru,Karnataka,Office,CHG00076,DC fast,Type 2,3.3,2 Wheeler,,11-09-2023 05:13:09,11-09-2023 05:58:09,45.0,14.77,0.0,Cancelled,105.0,,221.55,15.0,,,yes,Weekend,September,2023,Cloudy,26.4
SESS000601,STN0112,Delhi Fast Charge Center,Delhi,Delhi,highway,CHG00796,DC Fast,ccs2,,,Ola S1 Pro,09-08-2021 17:05:37,2021-08-09 17:18:37,13.0,9.07,,Completed,105.0,66.6,167.16,18.43,Wallet,Individual,yes,Weekend,August,2021,Rainy,36.1
SESS000879,STN0115,Patna Fast Charge Center,Patna,BIHAR,Office,CHG00464,DC fast,CHAdeMO,150.0,2 Wheeler,Bajaj Chetak,09/12/2023 10:28,09-12-2023 10:57:01,29.0,26.05,,Completed,-5.0,60.8,459.26,17.63,,Commercial,Yes,Holiday,December,2023,Cloudy,22.9
SESS000996,STN0154,Bhopal Fast Charge Center,Bhopal,Madhya Pradesh,Highway,CHG00587,AC,CCS,,,Tata Nexon EV,2025-10-04 07:01:55,04/10/2025 08:14,73.0,0.1,,Completed,,,1.47,14.67,,,yes,Weekday,October,2025,Foggy,43.6
SESS001981,STN0236,Delhi Charge Point,Delhi,Delhi,Mall,CHG00803,DC Fast,ccs2,22.0,Car,Tata Tiago EV,17/11/2024 11:25,,18.0,31.17,0.0,COMPLETED,-5.0,150.0,372.17,11.94,UPI,,,Weekend,November,2024,,32.9
SESS000177,STN0190,Noida Charge Point,Noida,Uttar Pradesh,Parking,CHG00892,DC Ultra Fast,CCS,120.0,2-Wheeler,Tata Nexon EV,13-01-2023 21:37:24,13/01/2023 22:14,37.0,6.24,,Completed,105.0,,129.48,20.75,Card,Individual,No,Weekday,January,2023,Rainy,31.1
SESS000496,STN0225,Delhi Power Station,Delhi,Delhi,Highway,CHG00836,,GB/T,,SUV,Ather 450X,09/04/2021 02:00,09-04-2021 02:55:39,55.0,25.12,,Failed,,87.6,502.65,20.01,Wallet,Commercial,Yes,Holiday,April,2021,Rainy,28.2
SESS001830,STN0204,Pune Charge Point,PUNE,Maharashtra,Residential,CHG00231,AC,CCS,30.0,Bus,Mahindra XUV400,11-09-2023 07:03:43,,54.0,24.97,17.0,COMPLETED,105.0,,349.58,14.0,Wallet,Individual,,Weekday,September,2023,Foggy,22.6
SESS000247,STN0027,Kochi Power Station,  Kochi ,Kerala,,CHG00544,ac,CCS,22.0,Car,Ather 450X,27-03-2024 18:54:06,27/03/2024 19:30,36.0,14.85,,completed,,150.0,128.45,8.65,,Commercial,Y,Holiday,March,2024,Sunny,26.1
SESS000425,STN0122,  Bhopal EV Hub ,Bhopal,MADHYA PRADESH,,CHG00220,DC fast,ccs2,3.3,,Tata Nexon EV,11-01-2022 17:58:51,11/01/2022 18:18,20.0,15.53,,Failed,39.4,97.5,222.54,14.33,UPI,,,Weekday,January,2022,Cloudy,30.3
SESS000284,STN0234,Patna Fast Charge Center,Patna,  Bihar ,,CHG00499,,CHAdeMO,30.0,,,05-02-2024 12:57:58,2024-02-05 14:01:58,64.0,35.09,,completed,,90.0,544.95,,App,Individual,yes,Holiday,February,2024,Foggy,33.2
SESS001982,STN0174,Mumbai Power Station,MUMBAI,MAHARASHTRA,Highway,CHG00717,ac,Type 2,30.0,3-Wheeler,Bajaj Chetak,2021-04-26 10:55:10,26/04/2021 11:21,26.0,26.25,38.0,completed,105.0,69.6,269.59,10.27,Cash,,No,Weekend,April,2021,Rainy,29.7
SESS001398,STN0130,Surat Charge Point,Surat,Gujarat,Highway,CHG00386,DC Fast,,150.0,2 Wheeler,Ather 450X,15/04/2021 10:10,2021-04-15 10:50:18,40.0,,0.0,Completed,17.8,150.0,123.84,14.35,Card,Fleet,Y,Weekend,April,2021,,30.4
SESS001487,STN0193,Surat Charge Point,Surat,GUJARAT,Office,CHG00080,AC,,120.0,,Tata Tiago EV,2025-07-05 20:03:00,05/07/2025 20:47,44.0,44.43,,completed,-5.0,60.1,434.97,9.79,,Individual,,Weekday,July,2025,,24.7
SESS000749,STN0094,Bhopal Fast Charge Center,Bhopal,Madhya Pradesh,Highway,CHG00346,DC Fast,ccs2,150.0,SUV,,12-09-2025 04:28:52,2025-09-12 05:00:52,32.0,20.48,15.0,Failed,105.0,102.0,440.52,21.51,App,,N,Holiday,September,2025,Rainy,31.4
SESS001424,STN0046,Kolkata Power Station,Kolkata,West Bengal,highway,CHG00234,,GB/T,22.0,Car,,23-01-2025 19:27:34,23-01-2025 20:06:34,39.0,18.07,3.0,Failed,-5.0,,247.38,13.69,Cash,,yes,Weekday,January,2025,Humid,36.6
SESS001876,STN0152,Chandigarh Power Station,Chandigarh,Punjab,Hotel,CHG00479,DC fast,ccs2,,SUV,,29-03-2024 23:23:53,2024-03-30 00:26:53,63.0,42.27,0.0,Failed,-5.0,150.0,668.29,15.81,Wallet,,Yes,Holiday,March,2024,Sunny,23.8
SESS000921,STN0164,Noida Fast Charge Center,Noida,Uttar Pradesh,Hotel,CHG00599,AC,GB/T,120.0,Car,TVS iQube,12-09-2024 12:26:10,2024-09-12 12:59:10,,12.89,0.0,Failed,,,104.54,8.11,upi,Individual,N,Weekday,September,2024,,25.9
SESS000650,STN0069,kolkata Power Station,kolkata,West Bengal,Highway,CHG00250,DC fast,GB/T,22.0,2 Wheeler,Ather 450X,23/03/2025 17:00,23-03-2025 17:27:21,27.0,31.21,0.0,Failed,18.8,150.0,514.03,16.47,UPI,Commercial,Yes,Weekend,March,2025,,31.3
SESS001501,STN0093,Kolkata EV Hub,Kolkata,WEST BENGAL,Hotel,CHG00833,DC fast,Type 2,30.0,Car,,09-12-2024 13:06:32,,27.0,32.02,40.0,Failed,29.4,,,18.17,,Commercial,No,Weekday,December,2024,Humid,31.1
SESS001626,STN0118,Indore EV Hub,Indore,Madhya Pradesh,Residential,CHG00578,,Type 2,60.0,3-Wheeler,Ather 450X,17-07-2021 11:39:10,2021-07-17 12:31:10,52.0,47.61,0.0,Completed,-5.0,,1019.81,,Cash,Commercial,,Weekend,July,2021,Humid,23.9
SESS001849,STN0166,gurugram EV Hub,gurugram,Haryana,Hotel,CHG00059,DC Fast,CHAdeMO,,Bus,TVS iQube,11/04/2024 21:53,2024-04-11 22:10:12,17.0,2.4,15.0,Completed,,150.0,27.96,11.65,UPI,,,Weekend,April,2024,,23.7
SESS001250,STN0098,PATNA FAST CHARGE CENTER,Patna,Bihar,Highway,CHG00731,AC,GB/T,7.2,3-Wheeler,Mahindra XUV400,2023-10-07 14:48:00,2023-10-07 15:38:00,50.0,29.29,,Completed,-5.0,88.9,551.24,18.82,,Fleet,no,Weekday,October,2023,Sunny,32.8
SESS000187,STN0146,Jaipur Power Station,Jaipur,Rajasthan,Hotel,CHG00821,AC,,60.0,3-Wheeler,TVS iQube,26/12/2023 06:19,2023-12-26 07:39:27,,31.68,0.0,Cancelled,105.0,150.0,384.6,12.14,Card,Individual,N,Weekday,December,2023,Foggy,34.5
SESS000467,STN0151,Noida Power Station,Noida,UTTAR PRADESH,highway,CHG00885,DC fast,CCS,30.0,2-Wheeler,,2025-12-25 22:53:47,25/12/2025 23:23,30.0,24.13,,Completed,,,411.9,17.07,App,Fleet,Y,Holiday,December,2025,Cloudy,21.3
SESS000992,STN0051,Gurugram EV Hub,Gurugram,Haryana,Hotel,CHG00285,,GB/T,150.0,Bus,MG ZS EV,31/01/2023 07:51,2023-01-31 08:40:08,,21.53,,completed,,150.0,289.36,13.44,Cash,Commercial,Y,Weekday,January,2023,Foggy,
SESS000514,STN0048,Bhopal Fast Charge Center,Bhopal,Madhya Pradesh,,CHG00785,AC,ccs2,,,TVS iQube,2024-06-13 23:28:41,2024-06-14 00:27:41,59.0,13.5,0.0,completed,9.2,,178.61,13.23,Cash,Fleet,yes,Weekend,June,2024,Foggy,33.6
SESS001066,STN0199,Kochi Charge Point,Kochi,Kerala,Hotel,CHG00370,DC Fast,,7.2,SUV,Tata Nexon EV,2025-02-13 21:08:26,13/02/2025 22:32,84.0,16.27,18.0,COMPLETED,9.7,150.0,296.6,18.23,App,Commercial,Y,Weekend,February,2025,Sunny,23.7
SESS001648,STN0242,Delhi EV Hub,Delhi,Delhi,highway,CHG00733,ac,GB/T,50.0,3-Wheeler,BYD Atto 3,2024-08-26 08:04:37,26/08/2024 09:10,66.0,12.78,0.0,COMPLETED,105.0,99.0,142.5,,Card,,No,Holiday,August,2024,Humid,22.2
SESS000669,STN0087,Jaipur Fast Charge Center,Jaipur,Rajasthan,highway,CHG00547,DC Fast,GB/T,60.0,Bus,Tata Tiago EV,11/04/2022 12:44,11/04/2022 13:09,25.0,33.88,,COMPLETED,105.0,,461.45,13.62,Card,,no,Holiday,April,2022,Cloudy,13.2
SESS000740,STN0231,Ahmedabad EV Hub,Ahmedabad,Gujarat,Parking,CHG00232,,CHAdeMO,120.0,2-Wheeler,Ola S1 Pro,17/04/2024 10:55,17-04-2024 11:06:01,11.0,27.88,27.0,Cancelled,-5.0,150.0,361.6,12.97,,Individual,Y,Holiday,April,2024,Foggy,34.8
SESS001654,STN0187,gurugram power station,Gurugram,Haryana,,CHG00388,DC fast,CHAdeMO,3.3,,,2024-04-30 08:12:20,2024-04-30 09:08:20,56.0,8.31,10.0,COMPLETED,7.3,,110.36,13.28,App,Fleet,Y,Weekday,April,2024,Rainy,29.7
SESS000862,STN0129,Ahmedabad Power Station,Ahmedabad,Gujarat,Parking,CHG00597,AC,GB/T,50.0,2 Wheeler,,21/05/2023 07:02,21/05/2023 08:06,64.0,4.72,,Cancelled,9.9,,38.42,8.14,App,Fleet,Y,Holiday,May,2023,Cloudy,22.6
SESS001413,STN0039,Kochi Charge Point,Kochi,Kerala,Parking,CHG00862,DC Fast,,50.0,,Tata Nexon EV,2023-07-17 23:57:24,18/07/2023 00:52,55.0,10.97,,COMPLETED,105.0,,201.74,,Wallet,Individual,yes,Weekday,July,2023,Sunny,52.2
SESS001485,STN0143,Bengaluru Charge Point,Bengaluru,Karnataka,,CHG00588,DC fast,GB/T,120.0,3-Wheeler,Mahindra XUV400,02-10-2025 20:09:26,02-10-2025 20:38:26,29.0,41.41,16.0,Completed,,,684.09,16.52,,Fleet,N,Weekday,October,2025,,29.8
SESS000182,STN0155,Delhi Fast Charge Center,Delhi,Delhi,Mall,CHG00073,DC fast,ccs2,150.0,3-Wheeler,Mahindra XUV400,2023-07-09 10:57:37,09/07/2023 11:57,,11.07,,Failed,,150.0,166.94,15.08,UPI,Individual,Y,Holiday,July,2023,Rainy,29.1
SESS000778,STN0092,Lucknow EV Hub,Lucknow,UTTAR PRADESH,Office,CHG00362,DC Fast,CHAdeMO,120.0,Bus,Bajaj Chetak,07/09/2024 10:56,07/09/2024 10:57,1.0,40.7,0.0,Failed,-5.0,150.0,708.59,17.41,Card,Individual,Yes,Weekend,September,2024,Foggy,36.0
SESS000386,STN0141,gurugram Power Station,gurugram,HARYANA,Office,CHG00232,ac,GB/T,120.0,SUV,Citroen eC3,26-02-2024 09:21:50,26-02-2024 09:59:50,38.0,25.76,0.0,Failed,-5.0,,403.4,15.66,Card,Commercial,,Weekend,February,2024,Cloudy,29.5
SESS000420,STN0205,Ahmedabad EV Hub,Ahmedabad,Gujarat,Mall,CHG00346,DC Ultra Fast,,120.0,,,17-05-2025 03:57:40,2025-05-17 04:28:40,31.0,11.5,0.0,COMPLETED,,69.5,117.07,10.18,Cash,Fleet,Y,Weekend,May,2025,,22.1
SESS000001,STN0073,Hyderabad Fast Charge Center,Hyderabad,Telangana,Hotel,CHG00864,ac,ccs2,30.0,Car,Kia EV6,12/05/2025 03:30,,43.0,-32.5,,Cancelled,,60.9,242.69,21.06,UPI,,No,Holiday,May,2025,Sunny,20.5
SESS000488,STN0002,INDORE FAST CHARGE CENTER,indore,Madhya Pradesh,Highway,CHG00294,AC,Type 2,,SUV,BYD Atto 3,2021-01-11 03:47:38,2021-01-11 05:25:38,98.0,33.7,0.0,Completed,,85.7,304.31,9.03,upi,Individual,,Weekday,January,2021,Cloudy,36.8
SESS000910,STN0126,kochi ev hub,Kochi,Kerala,Parking,CHG00534,AC,CHAdeMO,60.0,,Hyundai Kona,13-03-2022 00:52:08,13-03-2022 01:49:08,57.0,26.27,0.0,COMPLETED,105.0,77.8,316.55,12.05,UPI,Fleet,yes,Weekday,March,2022,Rainy,33.0
SESS000192,STN0019,Surat Fast Charge Center,Surat,Gujarat,Highway,CHG00643,AC,CHAdeMO,,Bus,Mahindra XUV400,2023-06-08 07:44:01,,18.0,,14.0,Completed,-5.0,150.0,369.35,12.55,UPI,Individual,Yes,Weekday,June,2023,Sunny,31.0
SESS000632,STN0177,Pune Fast Charge Center,Pune,Maharashtra,Parking,CHG00651,AC,,50.0,SUV,Citroen eC3,2022-10-04 19:38:08,2022-10-04 19:39:08,1.0,,0.0,Completed,-5.0,97.6,589.23,20.2,upi,Commercial,No,Holiday,October,2022,Sunny,46.3
SESS001649,STN0138,Chandigarh Fast Charge Center,Chandigarh,Punjab,,CHG00134,DC Ultra Fast,GB/T,60.0,2-Wheeler,Ola S1 Pro,2023-11-08 12:01:22,08-11-2023 12:05:22,4.0,36.41,13.0,completed,105.0,74.2,458.4,12.59,Card,Commercial,N,Holiday,November,2023,,31.0
SESS000565,STN0233,Bengaluru Fast Charge Center,Bengaluru,Karnataka,Parking,CHG00516,,Type 2,,,MG ZS EV,16-07-2022 23:45:15,2022-07-17 00:12:15,27.0,27.2,,Completed,105.0,150.0,355.23,13.06,Card,Commercial,,Holiday,July,2022,Rainy,19.8
SESS001669,STN0152,Kochi Power Station,Kochi,Kerala,Office,CHG00721,AC,CHAdeMO,,,Tata Tiago EV,24-01-2025 14:50:10,2025-01-24 14:51:10,1.0,28.67,0.0,Cancelled,,81.9,573.4,20.0,App,Individual,no,Holiday,January,2025,Foggy,28.0
SESS001434,STN0240,Gurugram Fast Charge Center,Gurugram,haryana,highway,CHG00190,ac,CHAdeMO,,Car,Bajaj Chetak,02/04/2024 05:56,02-04-2024 06:56:51,60.0,17.09,14.0,Cancelled,-5.0,67.4,321.98,18.84,upi,,No,Weekend,April,2024,,32.8
SESS000134,STN0015,Ahmedabad Charge Point,Ahmedabad,Gujarat,,CHG00075,AC,,120.0,Car,MG ZS EV,16-08-2021 09:31:55,16-08-2021 09:59:55,28.0,-22.27,3.0,Completed,-5.0,83.0,435.72,18.98,UPI,Commercial,No,Holiday,August,2021,,34.3
SESS001091,STN0202,patna EV Hub,patna,bihar,Hotel,CHG00734,DC Fast,CHAdeMO,,2-Wheeler,Ola S1 Pro,22-09-2025 01:18:54,22/09/2025 02:11,53.0,0.1,42.0,Failed,,72.9,1.04,10.42,UPI,Individual,Yes,Weekday,September,2025,Humid,34.5
SESS000137,STN0190,Jaipur Fast Charge Center,Jaipur,Rajasthan,,CHG00447,AC,Type 2,60.0,Bus,BYD Atto 3,26/11/2025 07:06,26/11/2025 07:24,18.0,23.62,,COMPLETED,30.5,150.0,196.05,8.3,Wallet,Individual,Y,Holiday,November,2025,Rainy,27.7
SESS001059,STN0202,Surat Charge Point,Surat,Gujarat,Parking,CHG00203,AC,,30.0,3-Wheeler,Citroen eC3,04-07-2022 08:52:18,04-07-2022 09:41:18,49.0,22.27,,COMPLETED,10.4,,187.96,8.44,Cash,,Y,Holiday,July,2022,Foggy,27.5
SESS001022,STN0212,Delhi EV Hub,Delhi,Delhi,Mall,CHG00869,ac,CHAdeMO,50.0,2 Wheeler,,17-01-2023 04:00:45,17-01-2023 05:24:45,84.0,27.65,,completed,105.0,150.0,351.43,12.71,App,,No,Holiday,January,2023,Humid,28.7
SESS000696,STN0012,Bengaluru Power Station,Bengaluru,Karnataka,Parking,CHG00881,ac,CCS,60.0,2-Wheeler,Kia EV6,23/03/2022 15:27,23-03-2022 15:40:04,13.0,8.36,,Completed,105.0,,111.94,13.39,Wallet,,no,Weekend,March,2022,Cloudy,
SESS000770,STN0237,Noida Fast Charge Center,noida,Uttar Pradesh,highway,CHG00724,AC,ccs2,60.0,,Ola S1 Pro,20/12/2023 00:51,2023-12-20 02:01:26,70.0,30.93,,COMPLETED,105.0,66.2,450.03,14.55,App,Commercial,,Holiday,December,2023,Cloudy,35.6
SESS001466,STN0006,Chennai EV Hub,Chennai,Tamil Nadu,Highway,CHG00666,AC,,30.0,2 Wheeler,TVS iQube,31-08-2025 05:16:41,31-08-2025 06:39:41,83.0,,16.0,completed,-5.0,150.0,173.67,13.38,,Fleet,No,Weekday,August,2025,Cloudy,43.2
SESS000724,STN0048,Mumbai EV Hub,Mumbai,MAHARASHTRA,Office,CHG00251,DC Ultra Fast,CHAdeMO,150.0,Car,MG ZS EV,21-05-2023 22:36:29,21/05/2023 23:08,32.0,17.22,0.0,COMPLETED,105.0,82.5,211.63,12.29,upi,Commercial,N,Weekend,May,2023,,26.1
SESS001367,STN0060,Ahmedabad Power Station,Ahmedabad,Gujarat,Hotel,CHG00513,,GB/T,50.0,Bus,Kia EV6,2021-10-20 07:30:59,20-10-2021 08:03:59,33.0,18.34,2.0,completed,18.0,,375.24,20.46,Card,,Y,Weekday,October,2021,Foggy,24.6
SESS000979,STN0057,Indore Fast Charge Center,indore,Madhya Pradesh,Mall,CHG00507,DC Ultra Fast,ccs2,120.0,Bus,BYD Atto 3,22/09/2023 19:40,22/09/2023 20:23,,2.18,29.0,Cancelled,,62.7,20.38,9.35,Wallet,Individual,,Weekend,September,2023,Foggy,32.6
SESS001570,STN0104,Kochi Charge Point,Kochi,Kerala,,CHG00532,DC fast,Type 2,,,Kia EV6,09-02-2021 11:18:43,09/02/2021 12:37,79.0,21.37,0.0,Failed,,150.0,224.81,10.52,Wallet,Individual,,Weekday,February,2021,Cloudy,28.6
SESS001606,STN0051,Pune EV Hub,Pune,Maharashtra,Office,CHG00382,DC fast,,120.0,2-Wheeler,,08-04-2025 09:16:55,08/04/2025 09:49,33.0,19.39,0.0,COMPLETED,-5.0,84.0,353.09,18.21,Wallet,Fleet,no,Holiday,April,2025,Rainy,18.3
SESS000418,STN0151,Chandigarh Power Station,Chandigarh,PUNJAB,highway,CHG00793,AC,CHAdeMO,7.2,2-Wheeler,Citroen eC3,05-02-2021 14:03:59,05-02-2021 14:58:59,55.0,22.12,,COMPLETED,7.8,,397.94,17.99,Card,Fleet,,Holiday,February,2021,Humid,33.4
SESS001384,STN0213,Noida EV Hub,Noida,Uttar Pradesh,highway,CHG00107,ac,CCS,,2 Wheeler,Ather 450X,25/07/2024 23:39,2024-07-26 00:23:17,44.0,32.46,13.0,COMPLETED,,87.2,557.34,17.17,,Commercial,,Weekday,July,2024,Foggy,23.6
SESS001410,STN0040,Noida Power Station,Noida,Uttar Pradesh,Parking,CHG00369,ac,Type 2,7.2,,,29-10-2023 10:28:09,,8.0,4.44,,COMPLETED,9.3,70.5,92.09,20.74,UPI,Fleet,yes,Weekend,October,2023,Humid,34.4
SESS001468,STN0106,KOCHI EV HUB,Kochi,Kerala,Office,CHG00636,DC fast,CHAdeMO,3.3,3-Wheeler,BYD Atto 3,2025-05-05 12:03:16,05/05/2025 12:48,45.0,11.04,7.0,Cancelled,,,92.74,8.4,App,Fleet,,Weekday,May,2025,,25.8
SESS001015,STN0006,Bengaluru Fast Charge Center,Bengaluru,Karnataka,Hotel,CHG00361,AC,Type 2,3.3,2-Wheeler,Hyundai Kona,2023-12-26 16:36:06,,60.0,1.82,0.0,completed,15.6,60.3,22.06,12.12,Card,Commercial,N,Holiday,December,2023,Cloudy,25.0
SESS001386,STN0089,Delhi Charge Point,Delhi,Delhi,Office,CHG00345,AC,CHAdeMO,22.0,2-Wheeler,Kia EV6,2024-04-07 01:05:20,2024-04-07 02:17:20,72.0,23.47,0.0,Completed,,78.6,336.33,14.33,App,,N,Holiday,April,2024,Sunny,30.6
SESS001718,STN0207,Jaipur Charge Point,Jaipur,RAJASTHAN,,CHG00088,AC,CCS,60.0,3-Wheeler,TVS iQube,20-12-2021 20:20:25,20-12-2021 21:36:25,,,0.0,Cancelled,-5.0,150.0,494.85,17.23,UPI,,,Holiday,December,2021,Sunny,
SESS000545,STN0219,Surat Charge Point,Surat,Gujarat,Parking,CHG00735,DC Fast,ccs2,,3-Wheeler,MG ZS EV,31/12/2022 17:28,31/12/2022 18:07,39.0,26.87,,Failed,,150.0,587.92,21.88,App,,Yes,Holiday,December,2022,Humid,24.4
SESS000858,STN0204,Pune EV Hub,Pune,Maharashtra,Residential,CHG00558,AC,Type 2,,SUV,BYD Atto 3,2025-04-12 10:19:44,2025-04-12 10:18:44,-1.0,14.08,2.0,completed,105.0,76.4,124.47,8.84,App,,Yes,Weekend,April,2025,Foggy,25.6
SESS000209,STN0112,Kolkata EV Hub,Kolkata,West Bengal,Highway,CHG00149,DC fast,GB/T,3.3,2 Wheeler,Tata Tiago EV,2023-05-08 02:00:43,08/05/2023 03:23,83.0,5.27,0.0,completed,27.8,,63.77,12.1,upi,,No,Holiday,May,2023,,26.0
SESS000887,STN0031,Kochi Fast Charge Center,Kochi,Kerala,Mall,CHG00298,DC fast,CCS,30.0,,Tata Nexon EV,2021-08-07 11:43:27,07-08-2021 13:01:27,78.0,2.08,6.0,completed,,90.6,41.02,19.72,Cash,,yes,Holiday,August,2021,Foggy,
SESS001229,STN0057,Pune EV Hub,Pune,Maharashtra,Hotel,CHG00319,,ccs2,120.0,2-Wheeler,Hyundai Kona,12/09/2023 17:18,2023-09-12 16:52:45,-26.0,27.72,0.0,COMPLETED,105.0,150.0,258.9,9.34,UPI,Commercial,No,Weekend,September,2023,,26.0
SESS001886,STN0093,Gurugram Charge Point,Gurugram,Haryana,Residential,CHG00261,DC Ultra Fast,CHAdeMO,150.0,2 Wheeler,Ather 450X,09/02/2021 00:04,2021-02-09 01:20:24,76.0,49.1,0.0,Failed,-5.0,90.5,905.89,18.45,,Fleet,Y,Weekday,February,2021,Rainy,26.5
SESS001084,STN0068,Patna EV Hub,Patna,BIHAR,Office,CHG00405,,ccs2,30.0,3-Wheeler,Mahindra XUV400,31/07/2021 19:02,31-07-2021 19:55:06,53.0,18.93,0.0,COMPLETED,-5.0,,165.07,,upi,,no,Weekday,July,2021,Sunny,22.5
SESS000611,STN0013,Pune EV Hub,pune,Maharashtra,Residential,CHG00175,,GB/T,7.2,Bus,Mahindra XUV400,01/05/2021 20:31,2021-05-01 21:01:15,30.0,29.84,,Cancelled,-5.0,150.0,263.49,,Wallet,,,Weekend,May,2021,Sunny,18.7
SESS000634,STN0069,Pune Charge Point,Pune,Maharashtra,Parking,CHG00228,DC fast,GB/T,7.2,Car,Ather 450X,20-04-2023 18:59:40,20-04-2023 19:13:40,14.0,21.26,,Cancelled,12.4,93.2,354.19,16.66,App,Commercial,N,Weekend,April,2023,Sunny,22.5
SESS000986,STN0180,Lucknow Power Station,Lucknow,Uttar Pradesh,Highway,CHG00868,DC fast,,,Bus,Tata Tiago EV,06/12/2024 21:06,06/12/2024 22:22,76.0,36.38,,COMPLETED,9.6,65.4,524.24,14.41,upi,Fleet,N,Weekday,December,2024,Sunny,26.2
SESS000978,STN0055,Chennai Fast Charge Center,Chennai,Tamil Nadu,highway,CHG00150,DC Fast,ccs2,60.0,SUV,Mahindra XUV400,19-03-2025 04:09:16,19/03/2025 05:33,,6.82,1.0,Failed,105.0,150.0,84.64,12.41,Wallet,,N,Holiday,March,2025,Humid,29.4
SESS000839,STN0084,Delhi EV Hub,Delhi,Delhi,Office,CHG00009,AC,GB/T,60.0,2 Wheeler,Ola S1 Pro,18/06/2025 07:58,18-06-2025 09:05:35,67.0,0.1,,Failed,38.4,150.0,1.79,,Card,Fleet,Y,Weekend,June,2025,Humid,32.0
SESS001984,STN0205,Chennai Charge Point,Chennai,Tamil Nadu,,CHG00236,DC Fast,Type 2,120.0,,MG ZS EV,21-03-2021 14:34:59,2021-03-21 15:53:59,79.0,19.93,,Cancelled,105.0,150.0,260.29,13.06,Card,Commercial,yes,Weekend,March,2021,Rainy,24.1
SESS001345,STN0111,Gurugram Charge Point,Gurugram,Haryana,highway,CHG00420,DC Ultra Fast,GB/T,3.3,Bus,Hyundai Kona,27/02/2023 02:07,2023-02-27 03:45:53,98.0,0.1,0.0,Failed,35.5,,0.81,8.09,Wallet,Individual,Yes,Weekday,February,2023,Foggy,25.9
SESS000476,STN0218,Patna Fast Charge Center,Patna,Bihar,Residential,CHG00310,DC Ultra Fast,Type 2,,Bus,Citroen eC3,11-04-2023 11:52:57,11/04/2023 12:36,44.0,8.17,0.0,Completed,105.0,69.4,131.29,16.07,,Commercial,no,Weekday,April,2023,Cloudy,33.8
SESS001625,STN0044,patna Power Station,patna,Bihar,Highway,CHG00729,AC,Type 2,50.0,,TVS iQube,03/10/2022 20:50,03-10-2022 21:18:55,28.0,42.14,,Completed,37.6,71.1,554.56,13.16,Card,Individual,Y,Weekday,October,2022,Humid,
SESS000756,STN0094,Mumbai Fast Charge Center,Mumbai,Maharashtra,Residential,CHG00301,DC Fast,CCS,120.0,Car,TVS iQube,28/11/2021 01:41,28/11/2021 02:41,60.0,25.38,0.0,Completed,-5.0,90.9,323.34,12.74,Card,Individual,yes,Weekday,November,2021,,32.3
SESS000433,STN0054,Indore Fast Charge Center,indore,madhya pradesh,Mall,CHG00531,AC,Type 2,7.2,Car,Ola S1 Pro,2021-11-19 09:40:40,19-11-2021 10:24:40,44.0,0.1,0.0,Cancelled,105.0,90.3,1.5,15.02,UPI,Commercial,no,Holiday,November,2021,Humid,42.2
SESS000974,STN0213,Noida Charge Point,Noida,Uttar Pradesh,Parking,CHG00105,DC Ultra Fast,CHAdeMO,120.0,2-Wheeler,Mahindra XUV400,28-03-2022 17:27:15,28-03-2022 18:01:15,34.0,32.13,18.0,Cancelled,7.0,96.1,351.5,10.94,Card,Individual,no,Holiday,March,2022,Foggy,28.7
SESS001919,STN0202,Ahmedabad Fast Charge Center,Ahmedabad,Gujarat,,CHG00639,ac,CCS,150.0,Bus,Mahindra XUV400,17/08/2022 18:46,17/08/2022 20:09,83.0,10.81,0.0,Cancelled,105.0,67.1,166.91,15.44,UPI,Individual,yes,Weekday,August,2022,Rainy,36.6
SESS000072,STN0179,Hyderabad Charge Point,Hyderabad,Telangana,Highway,CHG00852,DC Fast,CCS,120.0,2 Wheeler,TVS iQube,24/04/2022 10:21,24/04/2022 11:29,68.0,18.52,5.0,Failed,,65.6,382.81,20.67,Wallet,,Yes,Weekday,April,2022,Foggy,31.9
SESS000027,STN0071,Mumbai EV Hub,Mumbai,Maharashtra,,CHG00681,ac,GB/T,7.2,3-Wheeler,,2024-12-29 09:13:59,29/12/2024 10:13,60.0,26.47,0.0,Cancelled,105.0,,307.85,11.63,Card,,No,Holiday,December,2024,,27.3
SESS001433,STN0109,Chandigarh Charge Point,Chandigarh,Punjab,Hotel,CHG00878,DC Fast,CHAdeMO,120.0,3-Wheeler,Ola S1 Pro,17/02/2024 03:44,17/02/2024 04:01,17.0,0.1,12.0,Cancelled,-5.0,150.0,1.72,,Card,Fleet,N,Weekend,February,2024,Sunny,24.4
SESS001629,STN0133,Surat EV Hub,Surat,Gujarat,Office,CHG00296,DC Ultra Fast,,30.0,,Ather 450X,2023-12-11 19:37:21,11-12-2023 20:01:21,24.0,14.93,0.0,COMPLETED,8.9,150.0,180.06,12.06,UPI,Fleet,yes,Weekday,December,2023,Sunny,
SESS001351,STN0088,Gurugram Fast Charge Center,Gurugram,Haryana,Hotel,CHG00146,DC fast,Type 2,150.0,Bus,Citroen eC3,2025-10-28 07:05:13,28/10/2025 07:33,28.0,6.98,,Failed,,,71.55,10.25,upi,,Y,Weekday,October,2025,Foggy,27.2
SESS001586,STN0228,Mumbai Power Station,Mumbai,Maharashtra,Highway,CHG00005,ac,Type 2,120.0,Car,Kia EV6,25-07-2022 09:51:33,2022-07-25 11:06:33,75.0,0.1,,Failed,12.0,,1.39,13.89,UPI,Fleet,Y,Weekend,July,2022,Humid,26.3
SESS000434,STN0139,Lucknow Fast Charge Center,Lucknow,Uttar Pradesh,Hotel,CHG00841,DC fast,CHAdeMO,30.0,2-Wheeler,Mahindra XUV400,01-03-2025 10:18:49,01-03-2025 11:42:49,84.0,33.97,0.0,completed,,,398.47,11.73,Wallet,Commercial,Y,Weekday,March,2025,Humid,35.7
SESS000347,STN0152,Delhi EV Hub,Delhi,Delhi,Parking,CHG00325,DC fast,CHAdeMO,,SUV,TVS iQube,27/10/2023 12:44,27-10-2023 13:47:30,63.0,6.1,,Failed,,,73.2,12.0,App,Fleet,No,Weekend,October,2023,Humid,
SESS001878,STN0210,Ahmedabad EV Hub,Ahmedabad,Gujarat,,CHG00273,,CHAdeMO,3.3,,Bajaj Chetak,15/04/2022 18:35,15/04/2022 20:08,93.0,5.92,6.0,completed,-5.0,150.0,62.69,,Card,,no,Holiday,April,2022,Cloudy,
SESS001611,STN0023,Kochi EV Hub,Kochi,Kerala,highway,CHG00259,,GB/T,3.3,SUV,MG ZS EV,15-09-2022 20:27:33,15/09/2022 20:36,9.0,13.84,0.0,COMPLETED,-5.0,,210.64,15.22,Wallet,Individual,N,Weekend,September,2022,Foggy,31.6
SESS000445,STN0076,Kochi Charge Point,Kochi,kerala,Residential,CHG00451,AC,Type 2,150.0,Bus,,04-08-2021 01:06:50,04/08/2021 02:03,57.0,-40.96,,completed,,,194.2,13.62,UPI,Fleet,N,Weekday,August,2021,,
SESS000690,STN0026,Pune EV Hub,Pune,Maharashtra,Parking,CHG00485,AC,CHAdeMO,150.0,3-Wheeler,Hyundai Kona,2023-06-21 02:42:58,2023-06-21 03:15:58,33.0,38.2,0.0,COMPLETED,105.0,150.0,676.9,17.72,App,Commercial,Yes,Weekend,June,2023,Sunny,34.0
SESS000223,STN0129,Gurugram Power Station,gurugram,Haryana,Hotel,CHG00196,ac,Type 2,60.0,Car,Mahindra XUV400,09/05/2023 01:23,09-05-2023 02:32:17,69.0,29.72,0.0,Completed,105.0,,526.94,17.73,UPI,Individual,Yes,Weekend,May,2023,Foggy,29.9
SESS000231,STN0131,Jaipur Fast Charge Center,Jaipur,Rajasthan,Residential,CHG00706,ac,,7.2,Bus,TVS iQube,09-01-2023 14:56:04,09-01-2023 16:08:04,72.0,8.84,26.0,Completed,105.0,81.7,87.52,,,Individual,yes,Weekend,January,2023,Humid,36.4
SESS000667,STN0167,Delhi Charge Point,Delhi,Delhi,,CHG00737,DC fast,CHAdeMO,150.0,3-Wheeler,BYD Atto 3,2024-05-31 04:53:33,31/05/2024 05:41,48.0,17.46,3.0,COMPLETED,,,184.73,,UPI,Fleet,N,Weekend,May,2024,Cloudy,21.8
SESS000483,STN0118,Kolkata EV Hub,Kolkata,West Bengal,highway,CHG00622,DC Ultra Fast,Type 2,50.0,,TVS iQube,2023-10-09 08:27:05,2023-10-09 08:55:05,28.0,33.85,31.0,Failed,17.1,68.1,657.37,19.42,,Commercial,no,Weekend,October,2023,Sunny,31.6
SESS001035,STN0056,Chandigarh EV Hub,Chandigarh,punjab,Hotel,CHG00008,DC fast,CCS,30.0,Bus,,08-01-2022 22:11:19,08/01/2022 22:31,20.0,26.31,0.0,Cancelled,19.2,150.0,331.24,12.59,Card,,No,Weekday,January,2022,Sunny,25.0
SESS001949,STN0234,Gurugram Power Station,Gurugram,Haryana,Residential,CHG00026,DC Ultra Fast,,22.0,2 Wheeler,Tata Tiago EV,04-03-2024 16:00:00,2024-03-04 16:01:00,1.0,23.32,0.0,Failed,-5.0,85.7,365.89,15.69,,Commercial,no,Weekend,March,2024,Sunny,
SESS001070,STN0121,Pune EV Hub,Pune,Maharashtra,Residential,CHG00501,DC fast,CCS,30.0,Car,Hyundai Kona,06/01/2022 00:09,2022-01-06 01:12:29,63.0,13.22,0.0,Completed,7.1,150.0,253.56,19.18,Cash,Commercial,no,Holiday,January,2022,,30.6
SESS001978,STN0087,Indore Fast Charge Center,Indore,Madhya Pradesh,Hotel,CHG00769,,Type 2,50.0,Car,Ather 450X,20/10/2023 02:22,2023-10-20 03:19:09,57.0,17.67,0.0,Cancelled,105.0,,305.87,17.31,Wallet,Commercial,No,Weekday,October,2023,Sunny,44.2
SESS001593,STN0031,Pune Fast Charge Center,Pune,Maharashtra,Residential,CHG00340,DC Ultra Fast,CCS,,Bus,Ather 450X,21-09-2022 08:00:25,2022-09-21 08:33:25,33.0,,0.0,Completed,105.0,,95.02,11.56,Card,,No,Weekday,September,2022,,28.4
SESS001125,STN0121,Indore Power Station,Indore,Madhya Pradesh,Hotel,CHG00296,DC Ultra Fast,GB/T,120.0,SUV,MG ZS EV,17/08/2022 00:57,2022-08-17 02:06:54,69.0,19.14,6.0,Completed,,150.0,373.8,19.53,upi,,Yes,Weekend,August,2022,Humid,31.2
SESS000736,STN0129,Indore EV Hub,Indore,MADHYA PRADESH,highway,CHG00299,DC Fast,ccs2,120.0,Car,MG ZS EV,02-11-2021 19:22:46,02-11-2021 19:23:46,1.0,3.85,0.0,Completed,,98.2,78.85,20.48,Card,Fleet,No,Holiday,November,2021,,28.2
SESS000661,STN0008,Lucknow Charge Point,Lucknow,Uttar Pradesh,highway,CHG00050,DC Fast,ccs2,150.0,2 Wheeler,Citroen eC3,2022-11-25 12:30:23,25-11-2022 13:57:23,87.0,24.42,0.0,Cancelled,,,341.39,13.98,upi,Fleet,no,Weekday,November,2022,Humid,25.8
SESS001507,STN0007,noida power station,Noida,Uttar Pradesh,Parking,CHG00706,DC Fast,CCS,60.0,2-Wheeler,Tata Tiago EV,2023-06-20 06:26:07,20-06-2023 06:37:07,11.0,22.65,9.0,Failed,36.6,90.6,485.62,21.44,App,Individual,No,Weekend,June,2023,Cloudy,31.6
SESS001357,STN0182,HYDERABAD POWER STATION,Hyderabad,Telangana,,CHG00587,DC Fast,CHAdeMO,120.0,Car,MG ZS EV,28/07/2022 05:30,28-07-2022 06:08:43,38.0,37.49,1.0,Failed,105.0,150.0,803.41,21.43,upi,Fleet,Y,Weekend,July,2022,Humid,26.3
SESS001407,STN0168,Bhopal Fast Charge Center,Bhopal,Madhya Pradesh,Mall,CHG00384,,CCS,,Car,BYD Atto 3,18-10-2022 20:00:09,18/10/2022 21:03,63.0,27.76,0.0,Completed,-5.0,85.5,418.9,15.09,upi,Fleet,,Weekday,October,2022,Foggy,17.5
SESS001467,STN0111,Ahmedabad EV Hub,Ahmedabad,Gujarat,,CHG00741,DC Ultra Fast,GB/T,3.3,3-Wheeler,Kia EV6,24/04/2025 13:35,24/04/2025 14:10,35.0,0.1,,Completed,105.0,,1.64,16.4,App,Fleet,,Weekend,April,2025,Rainy,23.7
SESS001746,STN0198,Mumbai Charge Point,Mumbai,Maharashtra,Office,CHG00761,DC Ultra Fast,ccs2,120.0,2-Wheeler,Kia EV6,05-10-2025 00:21:28,05-10-2025 02:01:28,100.0,4.87,,COMPLETED,12.3,,43.68,8.97,App,Fleet,no,Holiday,October,2025,Sunny,24.2
SESS000432,STN0156,Jaipur EV Hub,Jaipur,Rajasthan,Office,CHG00634,AC,,60.0,,Kia EV6,11/08/2023 07:56,11-08-2023 08:25:15,,5.37,16.0,COMPLETED,105.0,150.0,115.78,21.56,upi,Commercial,Yes,Weekend,August,2023,Sunny,28.4
SESS000465,STN0113,Patna EV Hub,Patna,Bihar,Mall,CHG00132,DC Ultra Fast,,60.0,Bus,MG ZS EV,17/02/2023 00:50,17/02/2023 01:32,42.0,24.24,0.0,Completed,105.0,,281.91,11.63,Wallet,,N,Weekday,February,2023,Sunny,27.9
SESS001236,STN0010,bhopal power station,Bhopal,MADHYA PRADESH,highway,CHG00364,DC Ultra Fast,Type 2,50.0,3-Wheeler,Tata Nexon EV,10/08/2021 06:04,2021-08-10 06:51:27,47.0,8.92,0.0,Completed,-5.0,,91.79,,Card,Individual,N,Holiday,August,2021,Sunny,24.2
SESS000005,STN0165,  Bengaluru Fast Charge Center ,Bengaluru,Karnataka,Highway,CHG00806,AC,CCS,22.0,,MG ZS EV,05-01-2022 22:41:06,05-01-2022 22:54:06,13.0,14.51,10.0,Cancelled,105.0,150.0,296.44,20.43,upi,Individual,No,Weekend,January,2022,Rainy,16.1
SESS001996,STN0140,Indore Charge Point,Indore,Madhya Pradesh,highway,CHG00330,DC fast,CCS,7.2,2-Wheeler,Bajaj Chetak,13-06-2025 06:28:18,13/06/2025 07:13,45.0,3.53,,Failed,21.9,72.7,40.03,11.34,Wallet,Commercial,N,Weekday,June,2025,Sunny,34.8
SESS001156,STN0147,Indore Charge Point,Indore,Madhya Pradesh,Residential,CHG00584,DC fast,,60.0,Car,Hyundai Kona,2025-04-18 00:15:06,18-04-2025 01:41:06,86.0,14.9,,completed,105.0,92.3,160.32,10.76,Wallet,,no,Holiday,April,2025,Rainy,27.4
SESS000834,STN0088,Ahmedabad Fast Charge Center,Ahmedabad,  Gujarat ,Highway,CHG00383,ac,,22.0,3-Wheeler,Bajaj Chetak,05/03/2022 06:57,2022-03-05 07:30:38,33.0,15.13,0.0,Failed,12.9,77.1,260.99,17.25,App,Individual,yes,Weekday,March,2022,Cloudy,27.5
SESS000592,STN0173,JAIPUR EV HUB,jaipur,RAJASTHAN,Mall,CHG00031,,CHAdeMO,3.3,SUV,Mahindra XUV400,2021-12-28 00:04:17,2021-12-28 00:28:17,24.0,15.39,,Failed,105.0,,184.22,11.97,Cash,,Y,Holiday,December,2021,Foggy,25.2
SESS000708,STN0221,mumbai EV Hub,mumbai,Maharashtra,Highway,CHG00846,AC,ccs2,120.0,,Citroen eC3,2021-07-11 09:34:08,11/07/2021 09:35,1.0,32.97,,COMPLETED,13.8,150.0,305.63,9.27,App,Commercial,Yes,Holiday,July,2021,Humid,28.6
SESS001562,STN0089,Hyderabad Charge Point,Hyderabad,Telangana,Parking,CHG00426,AC,CHAdeMO,22.0,Bus,TVS iQube,13/09/2023 13:19,13/09/2023 14:10,51.0,7.33,,Cancelled,-5.0,150.0,157.16,21.44,Cash,Individual,N,Weekday,September,2023,Rainy,36.9
SESS000237,STN0238,jaipur Charge Point,jaipur,RAJASTHAN,Mall,CHG00335,,ccs2,120.0,Car,Ather 450X,09/07/2025 12:51,2025-07-09 13:16:46,25.0,23.38,0.0,COMPLETED,14.8,,505.94,21.64,Card,Commercial,Yes,Holiday,July,2025,Rainy,18.5
SESS000748,STN0020,  chandigarh Charge Point ,chandigarh,Punjab,Highway,CHG00144,DC fast,,30.0,Bus,Ather 450X,16-02-2021 00:02:34,16/02/2021 00:43,41.0,-46.13,,Cancelled,105.0,60.9,287.2,18.77,Wallet,Individual,Yes,Holiday,February,2021,Sunny,17.7
SESS000630,STN0084,MUMBAI EV HUB,Mumbai,Maharashtra,Hotel,CHG00703,DC fast,CCS,,3-Wheeler,Kia EV6,02/06/2021 11:27,02/06/2021 12:39,72.0,22.26,13.0,completed,-5.0,150.0,205.01,9.21,App,Commercial,yes,Weekday,June,2021,Rainy,20.2
SESS000040,STN0107,Lucknow Fast Charge Center,Lucknow,Uttar Pradesh,Highway,CHG00846,,CHAdeMO,120.0,2 Wheeler,Hyundai Kona,2022-05-01 16:57:14,2022-05-01 18:08:14,71.0,18.85,,completed,29.2,150.0,373.04,19.79,App,Fleet,yes,Weekday,May,2022,Rainy,26.3
SESS001537,STN0245,Pune Fast Charge Center,Pune,Maharashtra,Residential,CHG00403,DC Ultra Fast,CCS,3.3,3-Wheeler,,28-04-2024 23:13:56,29/04/2024 00:37,84.0,17.26,13.0,Failed,-5.0,,311.37,18.04,upi,Fleet,yes,Weekend,April,2024,,34.7
SESS001192,STN0068,Bengaluru EV Hub,Bengaluru,Karnataka,,CHG00390,DC Ultra Fast,CCS,120.0,Car,,15-08-2025 08:22:16,15-08-2025 08:43:16,21.0,14.39,,Failed,105.0,69.3,181.75,12.63,Wallet,Fleet,yes,Weekday,August,2025,Foggy,34.0
SESS000502,STN0108,Surat EV Hub,Surat,Gujarat,highway,CHG00737,ac,Type 2,22.0,Bus,Tata Tiago EV,2023-06-02 12:55:02,2023-06-02 13:37:02,42.0,32.49,0.0,Completed,105.0,79.3,451.29,13.89,App,Individual,Yes,Weekday,June,2023,Foggy,28.2
SESS000008,STN0078,Delhi Fast Charge Center,Delhi,Delhi,Parking,CHG00761,AC,,150.0,2-Wheeler,BYD Atto 3,02/06/2022 02:49,02/06/2022 03:33,44.0,23.56,24.0,Completed,105.0,,413.24,17.54,UPI,Fleet,yes,Holiday,June,2022,Cloudy,29.3
SESS000294,STN0089,Mumbai Power Station,Mumbai,Maharashtra,Highway,CHG00880,DC fast,ccs2,,2 Wheeler,Citroen eC3,2021-08-18 04:48:52,18/08/2021 05:11,23.0,23.57,0.0,COMPLETED,-5.0,150.0,355.67,15.09,UPI,Individual,N,Weekend,August,2021,Foggy,27.7
SESS001159,STN0104,Delhi Fast Charge Center,Delhi,Delhi,Hotel,CHG00715,,CCS,22.0,2 Wheeler,Bajaj Chetak,12/08/2025 07:32,,59.0,12.39,,Cancelled,105.0,150.0,238.26,19.23,Cash,Commercial,yes,Holiday,August,2025,Humid,22.0
SESS001971,STN0030,Hyderabad Charge Point,Hyderabad,Telangana,Parking,CHG00796,DC Ultra Fast,GB/T,22.0,Bus,Tata Nexon EV,2021-10-25 14:34:13,,,0.1,0.0,Completed,-5.0,79.0,1.47,14.71,upi,Individual,Yes,Holiday,October,2021,,46.0
SESS001389,STN0192,Bengaluru EV Hub,Bengaluru,Karnataka,Parking,CHG00002,AC,ccs2,3.3,Bus,Tata Nexon EV,07/05/2022 07:24,07/05/2022 08:03,39.0,8.36,26.0,completed,,87.1,124.98,14.95,Wallet,,,Holiday,May,2022,Foggy,34.7
SESS001692,STN0059,surat Charge Point,surat,Gujarat,Mall,CHG00366,DC Ultra Fast,Type 2,150.0,SUV,Hyundai Kona,2024-11-17 22:28:34,17/11/2024 23:00,32.0,8.94,,Cancelled,,70.5,148.14,16.57,Cash,Fleet,Yes,Holiday,November,2024,Cloudy,28.1
SESS001853,STN0220,Kolkata Power Station,Kolkata,West Bengal,Mall,CHG00026,DC fast,CCS,150.0,SUV,TVS iQube,15/12/2021 02:59,15/12/2021 03:26,27.0,0.1,0.0,completed,20.7,150.0,1.58,,Wallet,Commercial,N,Weekday,December,2021,Humid,31.7
SESS000109,STN0161,Ahmedabad Power Station,Ahmedabad,Gujarat,Highway,CHG00416,DC Fast,Type 2,,SUV,Ola S1 Pro,27-06-2023 18:58:14,27-06-2023 20:06:14,68.0,28.27,0.0,Cancelled,,,,13.78,Card,Fleet,Yes,Holiday,June,2023,Sunny,30.3
SESS001802,STN0233,Patna EV Hub,Patna,Bihar,Residential,CHG00043,AC,,3.3,Car,BYD Atto 3,2024-08-20 15:17:39,2024-08-20 15:18:39,1.0,0.1,0.0,Failed,16.9,150.0,1.7,16.96,upi,Individual,No,Holiday,August,2024,Rainy,31.3
SESS000343,STN0020,Surat EV Hub,Surat,Gujarat,Parking,CHG00283,AC,,22.0,2 Wheeler,Hyundai Kona,31/08/2025 02:30,31/08/2025 03:09,39.0,28.12,0.0,Completed,30.9,89.1,392.27,13.95,upi,Commercial,no,Weekend,August,2025,,34.2
SESS001859,STN0129,Gurugram Power Station,Gurugram,Haryana,Office,CHG00848,,Type 2,7.2,2-Wheeler,TVS iQube,04/06/2024 12:28,2024-06-04 12:41:57,13.0,27.27,0.0,Completed,105.0,150.0,268.88,9.86,App,Individual,No,Weekend,June,2024,,23.8
SESS001890,STN0197,Surat EV Hub,Surat,Gujarat,Mall,CHG00897,AC,ccs2,,3-Wheeler,,03/06/2023 23:31,04/06/2023 00:23,52.0,,10.0,completed,-5.0,73.2,19.2,11.78,Card,Individual,yes,Weekday,June,2023,,41.1
SESS000860,STN0115,Pune Power Station,pune,Maharashtra,Hotel,CHG00571,DC Fast,CCS,,3-Wheeler,Tata Tiago EV,03-10-2022 11:46:08,03/10/2022 12:14,28.0,3.04,,Cancelled,-5.0,150.0,,20.57,Card,Fleet,,Weekday,October,2022,,24.2
SESS000119,STN0227,Chandigarh Power Station,Chandigarh,Punjab,Residential,CHG00643,ac,CCS,,Car,Ola S1 Pro,10-02-2024 04:09:57,10-02-2024 04:50:57,41.0,41.8,0.0,Cancelled,-5.0,150.0,690.12,16.51,Card,Commercial,yes,Holiday,February,2024,,24.7
SESS001481,STN0129,Bengaluru EV Hub,Bengaluru,Karnataka,highway,CHG00117,AC,ccs2,30.0,2-Wheeler,Ather 450X,24/03/2022 01:47,2022-03-24 02:25:13,38.0,29.66,,completed,-5.0,-8.0,350.88,11.83,Card,Individual,No,Weekend,March,2022,Foggy,27.6
SESS000723,STN0175,Patna Power Station,  Patna ,Bihar,,CHG00813,ac,CHAdeMO,30.0,SUV,Kia EV6,2022-04-27 07:41:26,27/04/2022 08:31,50.0,15.17,,Cancelled,6.6,150.0,218.9,14.43,upi,Commercial,yes,Weekend,April,2022,Cloudy,35.4
SESS000808,STN0107,Pune Power Station,PUNE,Maharashtra,Hotel,CHG00248,ac,CCS,3.3,,Ather 450X,2025-01-25 01:17:46,2025-01-25 01:18:46,1.0,3.67,0.0,completed,105.0,150.0,45.88,12.5,Card,Individual,Yes,Weekday,January,2025,Cloudy,16.8
SESS001479,STN0177,Indore Power Station,Indore,Madhya Pradesh,Residential,CHG00417,ac,,7.2,,TVS iQube,27/11/2023 05:56,27-11-2023 07:11:36,75.0,8.01,0.0,COMPLETED,22.7,150.0,174.22,21.75,App,Fleet,No,Weekend,November,2023,Cloudy,50.3
SESS001524,STN0220,Bhopal Fast Charge Center,Bhopal,Madhya Pradesh,Office,CHG00177,AC,CHAdeMO,50.0,2 Wheeler,Ola S1 Pro,2025-03-31 23:28:44,2025-04-01 00:03:44,35.0,24.08,,completed,12.6,64.0,279.09,11.59,App,Individual,,Weekend,March,2025,Foggy,21.6
SESS000522,STN0180,ahmedabad Fast Charge Center,ahmedabad,gujarat,Hotel,CHG00498,,ccs2,60.0,,Tata Tiago EV,2023-03-11 04:33:51,2023-03-11 04:56:51,23.0,35.31,5.0,Failed,27.3,19.3,291.66,8.26,App,Commercial,Yes,Weekday,March,2023,Foggy,16.0
SESS000071,STN0021,Kochi EV Hub,Kochi,Kerala,,CHG00635,AC,Type 2,3.3,2-Wheeler,,07-08-2025 02:09:19,07-08-2025 03:20:19,71.0,2.7,,COMPLETED,,82.1,32.83,,UPI,,,Weekend,August,2025,Foggy,32.7
SESS000405,STN0028,Ahmedabad Power Station,Ahmedabad,Gujarat,,CHG00741,,Type 2,50.0,Bus,Hyundai Kona,20/01/2025 22:01,20-01-2025 22:46:07,45.0,18.42,,Failed,-5.0,150.0,315.53,17.13,Wallet,,,Weekday,January,2025,Rainy,35.0
SESS000047,STN0210,Kolkata Charge Point,Kolkata,West Bengal,Residential,CHG00073,DC Fast,GB/T,60.0,SUV,Tata Tiago EV,2021-07-24 03:49:36,2021-07-24 04:45:36,56.0,8.09,0.0,Completed,,150.0,165.52,20.46,Wallet,Fleet,Y,Holiday,July,2021,,26.8
SESS000254,STN0093,Noida Power Station,Noida,UTTAR PRADESH,Parking,CHG00325,DC fast,GB/T,120.0,2 Wheeler,Kia EV6,04-06-2021 23:27:23,05/06/2021 00:24,57.0,20.42,0.0,completed,12.5,,251.78,12.33,Cash,Commercial,No,Weekday,June,2021,Foggy,
SESS000780,STN0111,Patna Charge Point,Patna,BIHAR,Office,CHG00126,AC,ccs2,120.0,2 Wheeler,Tata Tiago EV,2025-10-22 21:37:30,2025-10-22 21:48:30,11.0,3.93,,Completed,105.0,66.2,60.05,15.28,App,Fleet,N,Holiday,October,2025,,32.1
SESS001469,STN0191,Chandigarh Charge Point,Chandigarh,Punjab,Highway,CHG00241,ac,,,Car,MG ZS EV,2021-10-26 18:20:05,2021-10-26 19:13:05,53.0,14.65,,Failed,25.3,,139.18,9.5,App,Individual,No,Holiday,October,2021,Humid,
SESS000510,STN0064,Lucknow Power Station,Lucknow,Uttar Pradesh,Highway,CHG00506,DC Fast,GB/T,,3-Wheeler,Kia EV6,04/12/2022 00:55,04/12/2022 02:07,72.0,16.55,,COMPLETED,105.0,,,10.6,Cash,Fleet,N,Weekend,December,2022,Humid,21.7
SESS000213,STN0139,Surat EV Hub,Surat,Gujarat,Parking,CHG00644,ac,,50.0,,Kia EV6,06-11-2022 22:13:15,06/11/2022 22:48,35.0,5.48,0.0,Failed,105.0,95.4,59.95,10.94,App,,Yes,Holiday,November,2022,,31.9
SESS001783,STN0178,Hyderabad Charge Point,Hyderabad,Telangana,Residential,CHG00610,,GB/T,50.0,Bus,,2025-06-23 03:57:22,2025-06-23 04:27:22,30.0,35.33,5.0,Completed,-5.0,90.1,408.77,11.57,,Commercial,no,Holiday,June,2025,Rainy,26.9
SESS001110,STN0020,Delhi Fast Charge Center,Delhi,Delhi,highway,CHG00813,DC Ultra Fast,Type 2,150.0,2-Wheeler,Hyundai Kona,03/04/2024 08:23,03/04/2024 09:50,87.0,0.1,0.0,Failed,-5.0,,1.23,12.25,,Individual,no,Holiday,April,2024,Rainy,26.6
SESS001383,STN0050,Chennai EV Hub,Chennai,Tamil Nadu,highway,CHG00673,DC fast,ccs2,,2 Wheeler,MG ZS EV,26-01-2022 10:28:10,2022-01-26 11:45:10,77.0,29.54,0.0,Completed,20.0,,467.62,15.83,Wallet,Fleet,N,Weekday,January,2022,Sunny,35.9
SESS001006,STN0110,Kolkata Charge Point,Kolkata,West Bengal,Residential,CHG00400,DC Ultra Fast,GB/T,3.3,2 Wheeler,TVS iQube,19/06/2021 21:21,19-06-2021 22:39:29,78.0,7.32,4.0,Cancelled,105.0,92.6,145.16,19.83,,Individual,N,Weekend,June,2021,Foggy,31.9
SESS000088,STN0197,Delhi Fast Charge Center,Delhi,Delhi,Hotel,CHG00431,,CCS,60.0,2-Wheeler,Hyundai Kona,2023-07-31 10:47:07,31-07-2023 11:26:07,39.0,14.72,,Failed,105.0,,185.32,12.59,UPI,Commercial,no,Weekend,July,2023,Humid,32.7
SESS000945,STN0172,Chennai Fast Charge Center,chennai,Tamil Nadu,Office,CHG00176,ac,GB/T,,2 Wheeler,Kia EV6,2025-11-03 16:35:17,2025-11-03 17:52:17,77.0,40.5,0.0,Completed,-5.0,77.9,720.5,,upi,Commercial,N,Holiday,November,2025,,22.3
SESS001432,STN0004,Kolkata Power Station,kolkata,West Bengal,Parking,CHG00596,,Type 2,50.0,,,13-11-2025 22:52:01,2025-11-13 23:42:01,50.0,23.24,0.0,Cancelled,105.0,150.0,388.81,16.73,Cash,Commercial,,Weekend,November,2025,Sunny,28.4
SESS001488,STN0207,Kolkata Charge Point,Kolkata,West Bengal,Highway,CHG00577,DC fast,,60.0,2-Wheeler,Tata Nexon EV,26-05-2025 20:05:02,26-05-2025 20:14:02,9.0,0.1,,completed,,,1.33,13.3,Cash,,N,Weekday,May,2025,Rainy,29.3
SESS000629,STN0058,Mumbai EV Hub,Mumbai,  Maharashtra ,Residential,CHG00729,AC,ccs2,50.0,,Hyundai Kona,04-06-2023 03:14:12,04-06-2023 04:37:12,83.0,7.76,,Failed,32.2,150.0,85.9,11.07,App,Commercial,No,Holiday,June,2023,Cloudy,24.8
SESS000616,STN0014,Patna EV Hub,Patna,  Bihar ,Residential,CHG00847,DC Ultra Fast,CCS,60.0,,Kia EV6,2024-11-23 14:17:21,23/11/2024 14:40,23.0,8.15,18.0,Cancelled,5.0,150.0,95.76,11.75,Cash,,Y,Holiday,November,2024,Humid,27.0
SESS001943,STN0151,Patna Power Station,Patna,Bihar,Parking,CHG00287,AC,GB/T,150.0,Bus,MG ZS EV,05/04/2023 19:22,2023-04-05 20:22:12,60.0,35.73,,COMPLETED,18.1,9.100000000000001,471.28,13.19,Cash,Commercial,Yes,Weekend,April,2023,Cloudy,40.3
SESS000289,STN0175,lucknow EV Hub,lucknow,Uttar Pradesh,Highway,CHG00032,DC fast,GB/T,22.0,SUV,Tata Tiago EV,30-03-2023 14:41:14,30-03-2023 15:47:14,66.0,,19.0,completed,105.0,,126.64,8.25,App,,Y,Weekend,March,2023,Foggy,32.9
SESS000990,STN0225,NOIDA CHARGE POINT,Noida,Uttar Pradesh,Mall,CHG00310,AC,CHAdeMO,3.3,SUV,Tata Tiago EV,2025-01-10 15:45:50,10-01-2025 16:36:50,51.0,4.88,,completed,16.3,150.0,66.22,13.57,,Commercial,yes,Holiday,January,2025,Humid,30.5
SESS000471,STN0121,Ahmedabad Charge Point,Ahmedabad,Gujarat,,CHG00221,AC,Type 2,7.2,Bus,Bajaj Chetak,2021-06-07 04:56:30,07-06-2021 05:46:30,50.0,36.42,10.0,COMPLETED,,72.9,417.01,11.45,Wallet,,Y,Weekday,June,2021,Sunny,34.5
SESS001272,STN0224,Patna Power Station,Patna,Bihar,Office,CHG00844,AC,,,,Tata Nexon EV,06/03/2023 10:52,2023-03-06 12:12:54,80.0,3.6,0.0,COMPLETED,105.0,,73.19,20.33,,Commercial,Y,Weekend,March,2023,Sunny,20.1
SESS001678,STN0018,Pune Charge Point,Pune,Maharashtra,Parking,CHG00554,AC,CCS,3.3,SUV,,27-04-2021 08:17:04,27-04-2021 09:08:04,51.0,25.2,,Cancelled,105.0,,304.92,12.1,Cash,Individual,yes,Holiday,April,2021,Cloudy,32.1
SESS000210,STN0083,Surat Charge Point,Surat,GUJARAT,Hotel,CHG00284,ac,GB/T,150.0,2-Wheeler,Mahindra XUV400,2025-08-06 22:35:23,06/08/2025 23:58,83.0,41.66,20.0,COMPLETED,105.0,,776.54,18.64,Card,Individual,,Weekend,August,2025,Cloudy,29.9
SESS000051,STN0135,Patna Power Station,Patna,Bihar,Office,CHG00225,DC Fast,Type 2,,Bus,MG ZS EV,2021-11-03 18:59:29,03-11-2021 19:52:29,53.0,7.73,0.0,Cancelled,,150.0,105.59,13.66,upi,Commercial,No,Holiday,November,2021,Humid,28.4
SESS000369,STN0002,Indore Power Station,Indore,Madhya Pradesh,,CHG00357,ac,ccs2,60.0,Bus,BYD Atto 3,2025-12-06 18:03:26,2025-12-06 18:52:26,49.0,31.62,3.0,Cancelled,17.9,150.0,504.97,15.97,upi,,Yes,Weekday,December,2025,Cloudy,28.5
SESS000740,STN0231,Ahmedabad EV Hub,Ahmedabad,Gujarat,Parking,CHG00232,,CHAdeMO,120.0,2-Wheeler,Ola S1 Pro,17/04/2024 10:55,17-04-2024 11:06:01,11.0,27.88,27.0,Cancelled,-5.0,150.0,361.6,12.97,,Individual,Y,Holiday,April,2024,Foggy,34.8
SESS001827,STN0224,Patna EV Hub,Patna,Bihar,Hotel,CHG00723,DC Ultra Fast,Type 2,30.0,Bus,Tata Nexon EV,13-03-2023 03:35:41,13-03-2023 04:04:41,,33.49,22.0,Completed,,90.8,609.85,18.21,Cash,Individual,yes,Holiday,March,2023,Sunny,28.2
SESS000654,STN0180,Kolkata EV Hub,Kolkata,West Bengal,Residential,CHG00603,DC Ultra Fast,CCS,7.2,2 Wheeler,Tata Nexon EV,2022-12-28 22:29:44,,54.0,9.94,0.0,COMPLETED,,95.1,173.15,17.42,Card,Commercial,Y,Weekday,December,2022,,24.1
SESS001843,STN0230,kochi Power Station,kochi,Kerala,Mall,CHG00040,,,,Bus,Mahindra XUV400,2022-08-24 22:34:32,24/08/2022 23:30,56.0,-25.36,,COMPLETED,,77.1,168.89,17.36,Cash,Individual,N,Weekend,August,2022,Sunny,
SESS000950,STN0185,Noida Charge Point,Noida,  Uttar Pradesh ,Highway,CHG00581,AC,CHAdeMO,30.0,SUV,Bajaj Chetak,08-07-2025 05:02:57,2025-07-08 05:18:57,16.0,16.23,,Completed,-5.0,150.0,323.63,19.94,UPI,,Y,Weekday,July,2025,Rainy,30.2
SESS000518,STN0032,Ahmedabad Charge Point,Ahmedabad,Gujarat,Office,CHG00186,,GB/T,150.0,2-Wheeler,,10-10-2021 04:52:15,10/10/2021 05:32,40.0,26.49,0.0,Failed,-5.0,,286.09,10.8,App,Commercial,Y,Weekday,October,2021,Foggy,34.4
SESS001349,STN0130,  Jaipur EV Hub ,  Jaipur ,Rajasthan,Parking,CHG00571,DC Ultra Fast,,30.0,Car,Bajaj Chetak,19/03/2024 11:41,19-03-2024 11:57:15,16.0,32.02,,Failed,10.3,60.0,609.66,19.04,,,No,Weekday,March,2024,Sunny,
SESS001343,STN0102,Pune Fast Charge Center,Pune,Maharashtra,Mall,CHG00642,DC Fast,ccs2,120.0,3-Wheeler,Ather 450X,28-12-2023 12:09:46,28-12-2023 13:09:46,60.0,31.76,14.0,Failed,,75.9,283.93,8.94,Cash,,No,Holiday,December,2023,Cloudy,21.8
SESS001723,STN0100,Jaipur EV Hub,Jaipur,Rajasthan,Residential,CHG00893,ac,Type 2,60.0,SUV,Tata Tiago EV,18-05-2025 08:50:31,18-05-2025 09:48:31,58.0,30.39,,Completed,39.2,150.0,617.83,,,Fleet,,Holiday,May,2025,Humid,24.0
SESS001191,STN0053,Patna Fast Charge Center,Patna,Bihar,Highway,CHG00635,ac,Type 2,120.0,,Bajaj Chetak,28-07-2021 01:57:11,2021-07-28 02:53:11,56.0,19.01,16.0,Cancelled,105.0,87.5,336.48,17.7,Wallet,,Yes,Weekday,July,2021,Rainy,27.2
SESS000558,STN0185,Jaipur Charge Point,Jaipur,Rajasthan,highway,CHG00402,ac,,7.2,Car,Ather 450X,2021-11-19 03:22:58,19-11-2021 04:11:58,49.0,6.58,,Failed,,,86.46,13.14,Card,,Yes,Weekend,November,2021,,17.6
SESS001491,STN0250,Gurugram Charge Point,Gurugram,Haryana,Parking,CHG00369,DC Fast,CCS,150.0,,BYD Atto 3,19-11-2022 03:44:00,19/11/2022 04:10,26.0,31.61,,Failed,-5.0,150.0,682.14,21.58,Cash,Individual,yes,Weekday,November,2022,,30.2
SESS001058,STN0086,Kochi Power Station,KOCHI,Kerala,Residential,CHG00197,DC Fast,,50.0,SUV,BYD Atto 3,28/06/2025 22:32,28/06/2025 23:29,57.0,4.58,,Cancelled,105.0,104.0,45.8,10.0,,Commercial,Yes,Holiday,June,2025,Cloudy,39.5
SESS001316,STN0128,Bengaluru Charge Point,Bengaluru,Karnataka,Hotel,CHG00354,DC Ultra Fast,CCS,60.0,SUV,,27/04/2024 02:22,2024-04-27 03:11:36,49.0,16.61,0.0,Cancelled,105.0,,274.56,,Card,Fleet,N,Weekday,April,2024,,28.3
SESS001973,STN0049,Chandigarh EV Hub,Chandigarh,Punjab,Mall,CHG00402,AC,CCS,150.0,2-Wheeler,TVS iQube,08/11/2025 13:11,08-11-2025 13:45:33,34.0,26.16,,COMPLETED,,,409.14,15.64,,,No,Weekend,November,2025,,32.1
SESS001443,STN0117,Hyderabad EV Hub,Hyderabad,TELANGANA,,CHG00379,,CHAdeMO,22.0,2-Wheeler,Bajaj Chetak,2023-08-08 12:46:45,08-08-2023 12:47:45,1.0,20.78,22.0,completed,6.0,,171.23,8.24,Cash,Fleet,N,Weekend,August,2023,Foggy,33.0
SESS000790,STN0046,Hyderabad EV Hub,Hyderabad,TELANGANA,highway,CHG00473,DC fast,Type 2,120.0,Car,,2021-06-07 15:29:11,2021-06-07 16:20:11,51.0,20.63,0.0,Failed,105.0,150.0,,19.55,Cash,Commercial,Y,Holiday,June,2021,,
SESS001909,STN0223,Mumbai Fast Charge Center,Mumbai,Maharashtra,Hotel,CHG00542,DC Ultra Fast,Type 2,,2 Wheeler,Citroen eC3,2022-10-20 11:56:31,2022-10-20 12:36:31,40.0,11.79,,COMPLETED,-5.0,61.6,,10.35,,Individual,No,Weekday,October,2022,Cloudy,28.3
SESS001155,STN0137,Ahmedabad Power Station,ahmedabad,Gujarat,Hotel,CHG00207,DC fast,CHAdeMO,,Car,Hyundai Kona,20-10-2025 01:36:24,20-10-2025 02:15:24,39.0,9.09,0.0,COMPLETED,-5.0,150.0,199.62,21.96,,Individual,no,Weekday,October,2025,Foggy,22.4
SESS001860,STN0214,Bengaluru Charge Point,Bengaluru,Karnataka,Hotel,CHG00602,DC fast,Type 2,150.0,Bus,TVS iQube,16-02-2023 11:07:12,16/02/2023 12:21,74.0,19.85,,Failed,105.0,64.6,429.95,21.66,Cash,Fleet,Yes,Holiday,February,2023,Humid,27.1
SESS000627,STN0024,Indore EV Hub,Indore,Madhya Pradesh,Parking,CHG00265,DC Fast,ccs2,150.0,2 Wheeler,Citroen eC3,2024-08-11 22:02:34,11/08/2024 23:21,79.0,1.82,,Failed,,92.7,14.72,8.09,App,Commercial,No,Holiday,August,2024,Sunny,31.1
SESS000848,STN0015,Bhopal EV Hub,Bhopal,Madhya Pradesh,Office,CHG00674,DC fast,Type 2,120.0,,Citroen eC3,2022-12-08 23:47:20,09/12/2022 00:46,59.0,14.49,,Completed,-5.0,,165.33,11.41,upi,Fleet,Yes,Weekend,December,2022,,22.2
SESS000479,STN0045,Delhi Fast Charge Center,Delhi,Delhi,highway,CHG00867,ac,CHAdeMO,120.0,2 Wheeler,Mahindra XUV400,10/08/2024 01:02,2024-08-10 01:26:52,24.0,20.64,,COMPLETED,-5.0,90.2,184.11,8.92,,Fleet,yes,Weekday,August,2024,,36.4
SESS001114,STN0102,Kochi Charge Point,Kochi,Kerala,Highway,CHG00253,DC fast,GB/T,150.0,Car,Citroen eC3,26-06-2021 22:42:33,26/06/2021 23:04,22.0,21.59,6.0,Completed,38.7,150.0,320.4,14.84,Wallet,Fleet,No,Weekday,June,2021,Sunny,28.6
SESS001686,STN0060,Bengaluru Charge Point,Bengaluru,Karnataka,Hotel,CHG00354,DC fast,GB/T,22.0,3-Wheeler,,24/11/2021 11:27,24-11-2021 12:53:47,86.0,32.15,,Failed,105.0,150.0,293.21,9.12,Card,Commercial,Yes,Holiday,November,2021,,36.9
SESS000732,STN0031,  Surat Power Station ,Surat,Gujarat,Hotel,CHG00378,AC,GB/T,50.0,2-Wheeler,Kia EV6,2022-04-04 11:25:23,04-04-2022 11:59:23,34.0,,16.0,Cancelled,,150.0,494.14,16.51,App,,no,Weekend,April,2022,Humid,35.4
SESS001675,STN0195,Pune Fast Charge Center,Pune,Maharashtra,Office,CHG00791,DC Fast,GB/T,120.0,Bus,,18-05-2025 14:42:54,18-05-2025 15:37:54,55.0,6.52,0.0,Failed,,82.2,107.12,16.43,,,Y,Weekday,May,2025,Cloudy,35.0
SESS001297,STN0147,Ahmedabad Fast Charge Center,ahmedabad,Gujarat,Mall,CHG00552,ac,,120.0,Bus,,15-02-2025 17:01:51,15/02/2025 17:45,44.0,24.03,22.0,Failed,105.0,72.8,342.43,14.25,upi,Commercial,Yes,Weekend,February,2025,Cloudy,31.1
SESS000535,STN0187,Lucknow Fast Charge Center,Lucknow,Uttar Pradesh,Office,CHG00782,DC fast,CHAdeMO,150.0,2 Wheeler,BYD Atto 3,16-10-2024 09:16:10,16-10-2024 09:46:10,30.0,15.7,0.0,completed,11.9,95.4,249.0,15.86,,,yes,Weekday,October,2024,Rainy,27.8
SESS001604,STN0187,Ahmedabad EV Hub,Ahmedabad,Gujarat,Parking,CHG00759,ac,Type 2,22.0,,,2021-06-20 10:26:56,2021-06-20 10:30:56,4.0,19.62,15.0,completed,105.0,150.0,276.64,14.1,UPI,Fleet,yes,Weekday,June,2021,Cloudy,28.9
SESS000920,STN0152,Noida Power Station,Noida,UTTAR PRADESH,Office,CHG00061,DC Ultra Fast,Type 2,30.0,SUV,BYD Atto 3,07-11-2023 02:31:25,07-11-2023 02:49:25,18.0,30.97,,Failed,35.6,150.0,287.71,,upi,,,Weekday,November,2023,Foggy,28.3
SESS001497,STN0098,Chennai Charge Point,Chennai,Tamil Nadu,Hotel,CHG00649,,CHAdeMO,22.0,2-Wheeler,MG ZS EV,01/04/2021 06:50,01/04/2021 07:33,,24.79,,Failed,105.0,91.1,518.36,20.91,upi,Individual,no,Holiday,April,2021,,
SESS001014,STN0102,Kochi Charge Point,Kochi,Kerala,Highway,CHG00510,ac,Type 2,60.0,2 Wheeler,Ola S1 Pro,12/04/2024 21:02,12-04-2024 21:58:36,56.0,16.32,3.0,Cancelled,,,283.32,17.36,Card,,no,Weekend,April,2024,,29.6
SESS000786,STN0191,Bengaluru Charge Point,Bengaluru,Karnataka,Parking,CHG00864,DC Ultra Fast,GB/T,7.2,3-Wheeler,Tata Nexon EV,24/06/2023 10:39,,23.0,34.87,15.0,completed,-5.0,81.3,503.17,14.43,,Fleet,N,Weekend,June,2023,Humid,28.1
SESS001838,STN0151,Chennai EV Hub,CHENNAI,tamil nadu,Residential,CHG00647,DC Fast,CHAdeMO,120.0,3-Wheeler,,01-11-2024 07:19:36,2024-11-01 08:20:36,61.0,4.05,0.0,completed,39.6,90.8,63.26,15.62,Card,,N,Weekend,November,2024,Sunny,26.2
SESS000349,STN0018,Hyderabad Power Station,Hyderabad,Telangana,Parking,CHG00045,AC,CCS,50.0,2 Wheeler,TVS iQube,02/06/2023 04:19,02/06/2023 05:27,68.0,14.48,25.0,Cancelled,-5.0,,204.17,14.1,,,N,Weekend,June,2023,,24.4
SESS000354,STN0004,Noida Charge Point,Noida,Uttar Pradesh,Office,CHG00178,DC Fast,CHAdeMO,,3-Wheeler,Citroen eC3,2022-12-12 00:14:32,2022-12-12 01:24:32,70.0,-5.65,0.0,Cancelled,33.3,,351.08,8.57,Cash,Fleet,Yes,Holiday,December,2022,,29.4
SESS001547,STN0112,Noida Charge Point,Noida,Uttar Pradesh,highway,CHG00504,DC Fast,GB/T,,3-Wheeler,TVS iQube,20-05-2023 00:11:10,2023-05-20 00:43:10,32.0,18.7,6.0,Completed,-5.0,,259.74,13.89,Card,Commercial,yes,Holiday,May,2023,Foggy,33.6
SESS001773,STN0178,KOCHI CHARGE POINT,Kochi,Kerala,,CHG00894,AC,Type 2,7.2,SUV,Tata Nexon EV,09/05/2023 21:21,09/05/2023 21:44,23.0,19.75,,COMPLETED,37.0,,199.08,10.08,,Fleet,N,Weekday,May,2023,Rainy,31.6
SESS001023,STN0002,Noida Power Station,  Noida ,UTTAR PRADESH,Highway,CHG00169,,CHAdeMO,150.0,3-Wheeler,Tata Tiago EV,13/01/2023 00:37,13/01/2023 01:17,40.0,6.55,10.0,Cancelled,16.7,,69.69,10.64,App,Individual,yes,Weekend,January,2023,Foggy,22.8
SESS001962,STN0076,Surat Fast Charge Center,Surat,Gujarat,Hotel,CHG00765,DC Ultra Fast,ccs2,,2-Wheeler,TVS iQube,13-11-2023 20:31:07,13-11-2023 19:41:07,-50.0,6.97,0.0,Cancelled,-5.0,,129.08,18.52,App,Individual,,Weekday,November,2023,Cloudy,
SESS001621,STN0201,Kochi Charge Point,Kochi,Kerala,Highway,CHG00086,DC Fast,ccs2,,2 Wheeler,Mahindra XUV400,25/04/2022 20:08,25-04-2022 20:09:02,1.0,27.8,,Failed,7.6,150.0,289.12,10.4,,Commercial,Y,Weekend,April,2022,Foggy,27.0
SESS000549,STN0187,Bengaluru Power Station,Bengaluru,Karnataka,Mall,CHG00376,DC Fast,CHAdeMO,,Bus,Bajaj Chetak,11-12-2023 14:15:26,2023-12-11 15:30:26,75.0,40.61,,completed,105.0,150.0,749.25,,,Fleet,Yes,Weekday,December,2023,Humid,31.2
SESS000437,STN0176,Chandigarh Fast Charge Center,Chandigarh,Punjab,Hotel,CHG00194,,GB/T,60.0,Bus,Bajaj Chetak,01/10/2024 03:37,01/10/2024 04:48,71.0,20.18,,Failed,-5.0,150.0,420.95,20.86,UPI,,no,Weekday,October,2024,Sunny,23.8
SESS001763,STN0163,Ahmedabad Fast Charge Center,Ahmedabad,Gujarat,Office,CHG00773,DC Ultra Fast,CCS,,,TVS iQube,2022-09-03 21:39:51,03/09/2022 22:11,32.0,48.85,,Failed,,80.0,461.14,9.44,Card,Individual,Y,Weekday,September,2022,,38.5
SESS001293,STN0164,Delhi Power Station,  Delhi ,Delhi,,CHG00382,DC Ultra Fast,GB/T,7.2,2 Wheeler,Bajaj Chetak,17-01-2023 05:04:59,17/01/2023 05:34,30.0,20.07,20.0,COMPLETED,-5.0,,167.99,8.37,Wallet,Individual,N,Holiday,January,2023,Sunny,
SESS000152,STN0233,Noida Power Station,NOIDA,Uttar Pradesh,Mall,CHG00599,DC Ultra Fast,Type 2,22.0,,Hyundai Kona,05/09/2022 01:11,05/09/2022 01:35,,,,Failed,,150.0,195.72,20.24,Wallet,Fleet,No,Holiday,September,2022,Foggy,36.0
SESS001797,STN0118,Surat Power Station,Surat,Gujarat,Parking,CHG00220,,CHAdeMO,3.3,,TVS iQube,16-10-2022 15:48:29,2022-10-16 16:11:29,23.0,51.26,0.0,Completed,105.0,,618.71,12.07,Wallet,,no,Weekend,October,2022,Rainy,32.0
SESS001888,STN0138,Noida EV Hub,Noida,Uttar Pradesh,,CHG00323,DC Ultra Fast,CHAdeMO,60.0,3-Wheeler,,24/04/2025 03:38,2025-04-24 03:45:13,7.0,30.78,,Cancelled,-5.0,78.3,,21.12,Wallet,Fleet,Y,Holiday,April,2025,Humid,27.8
SESS001691,STN0191,Bengaluru EV Hub,Bengaluru,Karnataka,Hotel,CHG00687,AC,GB/T,22.0,2-Wheeler,Kia EV6,26-09-2024 18:36:33,26-09-2024 18:53:33,17.0,13.58,,Cancelled,105.0,100.0,259.38,19.1,App,Commercial,no,Weekend,September,2024,Humid,31.6
SESS001549,STN0186,Jaipur EV Hub,Jaipur,rajasthan,,CHG00085,AC,GB/T,60.0,2 Wheeler,Ola S1 Pro,27/11/2021 15:26,27-11-2021 16:23:39,,24.88,16.0,Cancelled,26.1,93.0,377.93,15.19,App,Fleet,yes,Weekday,November,2021,Humid,36.1
SESS001379,STN0164,Surat Power Station,  Surat ,Gujarat,Parking,CHG00466,DC fast,,50.0,,Hyundai Kona,05/07/2021 16:46,2021-07-05 18:09:21,83.0,10.23,9.0,Cancelled,,,142.2,13.9,App,,,Holiday,July,2021,Foggy,31.3
SESS000825,STN0030,Chandigarh Charge Point,Chandigarh,Punjab,highway,CHG00419,DC Fast,CHAdeMO,50.0,3-Wheeler,BYD Atto 3,24/03/2022 03:20,2022-03-24 03:56:51,36.0,21.39,0.0,Failed,16.8,150.0,303.31,14.18,App,Commercial,N,Weekend,March,2022,Rainy,22.8
SESS000798,STN0022,Ahmedabad Fast Charge Center,Ahmedabad,Gujarat,Residential,CHG00332,,CCS,,Bus,,20/08/2021 01:29,2021-08-20 02:26:21,57.0,1.72,,Completed,-5.0,93.5,28.16,16.37,upi,Commercial,No,Holiday,August,2021,Rainy,32.9
SESS000704,STN0240,Delhi Fast Charge Center,Delhi,DELHI,Office,CHG00671,ac,,50.0,2-Wheeler,,24/07/2023 02:53,2023-07-24 03:30:34,,28.19,0.0,COMPLETED,105.0,150.0,339.41,12.04,Wallet,Commercial,No,Weekday,July,2023,Cloudy,
SESS001769,STN0165,Jaipur Power Station,Jaipur,Rajasthan,Highway,CHG00352,ac,ccs2,60.0,Car,BYD Atto 3,2024-08-15 02:10:04,15/08/2024 02:58,48.0,-18.94,0.0,completed,-5.0,-10.0,301.27,18.88,upi,Fleet,No,Weekday,August,2024,Cloudy,31.1
SESS000579,STN0005,Delhi Fast Charge Center,Delhi,Delhi,Residential,CHG00394,AC,Type 2,50.0,2-Wheeler,Bajaj Chetak,2022-01-22 03:45:07,22-01-2022 04:21:07,36.0,32.48,0.0,COMPLETED,-5.0,150.0,572.95,17.64,,Commercial,yes,Weekend,January,2022,Sunny,30.2
SESS001172,STN0198,Surat Charge Point,Surat,Gujarat,Mall,CHG00259,DC Fast,GB/T,120.0,2-Wheeler,Ather 450X,04-03-2023 08:27:55,04/03/2023 08:28,1.0,0.1,0.0,Failed,39.6,150.0,1.56,15.64,Cash,Individual,No,Weekend,March,2023,Cloudy,30.7
SESS001808,STN0124,Gurugram EV Hub,Gurugram,Haryana,,CHG00332,DC Ultra Fast,GB/T,150.0,SUV,Tata Nexon EV,2023-08-24 20:11:04,24-08-2023 21:01:04,50.0,,,COMPLETED,-5.0,90.9,256.56,13.07,UPI,Fleet,Y,Weekday,August,2023,Foggy,31.4
SESS000431,STN0132,Bhopal Power Station,Bhopal,Madhya Pradesh,Parking,CHG00416,DC fast,GB/T,150.0,,MG ZS EV,2025-04-09 15:50:24,,97.0,30.07,0.0,Cancelled,-5.0,,390.61,12.99,upi,Fleet,Y,Weekend,April,2025,Cloudy,30.6
SESS000817,STN0173,Chennai EV Hub,Chennai,TAMIL NADU,Office,CHG00566,AC,CCS,60.0,3-Wheeler,,01/08/2025 01:45,01-08-2025 03:06:50,81.0,0.1,,Cancelled,105.0,81.3,2.02,,UPI,Commercial,yes,Weekend,August,2025,Cloudy,
SESS000698,STN0011,Bengaluru Fast Charge Center,Bengaluru,Karnataka,Mall,CHG00893,ac,GB/T,22.0,,Ola S1 Pro,08/12/2021 21:40,08/12/2021 23:03,83.0,10.93,6.0,COMPLETED,19.0,150.0,200.02,18.3,Cash,,yes,Weekend,December,2021,Humid,35.2
SESS000702,STN0088,Mumbai EV Hub,Mumbai,Maharashtra,,CHG00307,AC,CHAdeMO,150.0,3-Wheeler,Tata Nexon EV,19-09-2024 15:20:20,,,26.0,22.0,Completed,-5.0,150.0,296.4,11.4,App,Individual,Yes,Weekday,September,2024,Foggy,29.5
SESS000619,STN0174,Bengaluru Power Station,Bengaluru,KARNATAKA,Parking,CHG00574,AC,CHAdeMO,7.2,2-Wheeler,Bajaj Chetak,15-12-2023 04:08:15,2023-12-15 04:20:15,12.0,15.07,16.0,Failed,-5.0,150.0,317.98,21.1,Cash,Individual,,Holiday,December,2023,,
SESS001915,STN0166,Delhi Charge Point,Delhi,delhi,Parking,CHG00598,DC Fast,Type 2,120.0,2-Wheeler,Tata Nexon EV,18-02-2021 00:14:35,18/02/2021 00:15,1.0,36.61,0.0,Cancelled,13.5,,760.39,20.77,upi,Individual,Yes,Weekday,February,2021,Rainy,
SESS001347,STN0168,Pune Power Station,Pune,Maharashtra,Highway,CHG00291,DC Ultra Fast,ccs2,,3-Wheeler,Ather 450X,23-02-2024 01:39:07,23/02/2024 02:28,49.0,11.86,1.0,Completed,105.0,150.0,105.32,8.88,Card,Commercial,Y,Weekend,February,2024,Humid,29.3
,STN0102,Ahmedabad Power Station,Ahmedabad,Gujarat,Hotel,CHG00107,,CHAdeMO,22.0,Car,,2021-11-03 17:34:50,2021-11-03 18:25:50,51.0,22.4,0.0,Failed,,,443.97,19.82,Cash,Fleet,,Weekday,November,2021,Foggy,15.4
SESS001871,STN0149,Mumbai Charge Point,MUMBAI,Maharashtra,Office,CHG00468,DC Ultra Fast,,60.0,2-Wheeler,,2022-12-30 03:03:11,30/12/2022 03:42,39.0,25.18,10.0,Cancelled,105.0,150.0,506.87,20.13,UPI,Individual,N,Holiday,December,2022,Foggy,31.1
SESS000323,STN0059,Chandigarh Power Station,Chandigarh,Punjab,,CHG00320,DC fast,Type 2,7.2,2-Wheeler,Citroen eC3,23/05/2025 12:21,2025-05-23 11:49:49,-32.0,51.46,,completed,,,910.33,17.69,App,Individual,no,Holiday,May,2025,Cloudy,35.0
SESS000505,STN0225,jaipur Power Station,jaipur,Rajasthan,,CHG00407,AC,ccs2,3.3,3-Wheeler,Ather 450X,09/03/2023 18:15,2023-03-09 18:41:24,26.0,23.87,0.0,Completed,5.5,91.7,411.52,17.24,,Individual,N,Holiday,March,2023,,35.2
SESS000524,STN0176,Noida EV Hub,Noida,Uttar Pradesh,Residential,CHG00866,AC,CHAdeMO,,3-Wheeler,BYD Atto 3,2024-12-22 11:14:32,2024-12-22 11:44:32,30.0,53.02,,completed,105.0,101.0,752.88,14.2,Cash,Individual,N,Holiday,December,2024,Cloudy,22.1
SESS001730,STN0036,Bengaluru Fast Charge Center,bengaluru,Karnataka,Hotel,CHG00223,ac,CCS,60.0,2 Wheeler,Citroen eC3,2021-09-07 17:12:57,2021-09-07 17:59:57,47.0,39.66,,Completed,105.0,,819.77,20.67,UPI,,no,Holiday,September,2021,Cloudy,29.6
SESS001359,STN0012,Delhi Power Station,Delhi,Delhi,Residential,CHG00623,DC fast,CHAdeMO,22.0,,Ather 450X,2022-08-08 09:50:11,2022-08-08 10:25:11,35.0,12.75,17.0,Completed,,,110.29,8.65,Cash,Individual,N,Weekend,August,2022,Humid,15.5
SESS001534,STN0191,Patna Power Station,Patna,Bihar,,CHG00356,AC,CCS,,2 Wheeler,Mahindra XUV400,2022-10-21 00:20:39,2022-10-21 00:47:39,27.0,39.57,0.0,Completed,105.0,150.0,356.92,9.02,upi,Individual,yes,Weekday,October,2022,,37.0
SESS000493,STN0152,Gurugram EV Hub,Gurugram,Haryana,Highway,CHG00608,,CHAdeMO,22.0,3-Wheeler,Ather 450X,21/01/2021 20:55,21/01/2021 21:49,54.0,3.25,15.0,Completed,,150.0,65.91,20.28,Card,Fleet,yes,Weekday,January,2021,Sunny,26.7
SESS000788,STN0013,Bengaluru Charge Point,Bengaluru,Karnataka,Parking,CHG00751,DC Fast,CCS,60.0,,TVS iQube,16-12-2024 06:47:01,,8.0,15.0,3.0,Cancelled,105.0,85.0,147.75,9.85,Wallet,Individual,Yes,Holiday,December,2024,Foggy,40.4
SESS000612,STN0103,Bhopal Charge Point,Bhopal,Madhya Pradesh,Hotel,CHG00380,DC Fast,CHAdeMO,120.0,2 Wheeler,Tata Nexon EV,2024-04-13 05:11:36,2024-04-13 05:38:36,27.0,23.52,0.0,COMPLETED,-5.0,88.9,326.46,13.88,upi,Individual,yes,Weekday,April,2024,Cloudy,24.3
SESS000603,STN0116,Ahmedabad EV Hub,Ahmedabad,Gujarat,highway,CHG00033,DC Ultra Fast,ccs2,60.0,,Tata Tiago EV,27-03-2021 18:07:32,2021-03-27 19:22:32,75.0,12.99,7.0,completed,,150.0,193.29,14.88,upi,Commercial,no,Holiday,March,2021,,
SESS000588,STN0159,Surat EV Hub,Surat,Gujarat,,CHG00668,AC,GB/T,50.0,Bus,Citroen eC3,2025-08-09 13:35:42,09-08-2025 14:04:42,29.0,30.2,0.0,COMPLETED,105.0,,259.42,8.59,,,Y,Weekend,August,2025,Humid,35.4
SESS001228,STN0243,Mumbai Fast Charge Center,Mumbai,Maharashtra,Highway,CHG00170,,GB/T,22.0,Bus,Ather 450X,2021-03-22 20:27:40,22/03/2021 20:44,17.0,28.94,,COMPLETED,-5.0,150.0,563.75,19.48,Cash,Individual,no,Weekend,March,2021,,52.5
SESS001319,STN0122,Kolkata Fast Charge Center,KOLKATA,West Bengal,Office,CHG00594,,CHAdeMO,7.2,2-Wheeler,TVS iQube,07-05-2022 19:04:59,07/05/2022 19:42,38.0,46.58,19.0,Cancelled,-5.0,90.3,706.15,15.16,,Individual,No,Holiday,May,2022,Sunny,25.5
SESS000426,STN0058,Chennai EV Hub,Chennai,Tamil Nadu,highway,CHG00612,DC Fast,CHAdeMO,50.0,,Citroen eC3,2024-04-16 15:51:13,16-04-2024 15:27:13,-24.0,6.92,7.0,completed,24.7,150.0,102.35,14.79,,Fleet,Y,Weekday,April,2024,Rainy,46.2
SESS001818,STN0161,Chennai EV Hub,Chennai,Tamil Nadu,,CHG00059,,,60.0,,,2023-07-23 02:30:44,23/07/2023 04:12,102.0,7.75,3.0,Cancelled,105.0,90.4,66.65,8.6,upi,Individual,Yes,Weekend,July,2023,Sunny,23.3
SESS000462,STN0109,Kolkata Power Station,Kolkata,West Bengal,Office,CHG00520,,CHAdeMO,7.2,Car,Kia EV6,27-03-2023 03:58:19,27/03/2023 04:57,59.0,36.07,0.0,completed,,,538.53,14.93,Card,,,Weekend,March,2023,Humid,25.5
SESS001608,STN0218,Pune Fast Charge Center,Pune,MAHARASHTRA,Parking,CHG00386,,GB/T,,2 Wheeler,Ola S1 Pro,2021-05-25 08:05:34,25-05-2021 08:47:34,42.0,21.88,,completed,,97.8,219.02,10.01,,,Y,Holiday,May,2021,,21.8
SESS001252,STN0053,Mumbai Charge Point,Mumbai,MAHARASHTRA,Parking,CHG00734,DC Ultra Fast,,150.0,2 Wheeler,TVS iQube,2022-05-31 23:25:34,2022-05-31 23:40:34,15.0,35.33,,Cancelled,,150.0,335.28,9.49,Card,,N,Weekday,May,2022,,
SESS001318,STN0173,Mumbai EV Hub,Mumbai,MAHARASHTRA,Highway,CHG00281,AC,CCS,22.0,Bus,Kia EV6,01/08/2022 02:49,2022-08-01 03:58:48,,21.56,0.0,Cancelled,,,446.08,20.69,upi,Commercial,N,Holiday,August,2022,,49.9
SESS001060,STN0190,Surat EV Hub,Surat,Gujarat,,CHG00221,ac,Type 2,60.0,3-Wheeler,Kia EV6,2025-05-07 13:33:43,2025-05-07 13:51:43,18.0,35.59,0.0,COMPLETED,105.0,150.0,752.02,21.13,upi,Commercial,Yes,Weekend,May,2025,Humid,
SESS000852,STN0220,kolkata Power Station,kolkata,West Bengal,Highway,CHG00318,ac,GB/T,30.0,Car,Tata Tiago EV,04/06/2023 07:35,2023-06-04 08:54:36,79.0,18.94,0.0,Completed,-5.0,69.3,355.69,18.78,Cash,Commercial,,Weekend,June,2023,Humid,29.0
SESS000824,STN0187,Noida EV Hub,Noida,Uttar Pradesh,Mall,CHG00208,DC Fast,,60.0,2-Wheeler,MG ZS EV,29/04/2024 12:13,2024-04-29 13:51:10,98.0,24.54,0.0,Failed,31.3,150.0,337.18,13.74,,Fleet,no,Weekend,April,2024,,29.0
SESS000336,STN0250,Delhi EV Hub,Delhi,Delhi,Hotel,CHG00611,DC Fast,Type 2,,3-Wheeler,Bajaj Chetak,2023-06-27 02:50:02,2023-06-27 03:50:02,60.0,16.77,0.0,Failed,-5.0,150.0,233.44,,,Individual,yes,Weekday,June,2023,Humid,28.7
SESS001734,STN0121,Kochi Fast Charge Center,Kochi,Kerala,Residential,CHG00281,DC Ultra Fast,Type 2,150.0,,,13-09-2023 01:32:10,13/09/2023 02:32,60.0,25.48,,Failed,39.2,90.7,479.79,18.83,App,Individual,Y,Weekend,September,2023,Cloudy,33.3
SESS001928,STN0139,Kochi EV Hub,Kochi,Kerala,Hotel,CHG00602,DC Ultra Fast,Type 2,22.0,,Tata Tiago EV,26/06/2025 23:02,27/06/2025 00:08,66.0,47.18,0.0,Failed,22.7,79.0,880.85,18.67,upi,Individual,No,Weekend,June,2025,Cloudy,23.0
SESS001505,STN0090,Bhopal Fast Charge Center,Bhopal,Madhya Pradesh,highway,CHG00091,,,,2 Wheeler,Mahindra XUV400,07/04/2022 05:51,07-04-2022 06:04:18,13.0,35.76,,completed,-5.0,73.6,304.68,8.52,upi,Commercial,,Weekend,April,2022,Humid,28.4
SESS001711,STN0189,Mumbai Power Station,Mumbai,Maharashtra,Highway,CHG00560,AC,ccs2,150.0,3-Wheeler,Citroen eC3,2021-03-22 16:27:00,22-03-2021 16:47:00,20.0,21.7,16.0,COMPLETED,,,319.42,,Cash,Fleet,No,Weekday,March,2021,Sunny,38.0
SESS000534,STN0140,Kochi EV Hub,Kochi,Kerala,Residential,CHG00270,,CCS,30.0,SUV,BYD Atto 3,05-05-2023 20:19:12,05-05-2023 20:36:12,17.0,12.98,0.0,COMPLETED,-5.0,,209.37,16.13,upi,Fleet,no,Weekday,May,2023,Cloudy,26.2
SESS001633,STN0170,Mumbai Power Station,  Mumbai ,MAHARASHTRA,Mall,CHG00642,ac,ccs2,22.0,Car,Hyundai Kona,08-06-2025 02:38:45,,13.0,25.04,0.0,Completed,25.1,78.3,362.33,14.47,App,,Y,Weekday,June,2025,,30.1
SESS000316,STN0171,  Chennai Power Station ,Chennai,Tamil Nadu,,CHG00133,DC Fast,CHAdeMO,22.0,2-Wheeler,BYD Atto 3,2024-06-26 15:59:02,26-06-2024 17:06:02,67.0,8.31,,Failed,,,169.27,20.37,App,Fleet,No,Weekend,June,2024,Sunny,29.6
SESS000124,STN0012,Bhopal Fast Charge Center,Bhopal,Madhya Pradesh,,CHG00485,DC Ultra Fast,CCS,50.0,Bus,Mahindra XUV400,06-08-2025 17:00:25,,78.0,43.55,7.0,completed,105.0,150.0,401.53,9.22,upi,Individual,Yes,Weekend,August,2025,Foggy,22.7
SESS001636,STN0050,  Mumbai Fast Charge Center ,Mumbai,Maharashtra,Mall,CHG00263,,GB/T,,2 Wheeler,Bajaj Chetak,17-04-2021 01:51:19,17-04-2021 02:49:19,58.0,16.22,,Completed,105.0,,340.46,20.99,Cash,Fleet,N,Weekend,April,2021,Cloudy,26.4
SESS001153,STN0121,Patna Fast Charge Center,Patna,Bihar,Residential,CHG00305,DC Ultra Fast,ccs2,3.3,Bus,MG ZS EV,20-05-2024 04:32:16,2024-05-20 05:14:16,42.0,22.38,7.0,completed,,150.0,273.26,12.21,Card,Fleet,no,Weekend,May,2024,Cloudy,45.5
SESS000799,STN0026,Kochi Fast Charge Center,Kochi,Kerala,highway,CHG00421,,Type 2,,SUV,Bajaj Chetak,21-10-2021 01:36:39,2021-10-21 02:44:39,68.0,23.78,,completed,,,449.44,18.9,Card,,Yes,Holiday,October,2021,,31.0
SESS001752,STN0036,Kolkata Fast Charge Center,Kolkata,West Bengal,Highway,CHG00560,DC Ultra Fast,ccs2,3.3,Bus,Tata Tiago EV,20-07-2024 20:10:44,20-07-2024 20:18:44,8.0,13.0,,completed,105.0,150.0,127.66,9.82,Cash,Individual,Y,Weekend,July,2024,Sunny,21.4
SESS001652,STN0028,kolkata fast charge center,Kolkata,WEST BENGAL,Residential,CHG00656,DC fast,ccs2,50.0,Bus,Bajaj Chetak,2022-10-25 14:14:36,25-10-2022 14:54:36,40.0,34.92,0.0,COMPLETED,,,444.88,12.74,UPI,Individual,yes,Weekend,October,2022,,22.0
SESS000287,STN0019,Noida EV Hub,noida,Uttar Pradesh,,CHG00066,DC Ultra Fast,GB/T,22.0,SUV,,10-11-2022 22:50:36,,9.0,0.1,4.0,Failed,38.7,89.4,1.15,11.46,Card,,No,Weekend,November,2022,Rainy,30.1
SESS000738,STN0211,Indore Fast Charge Center,Indore,Madhya Pradesh,Residential,CHG00333,,ccs2,60.0,Car,Tata Nexon EV,2025-08-13 17:42:05,13/08/2025 19:03,81.0,14.94,23.0,Completed,15.3,95.6,297.16,19.89,Card,,,Weekday,August,2025,Rainy,35.0
SESS001257,STN0101,Patna Fast Charge Center,Patna,Bihar,,CHG00610,DC Ultra Fast,ccs2,22.0,Car,,06/09/2025 11:55,06-09-2025 12:50:21,55.0,37.62,,Failed,23.1,73.2,526.68,,,Fleet,N,Weekday,September,2025,Rainy,23.7
SESS000514,STN0048,Bhopal Fast Charge Center,Bhopal,Madhya Pradesh,,CHG00785,AC,ccs2,,,TVS iQube,2024-06-13 23:28:41,2024-06-14 00:27:41,59.0,13.5,0.0,completed,9.2,,178.61,13.23,Cash,Fleet,yes,Weekend,June,2024,Foggy,33.6
SESS001762,STN0017,Indore Charge Point,Indore,Madhya Pradesh,Mall,CHG00645,DC Fast,GB/T,3.3,3-Wheeler,Tata Nexon EV,15/07/2023 21:36,2023-07-15 22:42:38,66.0,43.62,14.0,Failed,29.9,150.0,586.25,13.44,UPI,Fleet,,Holiday,July,2023,Humid,30.8
SESS000528,STN0250,gurugram fast charge center,Gurugram,HARYANA,,CHG00794,DC fast,GB/T,7.2,2-Wheeler,TVS iQube,16/01/2023 20:20,2023-01-16 21:48:30,88.0,2.42,0.0,Completed,-5.0,150.0,35.67,14.74,Card,Individual,No,Weekday,January,2023,Cloudy,28.8
SESS001444,STN0145,Chandigarh EV Hub,Chandigarh,Punjab,Hotel,CHG00358,DC fast,CHAdeMO,150.0,Car,Ather 450X,23/11/2023 15:26,23/11/2023 16:00,34.0,16.12,0.0,Cancelled,105.0,150.0,184.25,11.43,Card,Individual,yes,Weekend,November,2023,,33.4
SESS000734,STN0227,Bengaluru EV Hub,Bengaluru,Karnataka,Highway,CHG00222,AC,CCS,150.0,Car,Tata Tiago EV,2021-09-19 11:38:58,19/09/2021 12:24,46.0,32.24,0.0,completed,105.0,150.0,680.59,21.11,App,Individual,No,Weekend,September,2021,Foggy,27.6
SESS001315,STN0052,Kochi Power Station,Kochi,kerala,highway,CHG00487,ac,GB/T,30.0,Bus,Bajaj Chetak,08-05-2023 10:47:20,08-05-2023 11:20:20,33.0,16.88,0.0,completed,105.0,,254.04,15.05,Wallet,,,Holiday,May,2023,Foggy,46.6
SESS000428,STN0061,Pune Fast Charge Center,Pune,Maharashtra,Highway,CHG00495,,,,Bus,Citroen eC3,18-11-2025 17:56:01,18-11-2025 18:34:01,38.0,25.72,0.0,Cancelled,-5.0,63.2,350.82,13.64,Wallet,Individual,N,Holiday,November,2025,Rainy,32.1
SESS001977,STN0036,Chandigarh Charge Point,Chandigarh,Punjab,highway,CHG00269,DC Fast,GB/T,7.2,3-Wheeler,Kia EV6,2022-03-15 08:26:05,15-03-2022 09:13:05,47.0,9.57,,Cancelled,,,114.94,12.01,UPI,,yes,Holiday,March,2022,Sunny,21.4
SESS000909,STN0136,Hyderabad Power Station,Hyderabad,Telangana,Office,CHG00048,ac,Type 2,7.2,,,12-08-2025 09:04:40,12/08/2025 09:05,1.0,29.05,,COMPLETED,17.6,150.0,484.26,16.67,App,Fleet,,Holiday,August,2025,,27.6
SESS001247,STN0181,PUNE EV HUB,  Pune ,Maharashtra,Highway,CHG00021,DC Ultra Fast,,120.0,2 Wheeler,TVS iQube,09-01-2022 04:20:15,09/01/2022 05:29,69.0,30.26,10.0,Failed,,,520.77,17.21,App,Commercial,yes,Weekday,January,2022,Sunny,30.0
SESS000582,STN0104,Kolkata Power Station,Kolkata,West Bengal,Highway,CHG00611,AC,GB/T,60.0,SUV,Ola S1 Pro,2021-04-06 16:12:27,2021-04-06 16:38:27,26.0,36.21,32.0,Failed,105.0,74.6,668.07,18.45,upi,Commercial,,Weekday,April,2021,Foggy,20.7
SESS000541,STN0121,Mumbai Power Station,Mumbai,Maharashtra,Highway,CHG00169,ac,,7.2,3-Wheeler,Hyundai Kona,2022-03-29 02:59:50,2022-03-29 03:52:50,53.0,20.14,,Completed,105.0,87.1,313.98,15.59,UPI,Fleet,N,Weekday,March,2022,Rainy,25.9
SESS000607,STN0059,Delhi Charge Point,Delhi,Delhi,Parking,CHG00479,ac,,30.0,Bus,,07-06-2024 14:53:08,07-06-2024 15:41:08,48.0,3.21,,Completed,,,49.69,15.48,Wallet,Commercial,yes,Weekend,June,2024,Sunny,23.4
SESS001657,STN0041,Hyderabad Fast Charge Center,Hyderabad,Telangana,Office,CHG00518,ac,Type 2,,Bus,TVS iQube,03/12/2024 06:54,,6.0,0.1,14.0,COMPLETED,,,1.06,10.57,upi,Individual,,Holiday,December,2024,Cloudy,27.0
SESS000233,STN0120,Ahmedabad Charge Point,Ahmedabad,Gujarat,highway,CHG00517,DC fast,Type 2,,2-Wheeler,Ather 450X,2023-07-13 08:04:56,13-07-2023 08:35:56,31.0,6.88,5.0,COMPLETED,15.4,150.0,150.53,21.88,upi,Individual,no,Holiday,July,2023,Rainy,26.5
SESS000442,STN0042,Bhopal EV Hub,Bhopal,Madhya Pradesh,Hotel,CHG00653,DC fast,GB/T,60.0,3-Wheeler,Ola S1 Pro,05/10/2023 04:18,05-10-2023 04:33:49,15.0,20.63,14.0,Cancelled,25.0,150.0,440.45,,App,,Yes,Holiday,October,2023,Humid,52.3
SESS000757,STN0182,Delhi Charge Point,Delhi,Delhi,Parking,CHG00033,DC Ultra Fast,Type 2,3.3,Bus,,28/09/2022 22:12,2022-09-28 23:11:36,59.0,22.88,17.0,Completed,6.7,,402.69,17.6,Cash,,Y,Weekday,September,2022,Foggy,30.0
SESS000190,STN0192,Kolkata Charge Point,Kolkata,WEST BENGAL,Parking,CHG00554,AC,GB/T,60.0,3-Wheeler,Tata Nexon EV,03/09/2024 18:55,03-09-2024 19:56:16,61.0,9.95,12.0,Completed,105.0,,99.3,9.98,upi,Individual,no,Weekend,September,2024,Cloudy,27.2
SESS000781,STN0055,Delhi Fast Charge Center,Delhi,Delhi,,CHG00294,DC fast,ccs2,120.0,2 Wheeler,Tata Tiago EV,22/03/2021 09:25,22-03-2021 10:36:34,71.0,27.95,0.0,completed,105.0,150.0,455.31,,UPI,Fleet,Y,Holiday,March,2021,Cloudy,26.9
SESS001688,STN0230,Noida Charge Point,noida,Uttar Pradesh,Parking,CHG00467,ac,CHAdeMO,3.3,Car,MG ZS EV,02/01/2023 11:31,2023-01-02 12:30:46,59.0,30.95,0.0,Failed,105.0,95.0,363.97,11.76,upi,Individual,no,Weekday,January,2023,Rainy,35.3
SESS001862,STN0233,Delhi Charge Point,Delhi,Delhi,Mall,CHG00183,AC,,,,TVS iQube,2021-06-12 16:36:39,2021-06-12 16:55:39,19.0,17.59,1.0,Completed,-5.0,150.0,313.98,17.85,App,Individual,,Holiday,June,2021,Foggy,25.1
SESS000833,STN0053,Ahmedabad EV Hub,Ahmedabad,GUJARAT,Residential,CHG00478,,CCS,7.2,SUV,Kia EV6,2022-04-13 00:42:34,13/04/2022 00:59,17.0,28.75,0.0,Failed,-5.0,63.0,313.38,10.9,Card,Fleet,No,Weekday,April,2022,,19.4
SESS001196,STN0063,Indore Power Station,Indore,Madhya Pradesh,Hotel,CHG00596,DC fast,CCS,50.0,SUV,Ather 450X,2025-02-11 12:39:45,11-02-2025 13:30:45,51.0,22.17,20.0,completed,105.0,150.0,379.11,17.1,Card,Commercial,Y,Weekend,February,2025,Rainy,33.6
SESS001613,STN0026,Mumbai Fast Charge Center,Mumbai,Maharashtra,Office,CHG00071,,CCS,120.0,Car,Citroen eC3,28-10-2023 08:29:45,28/10/2023 09:05,36.0,18.61,8.0,completed,,96.5,378.53,20.34,Cash,Individual,No,Holiday,October,2023,Sunny,26.9
SESS001932,STN0114,Lucknow Fast Charge Center,Lucknow,UTTAR PRADESH,Residential,CHG00658,AC,GB/T,60.0,2 Wheeler,Citroen eC3,2022-04-29 05:07:43,29/04/2022 05:20,13.0,-11.85,,Cancelled,-5.0,150.0,399.81,14.39,UPI,Fleet,Y,Holiday,April,2022,Foggy,
SESS001447,STN0214,Lucknow Fast Charge Center,Lucknow,Uttar Pradesh,Mall,CHG00178,ac,ccs2,,2-Wheeler,,16/09/2024 14:18,2024-09-16 15:35:35,77.0,24.63,0.0,COMPLETED,105.0,,460.09,18.68,UPI,Individual,Yes,Weekend,September,2024,Sunny,36.0
SESS000335,STN0236,  indore Fast Charge Center ,indore,Madhya Pradesh,Highway,CHG00003,DC Fast,Type 2,,Car,Citroen eC3,26-11-2021 15:01:13,26/11/2021 15:30,29.0,18.58,0.0,Completed,6.0,80.6,395.2,21.27,Card,Fleet,Y,Weekend,November,2021,Foggy,29.5
SESS000721,STN0013,Delhi Fast Charge Center,Delhi,Delhi,,CHG00638,,CHAdeMO,50.0,SUV,,16/04/2021 11:29,16-04-2021 12:07:43,38.0,15.88,,COMPLETED,,,148.95,9.38,Cash,Commercial,yes,Holiday,April,2021,Cloudy,24.1
SESS000125,STN0151,Mumbai Power Station,mumbai,MAHARASHTRA,Office,CHG00320,AC,,50.0,,,20-03-2022 13:11:54,2022-03-20 13:12:54,1.0,40.69,0.0,completed,5.2,150.0,437.82,10.76,upi,Commercial,No,Weekday,March,2022,,26.3
SESS001404,STN0167,Gurugram EV Hub,Gurugram,Haryana,Residential,CHG00450,AC,Type 2,3.3,,,15-04-2024 07:09:52,2024-04-15 07:36:52,27.0,29.88,3.0,Completed,-5.0,,362.44,12.13,UPI,Commercial,yes,Weekend,April,2024,,37.3
SESS001597,STN0072,Chandigarh Power Station,Chandigarh,Punjab,Hotel,CHG00615,DC Fast,Type 2,7.2,Bus,Ather 450X,2022-10-03 01:52:46,2022-10-03 02:48:46,56.0,5.58,0.0,completed,-5.0,67.0,102.06,18.29,Wallet,,No,Weekday,October,2022,Cloudy,34.0
SESS000276,STN0112,Surat EV Hub,Surat,Gujarat,,CHG00058,ac,GB/T,,2 Wheeler,Ather 450X,2025-02-06 21:50:48,06-02-2025 22:59:48,,23.84,13.0,Cancelled,105.0,,346.63,14.54,Cash,Fleet,no,Weekend,February,2025,,26.4
SESS001901,STN0012,Hyderabad Power Station,Hyderabad,Telangana,Mall,CHG00533,DC Ultra Fast,Type 2,120.0,3-Wheeler,Tata Nexon EV,2021-09-11 16:10:52,2021-09-11 17:39:52,89.0,25.73,,Failed,105.0,,249.84,9.71,App,Fleet,Yes,Holiday,September,2021,Sunny,34.3
SESS001814,STN0084,Delhi Power Station,Delhi,Delhi,Highway,CHG00548,AC,CHAdeMO,60.0,SUV,Hyundai Kona,08/04/2024 10:47,08/04/2024 11:28,41.0,32.36,25.0,COMPLETED,,,393.17,12.15,Wallet,Fleet,Y,Weekday,April,2024,Sunny,26.1
SESS000073,STN0197,Bhopal Power Station,Bhopal,Madhya Pradesh,Parking,CHG00112,ac,CHAdeMO,30.0,3-Wheeler,BYD Atto 3,29/02/2024 14:16,29-02-2024 15:46:09,90.0,0.1,,Completed,105.0,83.7,0.82,8.17,,,Yes,Weekend,February,2024,Cloudy,27.6
SESS001213,STN0250,Hyderabad Fast Charge Center,Hyderabad,Telangana,Parking,CHG00207,DC Fast,Type 2,50.0,3-Wheeler,Ather 450X,2025-12-10 05:39:17,10-12-2025 06:36:17,57.0,15.37,23.0,completed,105.0,150.0,264.36,17.2,,Fleet,,Weekend,December,2025,Rainy,26.5
SESS001785,STN0231,Indore Power Station,Indore,Madhya Pradesh,Residential,CHG00754,,Type 2,120.0,Car,Bajaj Chetak,26-05-2022 13:15:22,26-05-2022 14:13:22,58.0,31.09,37.0,Failed,,150.0,442.41,14.23,Wallet,Individual,,Weekday,May,2022,,23.0
SESS000185,STN0093,Kochi Fast Charge Center,Kochi,Kerala,Hotel,CHG00378,DC Fast,ccs2,60.0,,Hyundai Kona,19-02-2021 09:18:04,19/02/2021 10:21,63.0,40.23,2.0,completed,39.8,78.2,876.61,21.79,Cash,,no,Holiday,February,2021,Cloudy,
SESS001855,STN0235,Bhopal EV Hub,Bhopal,madhya pradesh,Hotel,CHG00513,DC fast,CHAdeMO,120.0,3-Wheeler,TVS iQube,2024-03-25 01:08:27,,,26.62,,Failed,-5.0,70.6,479.69,18.02,,Fleet,N,Weekend,March,2024,Cloudy,29.7
SESS000036,STN0204,Chandigarh EV Hub,Chandigarh,Punjab,,CHG00220,DC Fast,ccs2,60.0,SUV,Kia EV6,2025-04-05 00:47:19,05/04/2025 01:38,51.0,30.59,0.0,Cancelled,,,606.6,19.83,App,Commercial,no,Holiday,April,2025,Foggy,30.8
SESS001834,STN0214,Surat EV Hub,Surat,Gujarat,Parking,CHG00738,DC Fast,GB/T,30.0,2-Wheeler,Ather 450X,27-03-2022 16:00:14,2022-03-27 16:20:14,20.0,0.1,17.0,Completed,105.0,79.6,1.24,,Card,Commercial,No,Holiday,March,2022,Rainy,31.7
SESS001158,STN0007,Surat Charge Point,Surat,Gujarat,,CHG00587,DC Fast,CCS,150.0,2 Wheeler,Citroen eC3,21/10/2021 00:18,21/10/2021 01:57,99.0,19.39,21.0,Failed,-5.0,,400.79,,App,Commercial,Yes,Weekend,October,2021,,42.8
SESS001264,STN0197,Bhopal Charge Point,Bhopal,MADHYA PRADESH,Residential,CHG00040,DC fast,Type 2,120.0,,Citroen eC3,01/03/2023 03:01,2023-03-01 03:36:12,35.0,30.54,19.0,completed,9.9,150.0,635.23,,UPI,Individual,no,Holiday,March,2023,Cloudy,21.3
SESS000105,STN0051,Mumbai Charge Point,Mumbai,Maharashtra,Hotel,CHG00256,,Type 2,7.2,2-Wheeler,MG ZS EV,05-11-2021 12:43:47,05-11-2021 13:29:47,46.0,0.1,0.0,completed,6.5,,2.01,20.12,upi,Commercial,yes,Weekday,November,2021,Foggy,23.0
SESS001204,STN0056,Kochi Fast Charge Center,Kochi,Kerala,highway,CHG00844,DC fast,GB/T,,3-Wheeler,Tata Tiago EV,2021-06-09 10:28:42,2021-06-09 11:53:42,85.0,20.89,10.0,COMPLETED,16.8,150.0,315.23,15.09,Cash,Individual,Yes,Weekend,June,2021,,35.4
SESS000560,STN0177,Delhi Charge Point,Delhi,delhi,Highway,CHG00047,DC Fast,ccs2,60.0,3-Wheeler,Citroen eC3,05/12/2024 14:33,05-12-2024 15:41:01,68.0,19.53,30.0,Failed,-5.0,90.4,177.33,9.08,Card,Individual,Y,Holiday,December,2024,Cloudy,37.0
SESS000504,STN0030,  Indore Fast Charge Center ,Indore,Madhya Pradesh,Hotel,CHG00535,DC fast,Type 2,7.2,3-Wheeler,Ather 450X,2022-09-28 20:20:18,28/09/2022 20:59,,4.39,19.0,Completed,,84.1,80.25,18.28,upi,Commercial,No,Holiday,September,2022,Humid,29.2
SESS001857,STN0183,Jaipur Power Station,Jaipur,Rajasthan,Hotel,CHG00276,AC,CHAdeMO,7.2,3-Wheeler,Kia EV6,2023-08-31 22:40:03,31/08/2023 23:39,59.0,0.1,13.0,Cancelled,,,2.2,21.96,,,no,Holiday,August,2023,Rainy,
SESS001067,STN0202,Chennai Charge Point,chennai,Tamil Nadu,Office,CHG00775,AC,Type 2,3.3,Car,Ola S1 Pro,28/08/2022 06:26,28-08-2022 07:28:39,62.0,,30.0,Completed,-5.0,150.0,421.95,20.93,Wallet,Commercial,Yes,Weekend,August,2022,,40.8
SESS001905,STN0011,Bhopal Charge Point,Bhopal,Madhya Pradesh,Office,CHG00505,DC Ultra Fast,,50.0,2-Wheeler,TVS iQube,19-08-2025 00:45:12,2025-08-19 01:53:12,68.0,37.88,0.0,Failed,105.0,,,10.18,Card,,yes,Weekend,August,2025,Humid,26.6
SESS000459,STN0024,Gurugram Fast Charge Center,Gurugram,HARYANA,,CHG00313,DC fast,,30.0,2 Wheeler,Mahindra XUV400,23/10/2023 12:51,23-10-2023 13:47:39,56.0,18.74,0.0,Cancelled,10.7,150.0,401.79,21.44,,Commercial,no,Weekday,October,2023,Rainy,28.5
SESS000995,STN0120,Kochi EV Hub,Kochi,Kerala,Mall,CHG00556,AC,ccs2,50.0,3-Wheeler,Kia EV6,03/01/2021 02:00,03/01/2021 02:31,31.0,36.3,,Failed,-5.0,91.7,797.51,21.97,Card,Fleet,no,Holiday,January,2021,Foggy,
SESS000955,STN0079,Noida Charge Point,Noida,Uttar Pradesh,Mall,CHG00040,,Type 2,,3-Wheeler,Tata Nexon EV,2022-04-09 19:22:35,09-04-2022 19:34:35,12.0,23.92,0.0,Cancelled,,150.0,471.22,19.7,upi,Fleet,,Weekend,April,2022,Sunny,33.4
SESS000913,STN0049,Chandigarh Fast Charge Center,Chandigarh,Punjab,Mall,CHG00594,,Type 2,,,Ola S1 Pro,2023-10-15 11:31:30,15-10-2023 12:31:30,60.0,0.46,0.0,COMPLETED,-5.0,66.9,3.81,,,Commercial,yes,Holiday,October,2023,Rainy,23.3
SESS001276,STN0072,Lucknow Power Station,Lucknow,Uttar Pradesh,,CHG00580,ac,ccs2,,3-Wheeler,Citroen eC3,24-01-2025 16:43:32,24-01-2025 17:32:32,49.0,24.22,0.0,completed,,,288.94,11.93,App,Fleet,,Holiday,January,2025,Humid,26.0
SESS000617,STN0144,Indore EV Hub,Indore,Madhya Pradesh,Hotel,CHG00773,,,3.3,SUV,Kia EV6,2021-08-14 23:07:11,14-08-2021 23:35:11,28.0,,13.0,Cancelled,-5.0,,72.07,12.49,Wallet,Fleet,no,Holiday,August,2021,Humid,37.6
SESS001151,STN0242,Lucknow Charge Point,Lucknow,Uttar Pradesh,Highway,CHG00307,DC fast,ccs2,,,Hyundai Kona,27-11-2022 13:59:16,2022-11-27 14:11:16,12.0,40.71,,Cancelled,,84.4,373.31,9.17,App,,Yes,Holiday,November,2022,Cloudy,
SESS001177,STN0118,Kolkata Power Station,Kolkata,West Bengal,Highway,CHG00085,DC fast,,60.0,SUV,Hyundai Kona,2025-08-09 19:53:46,09/08/2025 20:41,48.0,22.49,0.0,COMPLETED,-5.0,,216.8,9.64,upi,,Y,Weekend,August,2025,Rainy,28.2
SESS001813,STN0223,Surat EV Hub,Surat,Gujarat,Residential,CHG00010,DC fast,ccs2,30.0,2-Wheeler,Citroen eC3,26-09-2024 09:34:12,26-09-2024 10:39:12,65.0,28.49,8.0,Cancelled,38.0,,298.86,,Cash,Commercial,Yes,Holiday,September,2024,Rainy,45.3
SESS000262,STN0022,Jaipur Charge Point,Jaipur,Rajasthan,Hotel,CHG00132,ac,,7.2,2-Wheeler,Kia EV6,17-05-2023 19:13:59,17/05/2023 20:42,,17.13,0.0,completed,-5.0,150.0,355.96,,Cash,,no,Weekday,May,2023,Cloudy,
SESS001465,STN0022,Chandigarh Power Station,Chandigarh,PUNJAB,Hotel,CHG00300,DC fast,Type 2,7.2,3-Wheeler,Ola S1 Pro,20/07/2021 15:28,20-07-2021 15:29:15,1.0,14.84,6.0,Failed,11.4,91.1,186.69,12.58,App,Individual,N,Weekend,July,2021,Sunny,28.9
SESS000853,STN0008,Chennai EV Hub,Chennai,Tamil Nadu,,CHG00397,ac,,22.0,SUV,Mahindra XUV400,02-08-2022 01:54:38,02-08-2022 02:54:38,60.0,20.09,,Completed,105.0,,429.93,21.4,upi,Fleet,Y,Holiday,August,2022,Sunny,29.5
SESS000557,STN0027,Delhi Charge Point,Delhi,Delhi,highway,CHG00269,DC Ultra Fast,,50.0,Car,Citroen eC3,2021-03-24 16:42:08,2021-03-24 16:45:08,3.0,28.91,,Failed,-5.0,150.0,346.63,11.99,,Fleet,No,Weekend,March,2021,Rainy,29.4
SESS001429,STN0004,Pune Power Station,Pune,Maharashtra,Office,CHG00200,DC fast,GB/T,50.0,SUV,Bajaj Chetak,2024-07-21 15:35:38,21-07-2024 16:32:38,57.0,,0.0,Completed,-5.0,150.0,235.18,,,Individual,no,Weekday,July,2024,Sunny,34.9
SESS000173,STN0081,Delhi Power Station,Delhi,Delhi,Parking,CHG00721,DC Fast,Type 2,30.0,SUV,Kia EV6,20/11/2022 03:42,20-11-2022 04:03:39,21.0,10.13,0.0,COMPLETED,105.0,,158.23,15.62,Cash,Fleet,,Weekend,November,2022,Cloudy,33.0
SESS000971,STN0215,Mumbai Power Station,Mumbai,Maharashtra,highway,CHG00216,,,60.0,Car,Bajaj Chetak,2022-02-09 21:16:35,09/02/2022 20:13,-63.0,5.8,,Failed,105.0,,111.88,19.29,Cash,,no,Weekend,February,2022,Rainy,17.6
SESS000236,STN0073,Chandigarh Fast Charge Center,Chandigarh,Punjab,Highway,CHG00473,DC Fast,GB/T,,Bus,Citroen eC3,30-06-2021 19:36:35,30-06-2021 21:32:35,116.0,22.04,22.0,Failed,-5.0,150.0,335.45,15.22,UPI,Fleet,,Holiday,June,2021,Rainy,
SESS001714,STN0057,Jaipur EV Hub,Jaipur,Rajasthan,Office,CHG00668,ac,CCS,,Car,Ather 450X,22-09-2025 10:51:07,22-09-2025 11:47:07,56.0,27.57,,Failed,21.1,68.9,314.3,11.4,UPI,Fleet,Yes,Weekend,September,2025,Humid,28.2
SESS000608,STN0180,Pune Charge Point,pune,Maharashtra,highway,CHG00404,DC Fast,,60.0,Bus,MG ZS EV,2023-12-28 04:10:26,2023-12-28 04:17:26,7.0,33.05,1.0,Cancelled,,63.9,645.47,19.53,Cash,Commercial,Yes,Holiday,December,2023,Cloudy,32.4
SESS001584,STN0008,Indore Power Station,Indore,Madhya Pradesh,Mall,CHG00217,,GB/T,50.0,,Kia EV6,03/06/2021 10:27,03/06/2021 10:57,30.0,7.24,,completed,29.8,64.2,118.3,16.34,UPI,Individual,N,Weekday,June,2021,Humid,24.8
SESS000283,STN0224,Bhopal EV Hub,Bhopal,Madhya Pradesh,Parking,CHG00797,DC Fast,GB/T,30.0,3-Wheeler,,25/10/2024 21:44,25-10-2024 22:06:42,22.0,20.59,0.0,Failed,105.0,150.0,401.5,19.5,Card,Individual,,Weekend,October,2024,Rainy,46.9
SESS000967,STN0093,Bhopal Fast Charge Center,Bhopal,Madhya Pradesh,,CHG00140,ac,CCS,60.0,Bus,Ola S1 Pro,2021-07-30 03:00:57,30-07-2021 03:17:57,17.0,36.33,0.0,COMPLETED,105.0,150.0,795.99,21.91,Card,Fleet,N,Weekday,July,2021,Sunny,23.1
SESS000547,STN0090,Kochi Power Station,KOCHI,Kerala,Residential,CHG00555,,GB/T,120.0,,Tata Nexon EV,2022-11-24 07:45:57,24/11/2022 08:53,68.0,24.03,0.0,Cancelled,-5.0,98.3,267.45,11.13,UPI,Individual,,Weekday,November,2022,Sunny,28.6
SESS001299,STN0093,Ahmedabad Fast Charge Center,Ahmedabad,Gujarat,Mall,CHG00070,,Type 2,,2-Wheeler,Ola S1 Pro,22/10/2024 23:17,23-10-2024 00:11:18,54.0,12.14,,COMPLETED,105.0,78.1,192.18,15.83,App,Fleet,no,Weekday,October,2024,Foggy,34.4
SESS001037,STN0091,Bengaluru EV Hub,Bengaluru,Karnataka,highway,CHG00454,,,30.0,2 Wheeler,,2021-11-18 02:00:29,18/11/2021 02:45,45.0,24.32,,Failed,-5.0,74.4,447.73,,App,,yes,Weekday,November,2021,Humid,31.2
SESS000301,STN0027,Surat Charge Point,surat,Gujarat,Mall,CHG00826,DC Fast,GB/T,,Bus,Citroen eC3,2022-10-20 12:10:56,20-10-2022 13:28:56,78.0,16.32,,completed,,,219.34,13.44,Cash,Individual,Yes,Weekday,October,2022,Humid,17.4
SESS000620,STN0006,Pune Fast Charge Center,Pune,MAHARASHTRA,Mall,CHG00277,DC Fast,CCS,7.2,,TVS iQube,09/06/2024 11:25,09-06-2024 12:52:39,87.0,17.58,0.0,Cancelled,,93.9,299.21,17.02,Wallet,Individual,No,Holiday,June,2024,Cloudy,33.7
SESS001647,STN0125,Delhi Fast Charge Center,Delhi,Delhi,Hotel,CHG00878,DC Fast,,50.0,2-Wheeler,TVS iQube,20-10-2021 03:08:15,2021-10-20 04:09:15,61.0,0.1,2.0,Failed,-5.0,150.0,0.95,9.54,,Commercial,N,Holiday,October,2021,Sunny,36.6
SESS001144,STN0152,Patna Charge Point,  Patna ,Bihar,Parking,CHG00481,DC Fast,CCS,22.0,3-Wheeler,Ather 450X,17-04-2025 02:01:17,2025-04-17 02:26:17,25.0,24.76,8.0,completed,,90.3,533.33,21.54,App,Individual,No,Weekend,April,2025,,41.8
SESS001295,STN0248,Gurugram Charge Point,Gurugram,Haryana,Mall,CHG00196,DC fast,ccs2,30.0,Car,,04-01-2022 17:31:51,,1.0,14.93,11.0,completed,35.6,90.7,141.09,9.45,,,yes,Holiday,January,2022,Sunny,28.7
SESS000198,STN0066,Gurugram Charge Point,Gurugram,Haryana,Hotel,CHG00399,ac,GB/T,22.0,Bus,Citroen eC3,2021-02-03 06:23:48,2021-02-03 07:23:48,,33.96,0.0,Cancelled,7.9,150.0,,13.19,Cash,Commercial,No,Weekday,February,2021,Sunny,31.5
SESS000865,STN0041,Jaipur Charge Point,Jaipur,Rajasthan,Residential,CHG00553,ac,CCS,7.2,SUV,Hyundai Kona,12-12-2025 17:55:23,12/12/2025 19:14,79.0,26.48,0.0,Failed,,,278.83,10.53,UPI,Fleet,no,Holiday,December,2025,Humid,26.9
SESS001118,STN0249,Kolkata EV Hub,Kolkata,West Bengal,Hotel,CHG00264,ac,GB/T,120.0,SUV,,02-04-2025 02:04:18,2025-04-02 02:15:18,11.0,5.01,,Cancelled,-5.0,76.2,52.66,10.51,Wallet,Individual,Y,Weekend,April,2025,Sunny,22.3
SESS001623,STN0192,INDORE POWER STATION,Indore,Madhya Pradesh,Highway,CHG00826,,ccs2,60.0,3-Wheeler,Citroen eC3,19/08/2023 00:52,19/08/2023 02:07,,11.5,0.0,Cancelled,-5.0,75.1,105.45,9.17,,Fleet,yes,Weekday,August,2023,Rainy,30.7
SESS001852,STN0039,Noida Charge Point,Noida,UTTAR PRADESH,Office,CHG00350,ac,ccs2,7.2,2 Wheeler,Bajaj Chetak,2024-02-19 06:56:36,,36.0,25.67,26.0,completed,105.0,150.0,297.77,11.6,App,Individual,No,Weekend,February,2024,,37.6
SESS000927,STN0060,Indore Charge Point,Indore,MADHYA PRADESH,Highway,CHG00094,ac,GB/T,150.0,SUV,TVS iQube,18/07/2023 14:02,18/07/2023 14:14,12.0,35.27,,COMPLETED,-5.0,72.9,,10.85,Cash,Fleet,No,Weekend,July,2023,Cloudy,29.9
SESS000553,STN0189,Pune EV Hub,Pune,Maharashtra,Residential,CHG00551,DC Ultra Fast,ccs2,22.0,2 Wheeler,,15-06-2025 11:40:21,15-06-2025 12:30:21,50.0,9.41,,completed,-5.0,,199.77,21.23,Wallet,Commercial,Y,Weekend,June,2025,Humid,9.5
SESS000747,STN0219,Kochi Fast Charge Center,Kochi,Kerala,Residential,CHG00281,DC Fast,CHAdeMO,150.0,,Hyundai Kona,2023-10-09 17:52:00,,90.0,35.77,0.0,completed,-5.0,,778.0,21.75,Cash,,N,Weekend,October,2023,Foggy,29.6
SESS000682,STN0115,Patna Charge Point,Patna,Bihar,Highway,CHG00244,DC fast,GB/T,60.0,SUV,Ather 450X,04-08-2023 23:52:22,2023-08-05 00:39:22,,13.85,,Completed,11.9,150.0,209.13,15.1,App,,No,Holiday,August,2023,Sunny,27.2
SESS000259,STN0186,jaipur EV Hub,jaipur,Rajasthan,Mall,CHG00542,DC Ultra Fast,,60.0,3-Wheeler,,30-05-2025 14:10:05,30-05-2025 13:44:05,-26.0,37.68,,COMPLETED,105.0,70.7,526.77,13.98,,,yes,Weekend,May,2025,Rainy,30.5
SESS000574,STN0129,Kolkata EV Hub,Kolkata,West Bengal,Residential,CHG00152,DC Ultra Fast,CCS,60.0,Car,Kia EV6,06-10-2023 22:54:19,,33.0,18.57,,COMPLETED,-5.0,,240.48,12.95,App,Commercial,yes,Weekend,October,2023,Humid,29.6
SESS000792,STN0121,Indore Power Station,Indore,Madhya Pradesh,Highway,CHG00374,ac,CCS,120.0,2 Wheeler,Kia EV6,29-01-2023 15:16:56,2023-01-29 16:29:56,73.0,14.37,0.0,completed,33.0,73.9,133.07,,,Individual,,Holiday,January,2023,Foggy,36.0
SESS000149,STN0102,Chandigarh EV Hub,chandigarh,Punjab,Mall,CHG00418,DC Fast,CCS,120.0,Car,,16/04/2023 20:02,16-04-2023 20:58:28,56.0,7.53,0.0,Failed,-5.0,150.0,127.56,16.94,UPI,Fleet,no,Holiday,April,2023,,37.6
,STN0031,hyderabad fast charge center,Hyderabad,Telangana,highway,CHG00765,DC Ultra Fast,Type 2,,,Bajaj Chetak,10/04/2023 10:38,10-04-2023 11:54:36,76.0,,,Cancelled,7.4,,156.81,13.53,App,Commercial,no,Weekday,April,2023,Foggy,23.1
SESS001411,STN0187,Pune Charge Point,Pune,Maharashtra,,CHG00640,DC fast,,,,,2022-09-22 12:31:59,22-09-2022 13:41:59,70.0,0.1,,COMPLETED,,88.3,1.65,16.52,Card,Commercial,,Weekday,September,2022,Rainy,
SESS001335,STN0128,Pune Charge Point,Pune,Maharashtra,Residential,CHG00050,DC fast,CHAdeMO,50.0,2 Wheeler,Tata Nexon EV,19/03/2024 03:07,19/03/2024 04:03,56.0,21.13,,Completed,105.0,150.0,364.92,17.27,upi,Individual,yes,Holiday,March,2024,Sunny,27.7
SESS001025,STN0213,Indore Fast Charge Center,Indore,MADHYA PRADESH,Residential,CHG00640,DC fast,CHAdeMO,150.0,Car,Tata Nexon EV,19/09/2023 17:10,19/09/2023 18:39,89.0,,0.0,Cancelled,,62.3,247.94,18.67,App,Commercial,,Holiday,September,2023,Sunny,36.7
SESS001377,STN0003,Lucknow Fast Charge Center,Lucknow,Uttar Pradesh,Residential,CHG00102,ac,ccs2,,Car,Ather 450X,2021-09-09 05:55:58,,58.0,,24.0,Completed,-5.0,94.3,313.06,14.83,upi,,Y,Weekday,September,2021,Sunny,33.0
SESS000041,STN0240,Bengaluru Fast Charge Center,Bengaluru,Karnataka,Residential,CHG00093,DC fast,CCS,,,Hyundai Kona,24-03-2025 02:58:04,24/03/2025 03:35,37.0,28.33,0.0,COMPLETED,35.2,,536.0,18.92,App,Commercial,N,Weekday,March,2025,Sunny,25.9
SESS000362,STN0008,Kolkata Fast Charge Center,KOLKATA,West Bengal,highway,CHG00552,AC,,22.0,,Citroen eC3,17-02-2023 09:29:55,17/02/2023 10:22,53.0,31.47,,COMPLETED,105.0,150.0,,13.75,App,Individual,yes,Weekend,February,2023,Humid,23.0
SESS001998,STN0018,Pune EV Hub,Pune,Maharashtra,Highway,CHG00789,DC Fast,GB/T,120.0,,,2025-02-25 10:29:27,25/02/2025 10:30,1.0,30.3,,Failed,-5.0,150.0,414.2,13.67,,Individual,,Weekday,February,2025,Sunny,25.3
SESS000911,STN0015,kochi fast charge center,Kochi,Kerala,Office,CHG00247,DC Ultra Fast,,22.0,2 Wheeler,Ather 450X,17/09/2024 08:21,,34.0,34.67,,COMPLETED,105.0,96.0,741.59,21.39,Cash,Individual,no,Weekday,September,2024,Rainy,20.8
SESS001861,STN0170,Mumbai Fast Charge Center,Mumbai,Maharashtra,highway,CHG00277,DC Fast,,7.2,2-Wheeler,Mahindra XUV400,01-01-2023 19:01:06,,60.0,,,Completed,,150.0,349.03,20.21,Cash,,N,Weekday,January,2023,Humid,27.9
SESS001668,STN0056,Gurugram Charge Point,Gurugram,Haryana,Highway,CHG00126,DC fast,CCS,50.0,3-Wheeler,Ola S1 Pro,04/04/2025 04:57,2025-04-04 05:22:43,25.0,24.17,,Failed,,150.0,273.85,11.33,upi,Individual,yes,Holiday,April,2025,Rainy,30.6
SESS000916,STN0177,Indore Fast Charge Center,Indore,Madhya Pradesh,Highway,CHG00696,DC fast,CHAdeMO,30.0,SUV,Kia EV6,19-11-2023 01:49:09,19-11-2023 02:57:09,68.0,32.84,0.0,completed,,,630.53,,App,Fleet,,Weekday,November,2023,Cloudy,24.5
SESS001565,STN0247,Mumbai EV Hub,Mumbai,  Maharashtra ,Residential,CHG00883,,CCS,150.0,Car,BYD Atto 3,22-07-2021 01:10:22,2021-07-22 01:31:22,21.0,8.83,,Completed,,150.0,146.22,16.56,App,Commercial,Y,Holiday,July,2021,Cloudy,27.3
SESS001885,STN0176,Jaipur Power Station,Jaipur,Rajasthan,Highway,CHG00776,DC Ultra Fast,GB/T,50.0,3-Wheeler,,11-01-2022 20:01:20,11-01-2022 20:31:20,30.0,4.53,28.0,completed,105.0,150.0,69.35,,App,Fleet,Y,Weekday,January,2022,Rainy,22.4
SESS000944,STN0111,Pune Fast Charge Center,Pune,Maharashtra,Parking,CHG00792,,CHAdeMO,30.0,2-Wheeler,,05/09/2024 02:29,05-09-2024 03:32:20,63.0,7.66,0.0,Failed,13.9,150.0,74.07,9.67,,Individual,Y,Weekday,September,2024,Foggy,15.4
SESS000280,STN0149,Bengaluru Charge Point,Bengaluru,Karnataka,Parking,CHG00529,DC Ultra Fast,GB/T,150.0,2 Wheeler,Ola S1 Pro,27/08/2024 16:29,2024-08-27 18:08:40,99.0,10.31,0.0,Failed,,150.0,90.52,8.78,UPI,Individual,Y,Holiday,August,2024,,34.7
SESS000794,STN0004,Jaipur EV Hub,Jaipur,Rajasthan,Mall,CHG00180,DC fast,Type 2,,Bus,MG ZS EV,2023-06-29 22:59:29,29/06/2023 23:09,10.0,17.26,21.0,COMPLETED,16.8,87.1,155.34,9.0,Cash,,no,Holiday,June,2023,Sunny,
SESS001781,STN0209,Gurugram Charge Point,gurugram,Haryana,Residential,CHG00536,ac,ccs2,30.0,SUV,Mahindra XUV400,11-10-2022 02:44:21,2022-10-11 03:00:21,16.0,8.74,,COMPLETED,,90.8,81.81,9.36,,Fleet,Y,Weekend,October,2022,Foggy,32.0
SESS000035,STN0195,Pune Fast Charge Center,Pune,Maharashtra,highway,CHG00898,DC Ultra Fast,,7.2,2-Wheeler,TVS iQube,28/01/2021 17:19,2021-01-28 17:49:33,30.0,-0.82,10.0,Failed,105.0,150.0,362.15,20.53,Cash,Individual,yes,Weekday,January,2021,Foggy,22.8
SESS001738,STN0063,Kolkata Power Station,Kolkata,West Bengal,Mall,CHG00138,DC Fast,Type 2,7.2,SUV,Mahindra XUV400,10/09/2022 15:27,10/09/2022 16:06,39.0,15.42,3.0,Cancelled,-5.0,,333.07,21.6,App,,N,Holiday,September,2022,Cloudy,22.1
SESS001427,STN0024,Kochi Fast Charge Center,Kochi,Kerala,Parking,CHG00286,DC fast,CCS,,3-Wheeler,Citroen eC3,06/09/2021 20:27,06-09-2021 21:15:03,48.0,12.82,0.0,Cancelled,,150.0,119.74,9.34,,Commercial,no,Holiday,September,2021,,28.3
SESS000085,STN0215,Kochi Power Station,Kochi,KERALA,Hotel,CHG00536,,,,2-Wheeler,Ather 450X,04-11-2024 02:53:31,2024-11-04 03:28:31,35.0,7.0,0.0,Completed,,99.0,108.78,15.54,Wallet,,Yes,Weekday,November,2024,Humid,34.7
SESS001896,STN0024,Surat Fast Charge Center,Surat,Gujarat,Mall,CHG00854,DC Fast,ccs2,60.0,2-Wheeler,Citroen eC3,06-06-2025 00:02:10,06-06-2025 01:00:10,58.0,11.62,0.0,Cancelled,27.8,94.8,203.93,17.55,Card,Commercial,Y,Holiday,June,2025,,30.7
SESS000784,STN0239,Lucknow Fast Charge Center,Lucknow,Uttar Pradesh,Residential,CHG00524,DC Fast,,30.0,,Tata Tiago EV,17/09/2025 17:48,17/09/2025 18:31,43.0,-8.44,24.0,Cancelled,8.1,150.0,53.01,21.85,,Individual,,Holiday,September,2025,Cloudy,19.4
SESS001115,STN0113,Hyderabad Power Station,Hyderabad,Telangana,Mall,CHG00557,DC fast,ccs2,7.2,2-Wheeler,Mahindra XUV400,18/04/2022 02:00,18-04-2022 02:49:14,49.0,11.36,0.0,COMPLETED,-5.0,,105.53,9.29,,Individual,Y,Weekday,April,2022,Foggy,
SESS001972,STN0019,pune charge point,Pune,MAHARASHTRA,Hotel,CHG00700,ac,Type 2,,SUV,,2022-06-08 06:30:26,08/06/2022 07:22,52.0,18.12,0.0,COMPLETED,-5.0,150.0,307.13,16.95,upi,Individual,no,Holiday,June,2022,Cloudy,33.0
SESS001088,STN0094,Patna Charge Point,Patna,Bihar,Office,CHG00145,DC fast,Type 2,50.0,2 Wheeler,Hyundai Kona,2024-04-14 20:14:19,2024-04-14 21:27:19,73.0,25.96,0.0,Cancelled,105.0,150.0,344.23,13.26,Wallet,Fleet,Y,Holiday,April,2024,Humid,26.4
SESS000387,STN0114,Noida Fast Charge Center,Noida,Uttar Pradesh,Residential,CHG00695,DC fast,CCS,150.0,Car,,30-08-2023 09:02:33,2023-08-30 09:58:33,56.0,3.85,0.0,completed,-5.0,92.7,59.75,15.52,upi,Individual,Y,Holiday,August,2023,,31.0
SESS000480,STN0172,Delhi Charge Point,Delhi,Delhi,Highway,CHG00785,ac,,3.3,,Kia EV6,21/02/2024 06:55,21-02-2024 07:14:26,19.0,6.06,12.0,completed,105.0,,101.08,16.68,,Fleet,Y,Weekend,February,2024,Foggy,21.4
SESS000796,STN0005,Jaipur EV Hub,Jaipur,Rajasthan,,CHG00188,DC Fast,,,SUV,Citroen eC3,18-11-2021 14:32:43,18/11/2021 15:04,32.0,25.23,,Failed,-5.0,,414.53,16.43,Card,Individual,Y,Weekday,November,2021,Rainy,
SESS000621,STN0236,Indore Power Station,Indore,Madhya Pradesh,highway,CHG00257,ac,,50.0,2-Wheeler,Ather 450X,2021-12-24 10:29:34,2021-12-24 11:21:34,52.0,26.67,,completed,105.0,150.0,265.1,,,Fleet,N,Weekend,December,2021,Sunny,43.3
SESS001184,STN0033,Indore EV Hub,Indore,Madhya Pradesh,,CHG00744,AC,Type 2,30.0,2 Wheeler,BYD Atto 3,2022-03-16 10:15:50,16/03/2022 10:41,26.0,18.91,,Completed,15.2,60.8,151.47,8.01,Cash,,N,Weekday,March,2022,Rainy,52.8
SESS001899,STN0164,gurugram ev hub,Gurugram,Haryana,Residential,CHG00335,DC fast,CCS,120.0,SUV,Hyundai Kona,2022-04-29 16:45:25,29-04-2022 17:24:25,39.0,26.55,0.0,Failed,,87.4,399.84,15.06,Cash,Individual,,Weekend,April,2022,Foggy,39.4
SESS001959,STN0126,Patna Charge Point,Patna,Bihar,Office,CHG00734,,Type 2,,Car,Tata Nexon EV,24/06/2023 16:48,24-06-2023 17:01:05,13.0,42.43,,Cancelled,,,406.9,9.59,UPI,Commercial,No,Weekend,June,2023,Rainy,28.7
SESS001720,STN0182,Patna Power Station,Patna,Bihar,Residential,CHG00516,ac,CCS,22.0,Car,Tata Nexon EV,2025-08-08 01:11:15,2025-08-08 01:31:15,20.0,37.36,0.0,completed,34.4,,779.7,20.87,UPI,,Yes,Weekday,August,2025,Cloudy,28.0
SESS001778,STN0189,Indore Fast Charge Center,  Indore ,Madhya Pradesh,Office,CHG00597,AC,,,SUV,Tata Nexon EV,06-07-2021 10:45:37,06-07-2021 12:13:37,88.0,25.06,19.0,Completed,105.0,150.0,340.57,,UPI,Commercial,Yes,Holiday,July,2021,Cloudy,24.6
SESS000268,STN0023,Patna Fast Charge Center,Patna,Bihar,Parking,CHG00614,DC Fast,ccs2,50.0,,Tata Nexon EV,2022-12-30 00:43:12,30/12/2022 01:52,69.0,45.72,0.0,COMPLETED,-5.0,71.7,,16.63,Card,Fleet,No,Holiday,December,2022,Humid,
SESS001617,STN0239,Lucknow Power Station,Lucknow,Uttar Pradesh,Office,CHG00185,AC,CCS,22.0,3-Wheeler,Tata Nexon EV,06-09-2024 14:06:47,06-09-2024 14:38:47,32.0,9.05,0.0,Failed,,87.3,158.56,17.52,Cash,Commercial,no,Weekend,September,2024,Rainy,
SESS000490,STN0247,Bengaluru Fast Charge Center,Bengaluru,Karnataka,Parking,CHG00747,DC Ultra Fast,GB/T,,3-Wheeler,BYD Atto 3,25-09-2024 10:49:18,2024-09-25 10:51:18,2.0,25.3,14.0,COMPLETED,,,527.0,20.83,,Fleet,no,Holiday,September,2024,Cloudy,28.5
SESS001226,STN0057,Delhi Power Station,  Delhi ,Delhi,Hotel,CHG00374,DC Fast,GB/T,,2 Wheeler,Ola S1 Pro,2021-02-12 14:02:07,12/02/2021 14:56,54.0,28.43,6.0,COMPLETED,-5.0,61.4,,15.29,Wallet,Commercial,N,Holiday,February,2021,Sunny,30.3
SESS001442,STN0106,Hyderabad Charge Point,Hyderabad,Telangana,Highway,CHG00156,AC,CHAdeMO,60.0,2 Wheeler,Hyundai Kona,09-03-2023 11:48:52,09-03-2023 12:34:52,46.0,35.52,,Failed,,150.0,512.91,14.44,upi,Commercial,Y,Holiday,March,2023,Rainy,27.1
SESS000188,STN0078,Gurugram Fast Charge Center,Gurugram,HARYANA,Residential,CHG00471,AC,CHAdeMO,30.0,2 Wheeler,Hyundai Kona,29-09-2024 13:25:41,29-09-2024 13:28:41,3.0,4.89,0.0,Failed,-5.0,-7.0,49.14,10.05,Card,Individual,Yes,Weekday,September,2024,Rainy,25.0
SESS000427,STN0213,Mumbai Charge Point,Mumbai,Maharashtra,Office,CHG00735,ac,ccs2,30.0,3-Wheeler,,29-06-2023 09:43:05,29/06/2023 10:27,44.0,14.0,,COMPLETED,,75.1,236.46,16.89,App,Fleet,N,Weekday,June,2023,Foggy,23.2
SESS001244,STN0214,Jaipur EV Hub,  Jaipur ,  Rajasthan ,Mall,CHG00369,AC,ccs2,30.0,,MG ZS EV,22-11-2024 03:52:40,22/11/2024 04:37,45.0,0.1,,completed,28.7,150.0,1.0,,Wallet,Individual,no,Weekend,November,2024,Foggy,25.0
SESS000146,STN0063,Noida Power Station,Noida,Uttar Pradesh,Parking,CHG00807,ac,GB/T,3.3,3-Wheeler,Hyundai Kona,2025-02-09 23:50:41,2025-02-10 01:08:41,78.0,18.62,0.0,Failed,,69.7,379.48,20.38,App,,Y,Holiday,February,2025,Cloudy,30.6
SESS001598,STN0232,Noida Charge Point,NOIDA,Uttar Pradesh,highway,CHG00002,ac,Type 2,22.0,2-Wheeler,MG ZS EV,2021-07-17 03:11:24,17-07-2021 03:32:24,21.0,4.13,,COMPLETED,29.2,150.0,46.67,11.3,Card,Individual,,Holiday,July,2021,Rainy,30.5
SESS001313,STN0020,Delhi Fast Charge Center,Delhi,Delhi,Mall,CHG00865,DC Ultra Fast,GB/T,150.0,SUV,Hyundai Kona,18-11-2024 17:08:44,18-11-2024 18:01:44,53.0,9.71,,COMPLETED,,,116.13,11.96,App,,Yes,Holiday,November,2024,,24.2
SESS001388,STN0185,Surat Power Station,Surat,Gujarat,Parking,CHG00142,,GB/T,30.0,SUV,Ather 450X,21/10/2022 19:41,2022-10-21 20:09:56,28.0,40.17,10.0,Failed,,,337.43,8.4,upi,Individual,N,Holiday,October,2022,Sunny,25.4
SESS001168,STN0178,Delhi Fast Charge Center,Delhi,Delhi,Office,CHG00315,ac,ccs2,30.0,,Hyundai Kona,22-05-2021 03:58:14,2021-05-22 04:10:14,12.0,21.57,,completed,15.7,,357.41,16.57,,Commercial,Y,Holiday,May,2021,Cloudy,29.6
SESS000457,STN0238,Kolkata Fast Charge Center,Kolkata,WEST BENGAL,Residential,CHG00010,DC Ultra Fast,Type 2,30.0,Car,Ather 450X,2024-09-28 04:36:37,28-09-2024 05:15:37,39.0,43.77,,COMPLETED,105.0,150.0,809.31,18.49,Card,Individual,yes,Holiday,September,2024,Cloudy,34.7
SESS000204,STN0073,Bhopal Power Station,Bhopal,Madhya Pradesh,Highway,CHG00154,DC fast,GB/T,120.0,,Kia EV6,12/09/2024 22:00,12-09-2024 23:02:39,62.0,22.02,0.0,completed,28.9,150.0,216.9,9.85,upi,Fleet,yes,Weekend,September,2024,Cloudy,20.0
SESS001940,STN0163,Gurugram Fast Charge Center,Gurugram,Haryana,Parking,CHG00324,DC Fast,Type 2,7.2,Bus,,2023-01-30 01:33:08,2023-01-30 02:27:08,54.0,23.76,0.0,Failed,-5.0,69.1,233.32,9.82,Wallet,Individual,Y,Weekday,January,2023,,19.6
SESS001995,STN0026,Hyderabad Fast Charge Center,Hyderabad,Telangana,Highway,CHG00538,DC Fast,Type 2,30.0,2 Wheeler,Ola S1 Pro,05/04/2022 16:48,2022-04-05 17:09:05,21.0,1.6,,completed,-5.0,78.1,22.86,14.29,Wallet,,N,Weekday,April,2022,,38.0
SESS000024,STN0075,hyderabad Fast Charge Center,hyderabad,Telangana,Office,CHG00428,,CCS,30.0,,Ather 450X,22-03-2023 01:34:09,22-03-2023 01:35:09,1.0,13.21,,Failed,-5.0,,241.21,18.26,UPI,Individual,yes,Weekend,March,2023,Cloudy,21.5
SESS000208,STN0025,Lucknow EV Hub,Lucknow,Uttar Pradesh,Office,CHG00320,AC,CHAdeMO,,SUV,Hyundai Kona,26/05/2022 23:25,2022-05-26 23:27:37,2.0,,9.0,COMPLETED,105.0,,64.87,10.12,Wallet,,,Weekend,May,2022,Sunny,24.5
SESS000850,STN0140,Pune Charge Point,Pune,Maharashtra,highway,CHG00180,ac,CHAdeMO,7.2,SUV,Ola S1 Pro,2024-06-22 13:37:45,2024-06-22 14:46:45,69.0,10.93,,completed,14.5,4.5,220.46,,Wallet,,No,Weekday,June,2024,Sunny,15.4
SESS000872,STN0173,Pune Power Station,Pune,Maharashtra,Office,CHG00402,DC Fast,CCS,50.0,SUV,,03-01-2022 01:43:48,03-01-2022 02:24:48,41.0,0.1,,Completed,-5.0,150.0,,14.58,upi,Fleet,No,Holiday,January,2022,Foggy,29.1
SESS001994,STN0205,Hyderabad EV Hub,HYDERABAD,Telangana,Parking,CHG00871,DC Ultra Fast,ccs2,120.0,SUV,Bajaj Chetak,08/01/2024 14:43,08/01/2024 15:27,44.0,28.6,19.0,Completed,-5.0,150.0,558.27,19.52,Cash,,No,Holiday,January,2024,,35.7
SESS001449,STN0136,Jaipur Charge Point,Jaipur,Rajasthan,Office,CHG00364,DC Ultra Fast,ccs2,,2 Wheeler,BYD Atto 3,2023-07-19 04:17:30,2023-07-19 04:55:30,38.0,4.45,0.0,completed,25.7,,64.66,,Cash,Commercial,,Holiday,July,2023,,29.3
SESS000003,STN0086,Hyderabad Power Station,Hyderabad,Telangana,Residential,CHG00781,DC Fast,CHAdeMO,50.0,2-Wheeler,,17-11-2021 20:36:37,17/11/2021 21:49,73.0,12.64,9.0,Cancelled,-5.0,,107.57,8.51,Cash,Fleet,no,Weekday,November,2021,,36.2
SESS001395,STN0167,Chennai Power Station,Chennai,Tamil Nadu,Mall,CHG00158,DC Ultra Fast,GB/T,120.0,SUV,Kia EV6,24-07-2021 20:46:16,24-07-2021 21:51:16,65.0,24.72,0.0,completed,-5.0,150.0,506.02,20.47,upi,Individual,No,Holiday,July,2021,Rainy,32.4
SESS000774,STN0139,Noida Power Station,NOIDA,Uttar Pradesh,Residential,CHG00606,,CCS,60.0,SUV,Ola S1 Pro,21-11-2025 12:04:55,,75.0,26.69,0.0,Completed,17.7,,550.08,20.61,App,Commercial,No,Weekend,November,2025,Rainy,27.1
SESS001187,STN0006,Indore Fast Charge Center,indore,MADHYA PRADESH,Office,CHG00689,,,,Car,Kia EV6,2025-12-25 17:58:21,25/12/2025 19:14,76.0,31.93,25.0,Cancelled,,67.7,457.88,14.34,Wallet,,No,Holiday,December,2025,Cloudy,20.8
SESS000345,STN0047,Indore EV Hub,Indore,Madhya Pradesh,highway,CHG00552,DC fast,CHAdeMO,,2 Wheeler,Citroen eC3,23/01/2023 13:58,23/01/2023 13:59,1.0,11.98,20.0,completed,-5.0,,123.51,10.31,upi,Fleet,N,Holiday,January,2023,Humid,24.2
SESS001326,STN0072,Chennai Charge Point,Chennai,Tamil Nadu,Hotel,CHG00634,,CCS,60.0,2-Wheeler,Citroen eC3,23/11/2022 05:02,23-11-2022 05:43:42,41.0,8.67,40.0,completed,-5.0,,106.47,12.28,Wallet,Individual,yes,Holiday,November,2022,Cloudy,
SESS000151,STN0072,CHENNAI FAST CHARGE CENTER,  Chennai ,Tamil Nadu,Office,CHG00687,,CHAdeMO,50.0,Car,Bajaj Chetak,08/03/2022 18:20,08/03/2022 19:14,54.0,18.89,,completed,9.6,88.3,368.54,19.51,UPI,Fleet,,Weekend,March,2022,Rainy,29.6
SESS000462,STN0109,Kolkata Power Station,Kolkata,West Bengal,Office,CHG00520,,CHAdeMO,7.2,Car,Kia EV6,27-03-2023 03:58:19,27/03/2023 04:57,59.0,36.07,0.0,completed,,,538.53,14.93,Card,,,Weekend,March,2023,Humid,25.5
SESS001500,STN0194,Bengaluru Fast Charge Center,Bengaluru,Karnataka,,CHG00863,,ccs2,,Bus,TVS iQube,13-07-2023 15:18:58,13/07/2023 15:55,37.0,28.59,,Failed,105.0,150.0,444.57,,Cash,Commercial,N,Weekend,July,2023,Rainy,32.1
SESS001203,STN0241,Bengaluru Charge Point,Bengaluru,KARNATAKA,Highway,CHG00450,ac,GB/T,60.0,SUV,TVS iQube,29-07-2024 11:40:08,2024-07-29 12:37:08,57.0,12.97,0.0,COMPLETED,20.3,,281.06,21.67,App,Commercial,Y,Holiday,July,2024,Humid,41.3
SESS000200,STN0204,Indore Fast Charge Center,Indore,Madhya Pradesh,Office,CHG00685,DC fast,GB/T,30.0,,TVS iQube,15-04-2021 03:31:33,15-04-2021 03:49:33,18.0,,,Cancelled,,150.0,357.42,8.6,Cash,Fleet,Y,Weekday,April,2021,Foggy,30.5
SESS001557,STN0097,Bhopal Charge Point,Bhopal,Madhya Pradesh,Hotel,CHG00014,AC,GB/T,150.0,,BYD Atto 3,23-09-2022 05:05:42,2022-09-23 06:28:42,83.0,20.42,0.0,Failed,-5.0,,399.21,19.55,Cash,Fleet,,Weekend,September,2022,Foggy,28.2
SESS001719,STN0180,Patna Charge Point,Patna,Bihar,Hotel,CHG00489,ac,Type 2,120.0,2-Wheeler,Hyundai Kona,2022-02-02 17:05:10,02-02-2022 17:40:10,35.0,,0.0,Completed,29.1,,463.1,15.64,,Individual,No,Holiday,February,2022,Sunny,26.4
SESS001237,STN0209,Bengaluru Power Station,Bengaluru,Karnataka,Highway,CHG00575,DC fast,ccs2,7.2,3-Wheeler,Mahindra XUV400,15-05-2024 05:50:27,2024-05-15 06:18:27,28.0,10.58,25.0,Completed,36.6,95.8,214.46,20.27,Cash,Commercial,,Weekend,May,2024,Cloudy,17.8
SESS001779,STN0189,Bhopal Charge Point,Bhopal,Madhya Pradesh,Office,CHG00749,ac,GB/T,7.2,Bus,Tata Tiago EV,20-05-2021 22:51:08,2021-05-20 23:50:08,59.0,28.11,18.0,Failed,,150.0,566.42,,UPI,,N,Holiday,May,2021,Sunny,27.7
SESS000768,STN0212,Chandigarh EV Hub,Chandigarh,Punjab,Mall,CHG00510,DC fast,CCS,,Car,Kia EV6,08/05/2022 11:29,08/05/2022 12:48,79.0,36.88,,completed,-5.0,-15.0,401.62,10.89,Card,Fleet,N,Holiday,May,2022,Sunny,20.9
SESS001129,STN0158,Bengaluru Power Station,Bengaluru,Karnataka,Highway,CHG00665,DC Ultra Fast,Type 2,50.0,3-Wheeler,Bajaj Chetak,2021-03-07 12:53:53,2021-03-07 14:04:53,71.0,16.24,,completed,,150.0,143.89,8.86,UPI,Individual,Yes,Weekday,March,2021,Foggy,29.2
SESS000815,STN0064,Gurugram Power Station,Gurugram,Haryana,Parking,CHG00679,DC Fast,GB/T,7.2,Bus,BYD Atto 3,28-01-2023 21:38:19,,1.0,30.21,,Completed,39.6,150.0,607.22,20.1,upi,Commercial,No,Weekend,January,2023,Cloudy,27.8
SESS001951,STN0091,Bengaluru Fast Charge Center,Bengaluru,Karnataka,,CHG00337,,CCS,150.0,Bus,Citroen eC3,22/11/2023 15:32,22-11-2023 15:49:19,17.0,14.43,17.0,completed,105.0,98.0,296.68,20.56,,Fleet,No,Holiday,November,2023,Sunny,31.9
SESS001933,STN0138,MUMBAI EV HUB,Mumbai,Maharashtra,Hotel,CHG00210,AC,GB/T,120.0,Bus,Mahindra XUV400,31-01-2025 16:01:08,2025-01-31 16:34:08,,-35.47,0.0,completed,-5.0,,197.85,19.99,Wallet,Commercial,yes,Holiday,January,2025,Humid,32.0
SESS000439,STN0052,Indore Fast Charge Center,Indore,Madhya Pradesh,Mall,CHG00488,AC,ccs2,,Bus,Ola S1 Pro,16/01/2022 23:25,16/01/2022 23:32,7.0,18.4,,Completed,31.2,150.0,395.42,21.49,,Individual,N,Weekend,January,2022,Sunny,33.2
SESS000929,STN0248,Ahmedabad Charge Point,Ahmedabad,GUJARAT,,CHG00336,DC Fast,GB/T,,,Mahindra XUV400,2022-09-08 07:04:30,08/09/2022 07:40,36.0,7.33,29.0,COMPLETED,-5.0,73.7,84.88,11.58,App,Commercial,no,Weekend,September,2022,,30.8
SESS000389,STN0090,Bengaluru Power Station,Bengaluru,Karnataka,Mall,CHG00232,DC fast,Type 2,60.0,SUV,,2024-01-05 05:52:43,05-01-2024 06:14:43,22.0,5.96,0.0,Failed,105.0,,84.87,14.24,Wallet,Individual,no,Holiday,January,2024,Rainy,38.2
SESS000033,STN0134,Lucknow EV Hub,Lucknow,uttar pradesh,,CHG00810,DC Ultra Fast,CHAdeMO,60.0,Car,,2023-07-19 20:43:00,19-07-2023 20:53:00,10.0,-10.41,0.0,Cancelled,8.3,90.1,101.61,12.24,upi,,N,Holiday,July,2023,,22.6
SESS001847,STN0072,Kolkata Fast Charge Center,Kolkata,West Bengal,Hotel,CHG00509,DC Ultra Fast,CHAdeMO,,,Tata Tiago EV,21-04-2025 20:08:30,21-04-2025 20:22:30,14.0,17.27,,COMPLETED,-5.0,93.3,147.14,8.52,upi,Fleet,N,Weekday,April,2025,Sunny,19.8
SESS000959,STN0140,Kochi Charge Point,kochi,  Kerala ,Office,CHG00175,,GB/T,60.0,Car,Kia EV6,04/11/2022 15:39,2022-11-04 15:59:11,20.0,22.73,20.0,Cancelled,105.0,,483.24,21.26,Cash,,Y,Weekend,November,2022,Sunny,26.8
SESS001052,STN0208,Bhopal Power Station,Bhopal,Madhya Pradesh,Highway,CHG00171,DC Ultra Fast,CHAdeMO,7.2,3-Wheeler,TVS iQube,2021-09-23 05:51:14,23-09-2021 06:26:14,35.0,24.56,,Completed,105.0,,442.33,18.01,Wallet,,yes,Holiday,September,2021,Foggy,28.6
SESS001104,STN0062,Surat Fast Charge Center,Surat,Gujarat,Parking,CHG00602,DC fast,GB/T,60.0,SUV,,2024-03-08 12:37:26,2024-03-08 13:35:26,58.0,0.1,18.0,Cancelled,11.5,150.0,1.85,18.54,Card,,Yes,Holiday,March,2024,Sunny,30.3
SESS001663,STN0092,  Ahmedabad EV Hub ,Ahmedabad,Gujarat,Residential,CHG00473,AC,ccs2,150.0,Car,Bajaj Chetak,12/11/2021 07:47,12-11-2021 08:49:36,62.0,39.12,,Completed,-5.0,150.0,481.57,12.31,Wallet,Individual,No,Weekday,November,2021,Humid,32.6
SESS001350,STN0247,Hyderabad Power Station,Hyderabad,TELANGANA,Parking,CHG00335,ac,ccs2,7.2,2-Wheeler,TVS iQube,2024-04-30 06:56:07,2024-04-30 06:13:07,-43.0,42.37,,Completed,33.8,150.0,779.18,18.39,Wallet,Fleet,Y,Weekend,April,2024,Cloudy,24.7
SESS001784,STN0053,Chandigarh Charge Point,Chandigarh,Punjab,Residential,CHG00249,AC,Type 2,120.0,Car,Ola S1 Pro,13/09/2023 02:53,2023-09-13 03:34:09,41.0,32.99,,Failed,-5.0,150.0,322.97,9.79,App,,N,Weekday,September,2023,Rainy,32.8
SESS000590,STN0149,Lucknow Charge Point,Lucknow,Uttar Pradesh,Office,CHG00026,DC Ultra Fast,,30.0,2-Wheeler,TVS iQube,2024-07-10 10:20:02,,62.0,7.86,0.0,Cancelled,-5.0,150.0,71.13,9.05,UPI,Commercial,N,Weekend,July,2024,Sunny,
SESS000520,STN0111,Delhi EV Hub,Delhi,Delhi,Parking,CHG00826,DC Fast,Type 2,30.0,2 Wheeler,Kia EV6,19/06/2021 23:23,,,5.54,16.0,completed,-5.0,,45.54,8.22,,Commercial,N,Weekend,June,2021,Humid,31.7
SESS000447,STN0149,Delhi EV Hub,Delhi,Delhi,highway,CHG00254,DC fast,Type 2,60.0,Car,Mahindra XUV400,07/04/2023 16:35,07/04/2023 17:33,58.0,,,COMPLETED,105.0,,881.07,16.25,UPI,Commercial,Yes,Weekend,April,2023,Sunny,25.8
SESS001897,STN0074,Hyderabad Power Station,Hyderabad,Telangana,Hotel,CHG00563,,CCS,7.2,3-Wheeler,Kia EV6,27-11-2025 14:00:57,2025-11-27 14:22:57,22.0,0.1,,Failed,-5.0,150.0,1.33,,Card,Individual,Yes,Weekend,November,2025,,34.6
SESS000907,STN0059,Hyderabad Charge Point,Hyderabad,Telangana,Mall,CHG00493,DC Ultra Fast,CCS,,2-Wheeler,Tata Nexon EV,28-12-2021 13:58:00,28/12/2021 14:59,61.0,,2.0,Cancelled,-5.0,89.8,279.24,20.98,UPI,Fleet,N,Weekday,December,2021,Humid,35.9
SESS001788,STN0221,Mumbai Charge Point,Mumbai,MAHARASHTRA,Office,CHG00051,DC fast,CHAdeMO,22.0,Car,Tata Tiago EV,2023-11-18 22:57:46,19-11-2023 00:04:46,67.0,14.04,28.0,completed,105.0,150.0,246.54,17.56,Cash,Individual,,Weekday,November,2023,Sunny,35.0
SESS001065,STN0210,Noida Fast Charge Center,Noida,Uttar Pradesh,Highway,CHG00615,ac,,,2-Wheeler,,25-01-2021 17:56:48,2021-01-25 18:50:48,54.0,21.35,0.0,Failed,12.1,150.0,461.37,21.61,UPI,Commercial,Y,Holiday,January,2021,Sunny,21.6
SESS001659,STN0046,Gurugram Charge Point,Gurugram,Haryana,Residential,CHG00782,DC Fast,GB/T,50.0,2-Wheeler,BYD Atto 3,16/06/2024 19:42,16-06-2024 20:03:34,21.0,44.09,18.0,Cancelled,105.0,,839.91,19.05,Card,Individual,,Holiday,June,2024,Rainy,31.6
SESS001348,STN0166,Pune Fast Charge Center,Pune,Maharashtra,Office,CHG00583,ac,Type 2,150.0,Car,Hyundai Kona,2024-08-28 08:59:33,2024-08-28 10:57:33,118.0,8.74,,completed,105.0,150.0,120.44,13.78,Wallet,Commercial,Yes,Holiday,August,2024,Rainy,23.1
SESS001578,STN0068,Jaipur Power Station,Jaipur,RAJASTHAN,Hotel,CHG00121,DC Fast,CHAdeMO,150.0,3-Wheeler,TVS iQube,12/11/2023 21:43,12/11/2023 22:31,,9.4,15.0,COMPLETED,-5.0,150.0,89.11,9.48,Cash,Fleet,N,Weekday,November,2023,Cloudy,21.7
SESS001782,STN0123,Delhi Power Station,Delhi,Delhi,Mall,CHG00887,AC,Type 2,7.2,Bus,Ather 450X,2021-03-08 15:43:17,08/03/2021 17:00,77.0,0.1,16.0,completed,-5.0,91.4,2.08,20.82,Wallet,,no,Weekday,March,2021,Foggy,30.1
SESS001599,STN0125,Hyderabad Charge Point,Hyderabad,Telangana,Hotel,CHG00123,,CCS,150.0,2 Wheeler,Citroen eC3,06/07/2023 07:59,06/07/2023 09:05,66.0,5.87,,Completed,105.0,,79.3,13.51,Wallet,Individual,Yes,Weekday,July,2023,,29.0
SESS000566,STN0134,Ahmedabad Power Station,Ahmedabad,Gujarat,,CHG00853,ac,,150.0,Bus,,28/07/2025 05:16,2025-07-28 05:39:49,23.0,0.1,0.0,Cancelled,6.7,,1.26,12.63,UPI,,Y,Weekday,July,2025,Rainy,25.1
SESS000108,STN0059,surat Charge Point,surat,Gujarat,Mall,CHG00366,DC Ultra Fast,Type 2,150.0,SUV,Hyundai Kona,2024-11-17 22:28:34,17/11/2024 23:00,32.0,8.94,,Cancelled,,70.5,148.14,16.57,Cash,Fleet,Yes,Holiday,November,2024,Cloudy,28.1
SESS001927,STN0001,Bhopal EV Hub,Bhopal,Madhya Pradesh,Highway,CHG00468,,CCS,3.3,2 Wheeler,Hyundai Kona,01/08/2023 17:36,01-08-2023 18:17:49,41.0,35.97,,completed,-5.0,,510.05,14.18,App,Individual,yes,Holiday,August,2023,Foggy,28.3
SESS001366,STN0196,Bhopal Power Station,Bhopal,Madhya Pradesh,Office,CHG00896,DC Ultra Fast,CHAdeMO,30.0,,Citroen eC3,2022-05-18 01:26:08,18-05-2022 02:32:08,66.0,30.73,0.0,completed,105.0,92.7,413.63,13.46,Cash,,yes,Weekend,May,2022,Cloudy,21.6
SESS001555,STN0091,Gurugram Charge Point,Gurugram,Haryana,,CHG00169,DC Ultra Fast,CCS,22.0,3-Wheeler,Citroen eC3,2023-10-04 22:16:03,04-10-2023 22:26:03,10.0,19.76,,Cancelled,38.1,,307.66,15.57,Cash,,Yes,Weekend,October,2023,Cloudy,13.9
SESS001677,STN0036,  Hyderabad Fast Charge Center ,Hyderabad,telangana,Mall,CHG00473,DC fast,,120.0,Car,TVS iQube,2021-04-16 16:34:27,16/04/2021 16:35,1.0,18.24,21.0,COMPLETED,-5.0,150.0,326.31,17.89,Wallet,,No,Holiday,April,2021,Humid,25.8
SESS000022,STN0102,Bhopal Fast Charge Center,bhopal,madhya pradesh,Residential,CHG00501,DC Fast,CHAdeMO,50.0,2-Wheeler,Mahindra XUV400,2025-10-24 14:39:47,24/10/2025 15:11,32.0,5.02,5.0,COMPLETED,105.0,73.0,104.72,20.86,Wallet,,yes,Weekend,October,2025,Foggy,34.6
SESS001440,STN0060,Jaipur Charge Point,Jaipur,Rajasthan,Parking,CHG00150,DC fast,GB/T,50.0,2-Wheeler,,31-10-2024 21:59:20,2024-10-31 22:42:20,43.0,29.14,,COMPLETED,-5.0,150.0,,19.09,Cash,Fleet,Yes,Weekday,October,2024,Cloudy,30.7
SESS001957,STN0051,mumbai ev hub,Mumbai,Maharashtra,Mall,CHG00832,DC Ultra Fast,CCS,22.0,SUV,Mahindra XUV400,11-02-2022 05:23:05,2022-02-11 05:49:05,26.0,0.1,0.0,Failed,105.0,70.0,1.66,16.58,,,N,Holiday,February,2022,Sunny,17.6
SESS001069,STN0198,Chandigarh EV Hub,Chandigarh,PUNJAB,,CHG00150,DC fast,,3.3,,,23/12/2021 09:20,2021-12-23 10:39:07,79.0,31.99,,COMPLETED,25.0,,608.45,19.02,Cash,Fleet,Yes,Weekend,December,2021,Sunny,22.4
SESS001736,STN0030,Patna Fast Charge Center,Patna,Bihar,Highway,CHG00820,,CHAdeMO,60.0,Bus,Bajaj Chetak,03/05/2022 06:01,03/05/2022 07:25,84.0,0.1,27.0,Cancelled,-5.0,64.9,1.27,12.72,,,,Weekend,May,2022,Rainy,35.5
SESS001305,STN0134,Lucknow Charge Point,Lucknow,Uttar Pradesh,Mall,CHG00437,DC Fast,GB/T,120.0,Car,Tata Nexon EV,18/07/2023 10:24,2023-07-18 11:14:26,50.0,12.04,,completed,-5.0,93.1,123.29,,Cash,Individual,N,Weekend,July,2023,Humid,17.1
SESS001421,STN0135,Kochi Fast Charge Center,Kochi,  Kerala ,Parking,CHG00072,,CHAdeMO,,3-Wheeler,Citroen eC3,08-03-2022 21:12:36,08/03/2022 21:31,19.0,,,Failed,-5.0,88.4,180.57,8.86,Cash,Fleet,Yes,Weekend,March,2022,Sunny,27.9
SESS001215,STN0140,Gurugram EV Hub,Gurugram,Haryana,,CHG00897,DC fast,,60.0,Car,Tata Tiago EV,2025-02-13 20:29:19,13/02/2025 21:00,31.0,37.15,0.0,Cancelled,14.6,150.0,611.12,16.45,Wallet,Individual,Y,Weekday,February,2025,Humid,27.5
SESS000807,STN0154,Patna Charge Point,Patna,Bihar,highway,CHG00540,,CCS,3.3,Bus,Ola S1 Pro,20-09-2023 21:00:20,20/09/2023 21:27,27.0,35.99,,COMPLETED,105.0,150.0,681.29,18.93,upi,Commercial,Y,Weekend,September,2023,,
SESS000139,STN0087,chennai Power Station,chennai,Tamil Nadu,Residential,CHG00684,ac,Type 2,,,Tata Nexon EV,2025-01-27 05:19:09,2025-01-27 06:21:09,62.0,13.3,0.0,COMPLETED,105.0,,172.24,12.95,,Individual,,Weekday,January,2025,,31.7
SESS000062,STN0070,Kolkata EV Hub,Kolkata,West Bengal,Hotel,CHG00205,AC,CCS,3.3,Bus,Hyundai Kona,14/03/2022 01:55,14-03-2022 02:37:41,42.0,,13.0,Completed,,84.4,596.22,19.44,Cash,Individual,,Holiday,March,2022,Humid,24.4
SESS000385,STN0093,Chandigarh Charge Point,Chandigarh,PUNJAB,Hotel,CHG00810,AC,GB/T,30.0,Car,Citroen eC3,19/06/2021 07:18,19-06-2021 08:07:17,49.0,20.13,,completed,105.0,,271.75,13.5,,Fleet,Yes,Weekend,June,2021,Rainy,27.4
SESS000733,STN0178,Mumbai Power Station,Mumbai,Maharashtra,highway,CHG00557,DC fast,,150.0,Car,Ather 450X,22-10-2022 17:49:37,2022-10-22 18:43:37,54.0,25.81,0.0,Failed,-5.0,150.0,504.33,19.54,UPI,,no,Holiday,October,2022,Humid,21.3
SESS001741,STN0181,Bhopal Fast Charge Center,Bhopal,Madhya Pradesh,Office,CHG00145,ac,,3.3,Car,Ola S1 Pro,2023-04-15 13:42:46,15/04/2023 14:21,39.0,25.37,,completed,,150.0,385.37,15.19,Card,Commercial,no,Holiday,April,2023,Foggy,16.8
SESS001075,STN0034,Chandigarh Charge Point,Chandigarh,Punjab,highway,CHG00113,AC,CCS,60.0,2-Wheeler,TVS iQube,2025-06-24 22:50:58,,32.0,13.31,,completed,105.0,62.8,157.19,11.81,Wallet,,Yes,Weekday,June,2025,,23.9
SESS001238,STN0057,Lucknow Fast Charge Center,LUCKNOW,Uttar Pradesh,Office,CHG00204,,CCS,150.0,2 Wheeler,Hyundai Kona,2024-04-27 17:37:27,27/04/2024 18:24,47.0,20.31,,Completed,,150.0,338.97,16.69,App,Commercial,No,Weekend,April,2024,Humid,34.9
SESS000199,STN0227,Ahmedabad Fast Charge Center,Ahmedabad,Gujarat,highway,CHG00294,,GB/T,30.0,2 Wheeler,MG ZS EV,11-06-2023 22:30:44,11-06-2023 23:32:44,62.0,45.92,,Completed,,,557.01,12.13,,Individual,yes,Weekday,June,2023,Cloudy,30.4
SESS001618,STN0054,Patna Fast Charge Center,Patna,Bihar,Highway,CHG00349,DC fast,ccs2,22.0,Car,Tata Nexon EV,22-04-2021 13:16:02,22/04/2021 13:48,32.0,32.31,0.0,Failed,105.0,150.0,355.09,10.99,App,Commercial,Y,Weekend,April,2021,Sunny,27.8
SESS001947,STN0002,Patna EV Hub,Patna,  Bihar ,Residential,CHG00874,DC Fast,GB/T,22.0,,Citroen eC3,2021-09-12 00:18:39,12-09-2021 01:25:39,67.0,0.1,15.0,Completed,105.0,61.2,1.72,17.17,App,Individual,No,Weekend,September,2021,Rainy,30.0
SESS001656,STN0131,Bhopal Fast Charge Center,Bhopal,Madhya Pradesh,Office,CHG00846,ac,GB/T,7.2,,Ather 450X,04-08-2024 16:25:05,04-08-2024 16:26:05,1.0,9.48,15.0,Completed,105.0,,186.28,,Card,Commercial,Y,Weekday,August,2024,Rainy,29.5
SESS000835,STN0144,Bhopal Fast Charge Center,Bhopal,MADHYA PRADESH,Parking,CHG00253,DC fast,CCS,120.0,3-Wheeler,Hyundai Kona,28/03/2025 12:18,2025-03-28 12:26:18,8.0,26.08,0.0,Completed,105.0,,429.28,16.46,Cash,Individual,no,Holiday,March,2025,Sunny,30.6
SESS000404,STN0216,Kolkata Fast Charge Center,Kolkata,West Bengal,Highway,CHG00411,DC Ultra Fast,GB/T,120.0,Car,Ola S1 Pro,2023-04-18 07:16:44,2023-04-18 07:39:44,23.0,9.25,2.0,Failed,,71.5,82.42,8.91,App,Commercial,yes,Weekday,April,2023,Foggy,42.9
SESS000344,STN0073,Chennai Power Station,Chennai,Tamil Nadu,highway,CHG00214,DC Ultra Fast,GB/T,120.0,,BYD Atto 3,23/09/2023 18:06,23/09/2023 18:23,17.0,21.62,0.0,COMPLETED,105.0,150.0,413.81,19.14,,Individual,N,Holiday,September,2023,,21.8
SESS000875,STN0073,Noida Fast Charge Center,Noida,Uttar Pradesh,Hotel,CHG00243,DC fast,CHAdeMO,,3-Wheeler,Citroen eC3,2022-02-26 03:31:19,26/02/2022 04:13,42.0,44.2,,Completed,,,530.4,12.0,,Individual,Y,Weekend,February,2022,,26.0
SESS000670,STN0208,Gurugram EV Hub,Gurugram,Haryana,highway,CHG00746,ac,,120.0,Car,Kia EV6,15/08/2024 02:09,15-08-2024 03:23:38,74.0,16.98,0.0,Cancelled,21.0,,355.9,20.96,Wallet,Individual,Yes,Holiday,August,2024,,29.6
SESS001955,STN0126,Gurugram EV Hub,Gurugram,Haryana,Mall,CHG00245,DC fast,,30.0,Bus,TVS iQube,05/04/2023 08:25,2023-04-05 09:09:20,44.0,16.28,0.0,COMPLETED,-5.0,97.0,193.08,,Wallet,,Y,Weekend,April,2023,Humid,31.4
SESS000637,STN0118,noida power station,Noida,UTTAR PRADESH,Mall,CHG00575,AC,CHAdeMO,22.0,2 Wheeler,Citroen eC3,18/09/2021 04:39,18-09-2021 06:14:05,95.0,20.61,,Cancelled,,,434.05,21.06,UPI,Commercial,Yes,Weekday,September,2021,Sunny,
SESS000004,STN0038,Delhi Charge Point,Delhi,Delhi,Highway,CHG00764,AC,GB/T,150.0,2 Wheeler,Tata Nexon EV,23/02/2023 14:29,23-02-2023 15:54:55,85.0,21.95,,Failed,-5.0,94.2,287.98,13.12,,Fleet,Y,Weekend,February,2023,Foggy,29.5
SESS000007,STN0071,pune Fast Charge Center,pune,Maharashtra,Parking,CHG00742,ac,CHAdeMO,120.0,2-Wheeler,Hyundai Kona,05/01/2023 14:01,05-01-2023 15:25:09,84.0,,0.0,completed,-5.0,76.4,228.44,9.2,Wallet,,yes,Holiday,January,2023,Humid,35.5
SESS001028,STN0234,Bhopal EV Hub,Bhopal,  Madhya Pradesh ,Highway,CHG00791,DC Ultra Fast,CHAdeMO,120.0,2 Wheeler,Citroen eC3,2025-03-30 08:28:29,30-03-2025 09:22:29,,31.21,13.0,Cancelled,105.0,63.9,264.35,8.47,,Fleet,N,Holiday,March,2025,Rainy,32.8
SESS000384,STN0115,Bengaluru Power Station,Bengaluru,Karnataka,Parking,CHG00533,AC,CHAdeMO,30.0,2-Wheeler,,02/04/2024 16:38,,8.0,,8.0,Failed,105.0,77.1,293.69,15.03,UPI,Fleet,yes,Weekday,April,2024,Sunny,
SESS000309,STN0027,Chennai EV Hub,Chennai,Tamil Nadu,,CHG00507,,CHAdeMO,,Bus,,26-06-2024 18:42:27,26-06-2024 19:30:27,48.0,16.26,17.0,Failed,,150.0,138.86,8.54,App,Fleet,No,Weekend,June,2024,Rainy,
SESS001845,STN0011,Kochi Charge Point,Kochi,Kerala,Parking,CHG00092,DC Ultra Fast,,3.3,Car,,2023-01-05 17:47:02,05/01/2023 18:19,32.0,13.99,,Cancelled,-5.0,150.0,217.26,15.53,upi,,No,Weekday,January,2023,,27.1
SESS000655,STN0189,ahmedabad EV Hub,ahmedabad,Gujarat,Mall,CHG00098,,ccs2,,2-Wheeler,BYD Atto 3,22/04/2021 00:21,2021-04-22 01:27:18,66.0,3.29,0.0,COMPLETED,105.0,,38.82,11.8,,Fleet,No,Weekend,April,2021,,20.4
SESS000709,STN0021,Ahmedabad Fast Charge Center,Ahmedabad,Gujarat,Mall,CHG00187,ac,ccs2,,3-Wheeler,BYD Atto 3,05-04-2025 05:57:37,,39.0,25.68,,COMPLETED,20.9,150.0,217.0,8.45,Wallet,,no,Holiday,April,2025,Foggy,22.8
SESS001363,STN0147,hyderabad power station,Hyderabad,Telangana,Hotel,CHG00784,ac,CCS,3.3,2 Wheeler,,03-07-2025 13:45:43,03/07/2025 14:27,42.0,13.79,,Failed,-5.0,150.0,298.97,21.68,UPI,Commercial,Yes,Holiday,July,2025,Cloudy,39.3
SESS000699,STN0015,Jaipur Fast Charge Center,Jaipur,Rajasthan,Residential,CHG00360,DC fast,GB/T,30.0,2-Wheeler,Ather 450X,20-10-2021 17:01:00,20/10/2021 17:42,41.0,16.8,,completed,105.0,150.0,207.31,12.34,Cash,Individual,no,Weekday,October,2021,Rainy,34.2
SESS000413,STN0070,Kolkata Fast Charge Center,Kolkata,West Bengal,Parking,CHG00795,ac,CCS,3.3,Bus,Citroen eC3,06-01-2021 06:20:53,2021-01-06 07:19:53,59.0,14.04,0.0,Failed,105.0,76.2,209.62,14.93,,,N,Weekday,January,2021,Foggy,30.4
SESS001892,STN0055,Lucknow EV Hub,Lucknow,Uttar Pradesh,,CHG00245,DC fast,CCS,3.3,,Kia EV6,2021-05-23 01:20:16,23/05/2021 02:41,81.0,14.7,0.0,COMPLETED,38.0,,195.66,13.31,Card,Fleet,no,Holiday,May,2021,Foggy,20.5
SESS000892,STN0176,Pune Power Station,Pune,maharashtra,,CHG00341,,CHAdeMO,3.3,2-Wheeler,Mahindra XUV400,2024-01-09 23:43:02,10/01/2024 00:52,69.0,4.77,10.0,Failed,19.2,,58.67,12.3,Cash,Fleet,N,Weekend,January,2024,Humid,23.6
,STN0236,Kolkata Power Station,Kolkata,West Bengal,Residential,CHG00639,,Type 2,50.0,2-Wheeler,Ola S1 Pro,05/10/2024 04:18,2024-10-05 04:40:00,22.0,14.47,10.0,Completed,105.0,91.0,223.85,15.47,,Fleet,no,Weekend,October,2024,Humid,
SESS001796,STN0122,Lucknow Power Station,Lucknow,uttar pradesh,Residential,CHG00385,AC,,30.0,,Mahindra XUV400,02-06-2021 02:08:19,,4.0,32.11,0.0,completed,,150.0,409.72,12.76,,,Yes,Holiday,June,2021,Sunny,32.9
SESS000099,STN0105,Kochi EV Hub,Kochi,Kerala,Residential,CHG00024,,CCS,3.3,,Ather 450X,21/05/2023 06:47,2023-05-21 07:25:16,38.0,0.1,,Completed,105.0,76.3,1.87,,App,Commercial,No,Holiday,May,2023,Sunny,36.6
SESS000551,STN0231,Noida Charge Point,Noida,Uttar Pradesh,Hotel,CHG00780,DC fast,Type 2,7.2,SUV,Ather 450X,2022-02-07 05:33:47,2022-02-07 05:47:47,14.0,-30.76,,completed,7.8,72.7,230.2,13.24,Wallet,Commercial,yes,Holiday,February,2022,Foggy,
SESS000578,STN0140,Bhopal Charge Point,Bhopal,Madhya Pradesh,Highway,CHG00493,DC Ultra Fast,CHAdeMO,3.3,2-Wheeler,,2021-12-15 17:31:59,2021-12-15 17:57:59,,41.61,0.0,Cancelled,,,893.78,21.48,App,Fleet,no,Weekday,December,2021,,29.1
SESS001701,STN0213,Lucknow Charge Point,Lucknow,Uttar Pradesh,,CHG00299,,Type 2,7.2,2-Wheeler,Ather 450X,2024-11-29 10:37:37,29-11-2024 11:30:37,53.0,49.81,0.0,Cancelled,24.6,74.2,867.19,17.41,upi,,no,Holiday,November,2024,Foggy,34.4
SESS000303,STN0054,Mumbai Charge Point,Mumbai,Maharashtra,Mall,CHG00644,DC Ultra Fast,,60.0,Bus,TVS iQube,03/09/2021 20:12,03-09-2021 20:13:29,1.0,8.64,,COMPLETED,-5.0,99.0,74.56,8.63,App,Commercial,No,Weekend,September,2021,Humid,18.2
SESS000038,STN0145,Lucknow Fast Charge Center,Lucknow,Uttar Pradesh,Mall,CHG00879,ac,Type 2,,Car,Hyundai Kona,02-04-2021 23:50:16,2021-04-03 00:31:16,,43.57,7.0,Cancelled,,,399.54,9.17,upi,Commercial,yes,Weekend,April,2021,Rainy,30.5
SESS000735,STN0115,Bengaluru Charge Point,  Bengaluru ,Karnataka,highway,CHG00891,ac,GB/T,,3-Wheeler,Ola S1 Pro,2023-04-22 21:33:27,22-04-2023 21:57:27,24.0,18.8,0.0,COMPLETED,31.0,,182.36,9.7,UPI,Individual,Yes,Weekend,April,2023,,47.4
SESS001294,STN0036,Gurugram Power Station,Gurugram,Haryana,,CHG00779,AC,Type 2,120.0,,Hyundai Kona,2022-03-23 20:49:40,2022-03-23 20:50:40,1.0,37.43,0.0,Completed,11.7,,765.44,20.45,UPI,Fleet,no,Holiday,March,2022,Sunny,29.2
SESS000324,STN0178,Bengaluru Fast Charge Center,Bengaluru,Karnataka,Residential,CHG00178,DC Fast,CCS,22.0,Bus,Tata Nexon EV,10-01-2023 21:12:01,10/01/2023 22:04,52.0,41.45,21.0,COMPLETED,,97.8,755.22,18.22,,Commercial,No,Holiday,January,2023,Cloudy,24.5
SESS000515,STN0075,Gurugram EV Hub,Gurugram,Haryana,Parking,CHG00741,DC Ultra Fast,CHAdeMO,50.0,2-Wheeler,BYD Atto 3,2021-08-16 20:30:49,2021-08-16 22:04:49,94.0,36.38,,Completed,105.0,103.0,341.61,9.39,UPI,Commercial,Y,Holiday,August,2021,Rainy,31.6
SESS001568,STN0181,Lucknow EV Hub,lucknow,Uttar Pradesh,Office,CHG00728,DC fast,CHAdeMO,30.0,2-Wheeler,Tata Tiago EV,11/07/2023 22:56,2023-07-11 23:35:28,39.0,17.94,35.0,COMPLETED,,,317.54,17.7,Cash,Fleet,no,Weekday,July,2023,,40.2
SESS000653,STN0058,Chennai Charge Point,Chennai,Tamil Nadu,Highway,CHG00769,DC Ultra Fast,ccs2,3.3,Bus,Ather 450X,26-10-2021 22:34:02,2021-10-27 00:03:02,89.0,21.21,6.0,Failed,-5.0,150.0,235.22,11.09,Cash,Commercial,no,Weekday,October,2021,,32.0
SESS000298,STN0055,kochi EV Hub,kochi,Kerala,Parking,CHG00053,DC Ultra Fast,ccs2,7.2,3-Wheeler,Citroen eC3,12/11/2022 04:02,12-11-2022 05:24:29,82.0,,0.0,completed,,72.9,175.47,12.66,,Commercial,No,Holiday,November,2022,Rainy,23.6
SESS001880,STN0034,  Chennai EV Hub ,Chennai,Tamil Nadu,Office,CHG00143,DC Fast,GB/T,60.0,Car,TVS iQube,06-07-2024 20:02:12,06/07/2024 20:38,36.0,18.84,,Completed,105.0,,339.5,18.02,upi,Fleet,no,Holiday,July,2024,Sunny,22.1
SESS001356,STN0075,Bhopal Power Station,bhopal,Madhya Pradesh,Parking,CHG00099,DC Fast,Type 2,60.0,Car,Mahindra XUV400,14/03/2022 10:44,14/03/2022 11:26,,15.04,,Completed,,69.7,232.82,15.48,Wallet,Individual,,Weekend,March,2022,Humid,35.3
SESS001708,STN0125,Jaipur EV Hub,Jaipur,Rajasthan,Highway,CHG00419,,Type 2,150.0,3-Wheeler,Ola S1 Pro,04-09-2022 02:09:59,04-09-2022 02:10:59,1.0,-7.78,15.0,Completed,37.0,,274.59,15.56,UPI,Commercial,no,Weekend,September,2022,Cloudy,
SESS001616,STN0001,delhi fast charge center,Delhi,Delhi,,CHG00034,DC fast,GB/T,7.2,3-Wheeler,BYD Atto 3,01-03-2023 14:04:38,01/03/2023 14:15,11.0,14.76,0.0,Cancelled,5.3,,305.97,20.73,Wallet,Individual,Y,Holiday,March,2023,Cloudy,33.3
SESS001903,STN0057,Jaipur Fast Charge Center,Jaipur,Rajasthan,Highway,CHG00329,DC fast,CHAdeMO,,2 Wheeler,TVS iQube,2025-05-04 01:42:18,04-05-2025 01:43:18,1.0,,0.0,Cancelled,-5.0,,2.08,20.75,Cash,Individual,Yes,Holiday,May,2025,Rainy,45.4
SESS000516,STN0119,Patna Fast Charge Center,Patna,Bihar,highway,CHG00642,DC Fast,CHAdeMO,22.0,2-Wheeler,Tata Nexon EV,2025-10-12 00:47:13,12-10-2025 02:24:13,97.0,2.01,,completed,105.0,72.2,37.71,18.76,Wallet,Commercial,Y,Holiday,October,2025,Cloudy,
SESS000046,STN0223,Bengaluru Power Station,Bengaluru,Karnataka,Hotel,CHG00022,DC Ultra Fast,CHAdeMO,30.0,3-Wheeler,Ola S1 Pro,2025-11-11 19:18:18,11/11/2025 20:20,62.0,0.1,,Failed,,150.0,0.95,9.54,App,,no,Weekday,November,2025,Foggy,24.6
SESS001292,STN0231,Kochi Power Station,Kochi,Kerala,highway,CHG00082,DC Fast,GB/T,7.2,2 Wheeler,,24/08/2022 22:20,24/08/2022 23:15,55.0,15.12,,Failed,29.9,150.0,131.85,8.72,Card,Commercial,yes,Weekday,August,2022,Rainy,24.9
SESS001108,STN0146,Chennai Fast Charge Center,Chennai,tamil nadu,Hotel,CHG00332,DC fast,ccs2,120.0,Car,,11-02-2025 10:49:47,11-02-2025 12:25:47,96.0,5.35,9.0,Failed,,150.0,78.48,14.67,Card,Commercial,,Weekday,February,2025,Rainy,21.9
SESS000576,STN0004,Surat Power Station,surat,Gujarat,Parking,CHG00382,DC fast,,120.0,Bus,MG ZS EV,12/09/2023 05:44,12/09/2023 06:14,30.0,20.97,,completed,-5.0,94.9,456.52,21.77,Card,Commercial,,Weekday,September,2023,,32.9
SESS001679,STN0212,Gurugram Fast Charge Center,Gurugram,haryana,,CHG00742,DC Ultra Fast,,60.0,2 Wheeler,,2023-07-22 15:21:43,22/07/2023 16:26,65.0,22.29,0.0,Failed,-5.0,,284.2,12.75,App,,Y,Weekend,July,2023,Cloudy,33.8
SESS001271,STN0023,Kochi Charge Point,Kochi,KERALA,Mall,CHG00592,ac,CHAdeMO,150.0,2 Wheeler,Ola S1 Pro,14/05/2022 08:15,2022-05-14 08:35:31,20.0,-7.92,0.0,completed,105.0,92.9,167.79,18.32,Card,Individual,N,Holiday,May,2022,Foggy,36.8
SESS000058,STN0090,Bengaluru Charge Point,Bengaluru,Karnataka,Highway,CHG00256,DC Ultra Fast,,7.2,Bus,Ather 450X,2022-12-21 11:17:26,21/12/2022 11:37,20.0,18.2,0.0,Completed,,,174.72,9.6,,,yes,Weekend,December,2022,,37.2
SESS001490,STN0028,Bhopal Power Station,Bhopal,Madhya Pradesh,,CHG00085,DC Fast,CHAdeMO,60.0,SUV,,2021-05-14 20:33:47,14-05-2021 21:38:47,65.0,11.97,,Cancelled,105.0,,142.92,11.94,upi,Fleet,no,Weekday,May,2021,Foggy,
SESS001510,STN0068,KOLKATA CHARGE POINT,Kolkata,  West Bengal ,Mall,CHG00565,DC Ultra Fast,GB/T,,,Hyundai Kona,01-02-2024 19:20:56,01-02-2024 20:29:56,69.0,16.75,36.0,COMPLETED,-5.0,,325.96,19.46,Cash,,Yes,Weekend,February,2024,Foggy,31.6
SESS000160,STN0117,Bhopal Power Station,BHOPAL,Madhya Pradesh,Residential,CHG00126,DC Ultra Fast,GB/T,60.0,Bus,,07/05/2023 05:42,07-05-2023 05:43:07,1.0,27.32,,COMPLETED,105.0,,241.78,8.85,,Commercial,,Weekday,May,2023,Rainy,25.2
SESS000773,STN0225,Mumbai EV Hub,Mumbai,Maharashtra,highway,CHG00542,DC Fast,CHAdeMO,50.0,3-Wheeler,Ola S1 Pro,2022-11-06 06:35:07,2022-11-06 07:21:07,46.0,40.7,,completed,,150.0,888.89,21.84,,Commercial,yes,Weekday,November,2022,Rainy,30.5
SESS001787,STN0138,Surat Power Station,Surat,Gujarat,Office,CHG00747,,Type 2,50.0,2-Wheeler,Tata Nexon EV,2024-10-18 02:34:13,2024-10-18 02:26:13,-8.0,,16.0,completed,35.1,,187.61,14.6,Cash,,N,Weekday,October,2024,Rainy,33.6
SESS001506,STN0060,Indore Fast Charge Center,indore,Madhya Pradesh,,CHG00858,DC Ultra Fast,GB/T,150.0,2-Wheeler,Hyundai Kona,31/03/2025 23:37,01/04/2025 01:16,99.0,19.44,35.0,Cancelled,105.0,150.0,250.97,12.91,Cash,Fleet,yes,Weekday,March,2025,Foggy,16.9
SESS001868,STN0066,Kochi Power Station,Kochi,Kerala,Office,CHG00642,ac,,22.0,,TVS iQube,23-11-2022 18:36:53,,52.0,,,COMPLETED,39.2,34.2,286.89,13.13,Wallet,Fleet,Yes,Holiday,November,2022,,23.6
SESS001767,STN0206,Delhi Fast Charge Center,Delhi,Delhi,,CHG00773,,CHAdeMO,3.3,Bus,MG ZS EV,12-12-2021 08:14:54,12-12-2021 08:15:54,1.0,39.31,,Failed,105.0,68.6,494.52,12.58,App,Fleet,N,Weekday,December,2021,Foggy,29.8
SESS001080,STN0235,Surat EV Hub,Surat,Gujarat,Residential,CHG00512,DC fast,CHAdeMO,3.3,2-Wheeler,Tata Tiago EV,01/08/2024 18:05,2024-08-01 19:12:28,67.0,6.43,0.0,Failed,,90.2,116.45,18.11,Cash,Individual,,Weekend,August,2024,,
SESS000577,STN0218,Chennai Charge Point,Chennai,Tamil Nadu,Residential,CHG00187,DC fast,CCS,120.0,Bus,Tata Nexon EV,28/12/2022 11:46,2022-12-28 12:12:18,26.0,39.6,0.0,Failed,-5.0,150.0,800.71,20.22,Cash,Commercial,,Holiday,December,2022,Foggy,
SESS000562,STN0057,Mumbai Fast Charge Center,Mumbai,Maharashtra,Parking,CHG00858,DC fast,ccs2,50.0,,,02-08-2024 13:48:29,02-08-2024 15:02:29,,31.06,0.0,Cancelled,39.5,150.0,530.5,17.08,,,,Holiday,August,2024,Rainy,25.4
SESS000478,STN0013,Patna Power Station,Patna,Bihar,Mall,CHG00677,AC,CHAdeMO,50.0,3-Wheeler,BYD Atto 3,24/02/2025 11:02,24-02-2025 11:34:16,32.0,23.24,,completed,,63.3,235.19,10.12,upi,Fleet,no,Weekend,February,2025,Rainy,29.4
SESS001336,STN0247,Chennai Power Station,Chennai,Tamil Nadu,Highway,CHG00857,,GB/T,150.0,Bus,BYD Atto 3,30/03/2022 02:33,2022-03-30 02:57:22,24.0,10.26,2.0,Cancelled,,70.4,91.01,8.87,Card,,yes,Holiday,March,2022,Foggy,14.7
SESS000546,STN0016,Delhi EV Hub,Delhi,Delhi,Office,CHG00471,DC Ultra Fast,,30.0,2-Wheeler,,03/01/2025 01:25,03-01-2025 02:02:44,37.0,33.04,0.0,completed,-5.0,83.5,342.29,10.36,,Individual,no,Holiday,January,2025,Sunny,33.3
SESS000684,STN0086,Jaipur Charge Point,Jaipur,Rajasthan,Mall,CHG00540,,,,Car,Hyundai Kona,04/11/2024 01:35,04-11-2024 01:59:52,24.0,22.91,0.0,completed,105.0,150.0,,18.59,Card,Individual,yes,Holiday,November,2024,Foggy,46.3
SESS001117,STN0049,MUMBAI EV HUB,Mumbai,Maharashtra,Mall,CHG00634,DC Fast,CHAdeMO,,2 Wheeler,BYD Atto 3,16/08/2022 18:42,16-08-2022 19:21:23,39.0,30.27,,COMPLETED,9.1,,307.54,10.16,upi,Individual,yes,Weekday,August,2022,Sunny,36.4
SESS001615,STN0042,Kolkata Power Station,Kolkata,West Bengal,Residential,CHG00085,,ccs2,150.0,2 Wheeler,Ola S1 Pro,2022-12-09 13:38:02,,18.0,10.03,,COMPLETED,20.6,150.0,112.64,11.23,,,yes,Holiday,December,2022,Rainy,
SESS001706,STN0236,Indore EV Hub,Indore,madhya pradesh,highway,CHG00351,AC,Type 2,60.0,2-Wheeler,Bajaj Chetak,15-11-2023 11:04:05,,50.0,52.9,2.0,COMPLETED,105.0,,630.04,11.91,upi,Fleet,no,Holiday,November,2023,Cloudy,48.5
SESS000096,STN0223,AHMEDABAD EV HUB,Ahmedabad,GUJARAT,Residential,CHG00368,AC,,50.0,3-Wheeler,Citroen eC3,22/08/2022 11:32,22/08/2022 12:00,28.0,10.32,22.0,completed,12.2,60.4,105.06,10.18,Wallet,Individual,yes,Weekday,August,2022,,19.5
SESS000803,STN0153,Jaipur Charge Point,Jaipur,Rajasthan,Parking,CHG00267,,ccs2,22.0,Bus,Mahindra XUV400,2025-06-15 21:12:25,15-06-2025 21:58:25,46.0,27.54,0.0,Failed,105.0,68.5,443.12,16.09,Wallet,Individual,Yes,Holiday,June,2025,Foggy,30.7
SESS001672,STN0063,Ahmedabad EV Hub,Ahmedabad,Gujarat,Residential,CHG00698,,ccs2,7.2,Bus,Hyundai Kona,17-03-2021 13:26:12,2021-03-17 14:30:12,64.0,0.1,,Failed,-5.0,,0.99,9.91,Cash,Commercial,no,Weekend,March,2021,Rainy,38.1
SESS001334,STN0094,jaipur Charge Point,jaipur,Rajasthan,Residential,CHG00761,DC fast,CCS,50.0,SUV,Hyundai Kona,18-12-2025 06:21:24,18-12-2025 06:22:24,1.0,32.89,3.0,Cancelled,,74.6,418.36,12.72,App,Fleet,No,Weekday,December,2025,Humid,20.5
SESS000580,STN0248,gurugram power station,Gurugram,Haryana,Office,CHG00485,AC,Type 2,50.0,,Ather 450X,2023-10-28 10:06:28,2023-10-28 11:00:28,54.0,-11.76,0.0,Cancelled,-5.0,,458.7,11.29,Wallet,,N,Holiday,October,2023,Cloudy,30.3
SESS001399,STN0084,KOLKATA CHARGE POINT,Kolkata,West Bengal,Parking,CHG00394,DC Fast,GB/T,120.0,Bus,Ather 450X,14/11/2025 06:59,14-11-2025 07:13:01,14.0,10.92,13.0,Cancelled,6.0,70.4,201.91,18.49,Wallet,Fleet,N,Weekend,November,2025,Humid,19.2
SESS000117,STN0014,Mumbai Fast Charge Center,Mumbai,Maharashtra,Hotel,CHG00693,ac,CCS,50.0,3-Wheeler,BYD Atto 3,05/01/2025 16:11,2025-01-05 16:20:43,,2.14,,COMPLETED,35.6,150.0,18.9,8.83,Wallet,Individual,,Weekend,January,2025,Sunny,30.3
SESS000260,STN0233,Surat Power Station,Surat,Gujarat,Highway,CHG00007,ac,,30.0,Car,Ola S1 Pro,10/08/2023 13:51,2023-08-10 15:00:23,69.0,34.46,,COMPLETED,,64.7,376.99,10.94,Card,Commercial,Yes,Weekend,August,2023,,42.2
SESS001935,STN0171,chennai charge point,Chennai,Tamil Nadu,Parking,CHG00349,ac,GB/T,22.0,Bus,Hyundai Kona,2021-05-19 22:41:50,19-05-2021 23:43:50,62.0,8.62,0.0,Completed,-5.0,,95.08,11.03,Cash,Fleet,N,Holiday,May,2021,Cloudy,29.1
SESS001920,STN0237,Kolkata Power Station,kolkata,West Bengal,,CHG00020,DC Ultra Fast,GB/T,,,Tata Nexon EV,2024-10-30 23:23:37,31-10-2024 00:26:37,63.0,,,completed,11.3,150.0,208.25,12.53,App,Fleet,No,Holiday,October,2024,Foggy,43.8
SESS001704,STN0150,Mumbai Fast Charge Center,Mumbai,Maharashtra,highway,CHG00227,DC Fast,Type 2,,Car,Bajaj Chetak,21/11/2024 03:19,21-11-2024 04:39:08,80.0,21.77,0.0,completed,15.2,,331.34,15.22,Wallet,Individual,Y,Weekend,November,2024,Sunny,35.6
SESS000009,STN0240,Ahmedabad Power Station,Ahmedabad,GUJARAT,Highway,CHG00020,DC fast,Type 2,7.2,2-Wheeler,TVS iQube,08-12-2025 01:20:44,08-12-2025 01:54:44,34.0,16.58,,Failed,-5.0,150.0,351.16,,App,Individual,No,Weekend,December,2025,Cloudy,21.8
SESS000219,STN0203,Gurugram EV Hub,Gurugram,HARYANA,highway,CHG00885,,CCS,30.0,3-Wheeler,Hyundai Kona,09/06/2025 10:02,09/06/2025 10:57,55.0,11.19,3.0,Failed,30.9,80.9,184.08,16.45,App,Commercial,N,Weekend,June,2025,Cloudy,26.9
SESS000367,STN0174,Hyderabad Power Station,Hyderabad,Telangana,Parking,CHG00865,DC fast,GB/T,7.2,2 Wheeler,,24/05/2025 12:04,24-05-2025 12:39:00,35.0,28.1,0.0,COMPLETED,13.3,150.0,232.95,8.29,Cash,Commercial,yes,Holiday,May,2025,,31.6
SESS000196,STN0154,Surat Power Station,Surat,Gujarat,Parking,CHG00181,DC Fast,CHAdeMO,,Car,,19/11/2021 05:40,19-11-2021 07:16:33,96.0,18.82,,completed,25.6,84.8,253.69,13.48,upi,Commercial,,Holiday,November,2021,Sunny,31.1
SESS001887,STN0163,Bhopal Power Station,Bhopal,Madhya Pradesh,Parking,CHG00451,DC fast,,,SUV,Kia EV6,17-11-2023 11:33:41,17/11/2023 11:34,1.0,12.74,0.0,completed,8.7,,234.93,18.44,,,Y,Holiday,November,2023,,28.3
SESS001040,STN0041,Jaipur Fast Charge Center,Jaipur,Rajasthan,Parking,CHG00259,DC Fast,ccs2,50.0,,,25/10/2022 01:44,25-10-2022 02:46:41,62.0,17.38,0.0,Cancelled,105.0,150.0,368.28,21.19,Card,,Y,Weekday,October,2022,Cloudy,35.2
SESS001751,STN0175,Indore Power Station,Indore,Madhya Pradesh,,CHG00543,,CHAdeMO,3.3,2-Wheeler,Tata Tiago EV,20/05/2021 17:09,20/05/2021 17:26,17.0,43.67,4.0,COMPLETED,105.0,150.0,776.45,17.78,Wallet,,Y,Weekday,May,2021,Sunny,35.5
SESS001010,STN0050,Kolkata Charge Point,Kolkata,West Bengal,highway,CHG00809,,,,Bus,Tata Tiago EV,17-01-2025 11:34:59,17/01/2025 12:02,28.0,-12.37,,Completed,105.0,,107.42,14.99,,Fleet,no,Weekend,January,2025,Rainy,23.6
SESS000966,STN0109,Lucknow Fast Charge Center,Lucknow,Uttar Pradesh,,CHG00206,ac,,120.0,SUV,Ather 450X,14-05-2021 04:34:46,14/05/2021 05:35,61.0,25.33,9.0,Failed,105.0,100.0,238.86,9.43,Card,Commercial,,Weekday,May,2021,Cloudy,41.5
SESS000863,STN0097,Chennai Fast Charge Center,Chennai,Tamil Nadu,highway,CHG00688,DC Fast,ccs2,,2-Wheeler,Kia EV6,14-03-2024 17:55:12,14/03/2024 18:58,63.0,-13.99,,COMPLETED,39.6,150.0,53.33,17.5,Card,Commercial,Y,Weekday,March,2024,Foggy,29.1
SESS000448,STN0171,Surat Power Station,Surat,Gujarat,highway,CHG00158,DC Ultra Fast,GB/T,150.0,,Ather 450X,13-05-2024 13:00:29,2024-05-13 14:05:29,65.0,43.53,6.0,Failed,-5.0,-11.0,693.87,15.94,UPI,Individual,Y,Weekend,May,2024,,27.7
SESS001311,STN0032,Chennai Power Station,Chennai,Tamil Nadu,Hotel,CHG00819,DC Fast,CCS,150.0,Bus,Citroen eC3,2021-09-17 16:01:20,2021-09-17 16:35:20,34.0,17.37,,Cancelled,105.0,150.0,302.59,17.42,upi,,N,Holiday,September,2021,Sunny,
SESS001009,STN0191,Gurugram EV Hub,Gurugram,Haryana,Highway,CHG00166,DC Fast,CHAdeMO,120.0,2 Wheeler,,04-01-2023 09:17:03,04/01/2023 10:07,50.0,12.07,,Failed,34.0,150.0,224.86,18.63,App,,Y,Weekday,January,2023,Foggy,22.2
SESS000391,STN0245,Chandigarh Fast Charge Center,Chandigarh,Punjab,Mall,CHG00836,,CCS,50.0,Bus,Bajaj Chetak,18-12-2024 17:02:09,18-12-2024 17:37:09,35.0,17.74,8.0,completed,105.0,,263.62,14.86,upi,Commercial,yes,Holiday,December,2024,Sunny,22.2
SESS000285,STN0137,Chandigarh EV Hub,Chandigarh,Punjab,Mall,CHG00308,,Type 2,7.2,2-Wheeler,Ola S1 Pro,31/07/2021 01:55,,30.0,0.1,2.0,Failed,-5.0,93.6,1.97,19.68,App,Commercial,Yes,Weekend,July,2021,Sunny,21.5
SESS001551,STN0212,Surat Power Station,Surat,Gujarat,Office,CHG00605,DC Fast,ccs2,50.0,,TVS iQube,07/02/2021 01:56,07/02/2021 02:47,51.0,7.6,,completed,-5.0,,149.57,19.68,upi,Commercial,Yes,Weekday,February,2021,Foggy,51.3
SESS000197,STN0006,gurugram Power Station,gurugram,Haryana,Parking,CHG00367,DC fast,Type 2,3.3,,Kia EV6,26/03/2022 06:30,26/03/2022 07:19,49.0,30.93,0.0,Completed,105.0,101.0,536.94,17.36,UPI,Fleet,no,Holiday,March,2022,Cloudy,
SESS000754,STN0048,Hyderabad EV Hub,Hyderabad,Telangana,Highway,CHG00078,DC Fast,CCS,50.0,3-Wheeler,Citroen eC3,05/03/2025 00:35,05/03/2025 01:14,39.0,28.65,,Completed,105.0,150.0,333.77,11.65,Cash,Individual,Yes,Weekend,March,2025,,
SESS001321,STN0133,Indore EV Hub,INDORE,Madhya Pradesh,Mall,CHG00558,DC Fast,GB/T,150.0,Bus,Citroen eC3,05/05/2023 23:06,2023-05-05 23:41:40,35.0,14.64,0.0,Cancelled,,,231.17,15.79,UPI,Fleet,No,Weekend,May,2023,Humid,28.8
SESS001374,STN0120,Kochi EV Hub,Kochi,Kerala,highway,CHG00816,DC Ultra Fast,CCS,30.0,2-Wheeler,Bajaj Chetak,31/08/2021 20:20,2021-08-31 21:24:48,64.0,8.08,,Completed,,150.0,,13.68,Cash,Individual,Yes,Weekday,August,2021,Cloudy,41.4
SESS001339,STN0039,Indore Fast Charge Center,Indore,Madhya Pradesh,Parking,CHG00101,,ccs2,30.0,3-Wheeler,,15/03/2024 15:05,2024-03-15 15:34:08,29.0,35.59,32.0,completed,,150.0,326.72,9.18,Card,,Y,Weekend,March,2024,Sunny,30.7
SESS001412,STN0098,Mumbai Charge Point,Mumbai,Maharashtra,Highway,CHG00830,DC Fast,CCS,120.0,SUV,Bajaj Chetak,31-10-2025 01:25:51,2025-10-31 01:39:51,14.0,7.71,1.0,Failed,,150.0,130.76,16.96,Cash,Fleet,,Weekend,October,2025,Foggy,24.1
SESS001331,STN0004,Chennai Power Station,Chennai,  Tamil Nadu ,Residential,CHG00714,DC Ultra Fast,GB/T,30.0,3-Wheeler,Ola S1 Pro,25/08/2021 22:39,25-08-2021 23:51:52,72.0,26.45,,Cancelled,105.0,61.2,239.11,9.04,Cash,Individual,No,Weekend,August,2021,Rainy,32.7
SESS001770,STN0132,Surat Fast Charge Center,Surat,Gujarat,highway,CHG00265,DC Fast,CCS,60.0,2-Wheeler,Tata Nexon EV,2025-11-26 19:06:30,2025-11-26 19:47:30,41.0,30.6,22.0,Completed,105.0,97.0,660.96,21.6,,Individual,no,Holiday,November,2025,Humid,32.2
SESS000107,STN0148,Chandigarh Power Station,Chandigarh,Punjab,Parking,CHG00446,ac,CCS,22.0,Bus,Hyundai Kona,2021-02-19 19:53:58,19-02-2021 20:43:58,50.0,20.9,,COMPLETED,8.0,85.9,263.13,12.59,Card,Commercial,No,Weekday,February,2021,Humid,
SESS000076,STN0001,Hyderabad Fast Charge Center,Hyderabad,Telangana,Highway,CHG00032,,,22.0,,Tata Tiago EV,03/03/2023 17:04,03-03-2023 17:59:53,55.0,34.66,0.0,completed,23.5,150.0,653.34,18.85,App,Commercial,no,Weekend,March,2023,Foggy,36.8
SESS001259,STN0033,Ahmedabad Charge Point,Ahmedabad,Gujarat,highway,CHG00716,ac,,,,,29-12-2022 01:59:54,29/12/2022 03:00,61.0,20.27,16.0,Failed,-5.0,,296.55,14.63,Card,Individual,Yes,Weekend,December,2022,Humid,34.1
SESS000012,STN0190,Noida Power Station,Noida,Uttar Pradesh,Parking,CHG00085,ac,CCS,30.0,2 Wheeler,Hyundai Kona,08/07/2022 20:28,2022-07-08 21:23:11,55.0,15.37,,Completed,105.0,150.0,213.95,13.92,Cash,Fleet,N,Holiday,July,2022,Rainy,34.0
SESS000857,STN0112,Ahmedabad Charge Point,Ahmedabad,Gujarat,,CHG00581,AC,CCS,50.0,2-Wheeler,MG ZS EV,2024-05-20 20:26:35,2024-05-20 21:45:35,79.0,26.45,3.0,Completed,16.9,84.6,287.78,10.88,upi,Individual,,Holiday,May,2024,Cloudy,25.2
SESS000361,STN0215,Ahmedabad Charge Point,Ahmedabad,Gujarat,highway,CHG00648,ac,Type 2,,Car,,2025-03-09 05:24:35,09/03/2025 05:59,35.0,0.66,,Cancelled,105.0,93.8,14.28,21.63,Wallet,Individual,Y,Weekday,March,2025,Rainy,39.6
SESS000469,STN0004,Surat Fast Charge Center,Surat,Gujarat,Mall,CHG00122,DC Ultra Fast,CCS,22.0,2-Wheeler,,18/07/2023 10:03,2023-07-18 10:45:41,42.0,28.88,0.0,Failed,17.6,,572.98,19.84,UPI,Commercial,No,Holiday,July,2023,Humid,32.2
SESS001980,STN0171,Delhi Fast Charge Center,Delhi,Delhi,highway,CHG00578,DC Fast,CHAdeMO,120.0,,Bajaj Chetak,27-03-2022 20:28:33,27-03-2022 20:50:33,22.0,19.9,0.0,Failed,,62.8,381.88,19.19,App,,no,Holiday,March,2022,Sunny,27.5
SESS000059,STN0205,Patna EV Hub,Patna,Bihar,Mall,CHG00733,AC,GB/T,60.0,Bus,Tata Nexon EV,05/11/2022 12:54,05/11/2022 14:36,102.0,21.82,,COMPLETED,105.0,150.0,420.69,19.28,Wallet,,No,Weekend,November,2022,Cloudy,33.1
SESS001974,STN0168,Kolkata Fast Charge Center,Kolkata,West Bengal,Highway,CHG00577,AC,GB/T,22.0,3-Wheeler,,24/03/2021 06:48,24-03-2021 06:49:28,1.0,14.99,,completed,-5.0,90.3,202.07,13.48,Wallet,Fleet,No,Weekend,March,2021,Humid,22.8
SESS000102,STN0020,Chandigarh Fast Charge Center,Chandigarh,Punjab,,CHG00605,,Type 2,3.3,Car,Tata Tiago EV,05-08-2024 12:55:26,2024-08-05 13:01:26,6.0,0.86,0.0,Completed,-5.0,150.0,10.62,12.35,Cash,,Y,Weekend,August,2024,Foggy,26.9
SESS001846,STN0088,Surat Fast Charge Center,Surat,Gujarat,Highway,CHG00064,ac,CCS,30.0,Car,Tata Tiago EV,2021-11-17 22:31:00,17/11/2021 23:24,53.0,24.02,0.0,Failed,105.0,,295.45,12.3,upi,Fleet,yes,Weekend,November,2021,Foggy,32.1
SESS000377,STN0208,Kolkata Charge Point,Kolkata,West Bengal,Residential,CHG00131,ac,CHAdeMO,,Bus,,13/06/2023 17:39,2023-06-13 18:44:18,65.0,22.04,,Cancelled,-5.0,150.0,417.0,18.92,Cash,Commercial,,Weekend,June,2023,Sunny,25.0
SESS001875,STN0036,Kochi Fast Charge Center,Kochi,Kerala,Parking,CHG00432,ac,GB/T,30.0,2 Wheeler,Mahindra XUV400,19-07-2022 14:29:55,19-07-2022 15:17:55,48.0,-32.16,0.0,completed,-5.0,,102.67,12.72,Wallet,Fleet,Y,Weekend,July,2022,Rainy,
SESS000812,STN0039,Bhopal Fast Charge Center,Bhopal,Madhya Pradesh,,CHG00105,AC,GB/T,,Car,TVS iQube,2024-06-10 19:47:11,2024-06-10 20:36:11,49.0,23.58,0.0,Failed,-5.0,,426.33,18.08,App,,yes,Weekday,June,2024,Cloudy,32.9
SESS000871,STN0014,Delhi Charge Point,Delhi,Delhi,highway,CHG00022,AC,GB/T,,2 Wheeler,TVS iQube,2025-12-02 15:03:51,02/12/2025 15:44,41.0,26.12,0.0,Cancelled,105.0,61.4,225.94,8.65,Wallet,,Y,Weekday,December,2025,Cloudy,29.1
SESS000359,STN0061,Patna Fast Charge Center,Patna,Bihar,,CHG00362,DC Fast,GB/T,22.0,2-Wheeler,Ola S1 Pro,05-05-2022 18:50:34,05/05/2022 20:15,85.0,25.53,,Completed,13.6,,227.98,8.93,Cash,,N,Holiday,May,2022,,27.3
SESS001076,STN0110,Kolkata EV Hub,Kolkata,West Bengal,highway,CHG00670,DC fast,ccs2,120.0,Bus,Tata Tiago EV,2022-05-04 22:41:48,04-05-2022 23:39:48,58.0,39.57,26.0,completed,105.0,,823.85,20.82,Wallet,,no,Weekend,May,2022,Rainy,31.6
SESS000918,STN0127,Delhi EV Hub,Delhi,Delhi,Parking,CHG00790,ac,ccs2,7.2,,MG ZS EV,2024-09-15 00:46:12,15-09-2024 02:05:12,79.0,18.33,,Completed,-5.0,,176.52,9.63,UPI,Commercial,N,Weekend,September,2024,,31.2
SESS001476,STN0089,Gurugram EV Hub,Gurugram,Haryana,Office,CHG00597,DC Ultra Fast,,3.3,,Tata Tiago EV,2024-04-22 20:18:16,2024-04-22 20:34:16,16.0,9.71,6.0,COMPLETED,,,147.79,15.22,Card,Individual,,Holiday,April,2024,Humid,37.7
SESS000563,STN0223,Pune Charge Point,Pune,Maharashtra,Office,CHG00768,,ccs2,22.0,SUV,Hyundai Kona,2021-12-08 00:23:59,2021-12-08 01:05:59,,18.3,7.0,Completed,22.2,,150.43,8.22,upi,Commercial,no,Weekday,December,2021,Humid,35.6
SESS000584,STN0056,Gurugram EV Hub,Gurugram,Haryana,Highway,CHG00311,DC fast,CHAdeMO,,3-Wheeler,Mahindra XUV400,2025-07-06 17:41:03,06/07/2025 17:54,13.0,-37.09,10.0,completed,-5.0,91.8,60.79,19.38,App,Fleet,No,Weekend,July,2025,,28.7
SESS001475,STN0116,Delhi Charge Point,Delhi,Delhi,Office,CHG00368,DC fast,Type 2,,,MG ZS EV,30-03-2023 00:28:03,30-03-2023 01:25:03,57.0,22.31,,Completed,-5.0,150.0,230.24,10.32,Card,,N,Weekday,March,2023,Cloudy,21.7
SESS000255,STN0032,Gurugram Charge Point,Gurugram,Haryana,Hotel,CHG00497,ac,GB/T,7.2,2 Wheeler,Bajaj Chetak,06-08-2022 03:54:45,2022-08-06 04:25:45,31.0,18.28,,completed,105.0,63.5,271.28,14.84,Wallet,Commercial,No,Weekend,August,2022,Cloudy,15.0
SESS001074,STN0006,Pune Charge Point,Pune,Maharashtra,Mall,CHG00019,DC Fast,Type 2,150.0,Car,BYD Atto 3,2023-07-15 08:22:43,15-07-2023 09:22:43,60.0,24.15,,Cancelled,105.0,150.0,485.42,20.1,upi,Commercial,yes,Holiday,July,2023,,29.0
SESS000166,STN0127,Bhopal Fast Charge Center,Bhopal,Madhya Pradesh,Parking,CHG00676,ac,CCS,60.0,Car,Bajaj Chetak,2022-07-28 12:17:52,28-07-2022 13:14:52,57.0,11.7,,Failed,-5.0,,218.91,18.71,App,Individual,,Holiday,July,2022,Humid,
SESS001566,STN0225,Pune EV Hub,Pune,Maharashtra,,CHG00070,ac,GB/T,22.0,3-Wheeler,Tata Tiago EV,29/10/2021 16:39,29-10-2021 16:40:20,1.0,30.64,19.0,Failed,105.0,150.0,286.18,9.34,upi,,no,Weekend,October,2021,,32.9
SESS000753,STN0190,Pune Fast Charge Center,Pune,Maharashtra,Residential,CHG00725,DC Fast,CHAdeMO,120.0,,Tata Tiago EV,2023-03-27 11:13:18,27-03-2023 12:15:18,62.0,19.01,0.0,Failed,105.0,150.0,293.32,15.43,Cash,,no,Weekday,March,2023,Rainy,27.1
SESS000964,STN0195,Chennai Fast Charge Center,Chennai,Tamil Nadu,Hotel,CHG00355,DC Fast,ccs2,150.0,3-Wheeler,Tata Nexon EV,02/03/2025 20:11,2025-03-02 20:59:28,48.0,32.32,11.0,COMPLETED,,,406.91,12.59,upi,,no,Weekend,March,2025,Rainy,20.4
SESS001519,STN0019,Indore Fast Charge Center,indore,Madhya Pradesh,Parking,CHG00063,,CCS,30.0,SUV,Citroen eC3,2023-08-21 23:10:49,21-08-2023 23:48:49,38.0,19.51,,Completed,,,261.63,13.41,upi,Fleet,yes,Holiday,August,2023,Humid,35.0
SESS001913,STN0036,Pune EV Hub,Pune,Maharashtra,Mall,CHG00537,,CCS,22.0,3-Wheeler,Bajaj Chetak,2025-06-15 03:57:12,15-06-2025 04:23:12,26.0,21.76,0.0,COMPLETED,,88.5,365.57,16.8,UPI,Individual,no,Weekend,June,2025,Humid,26.8
SESS001133,STN0079,Chennai EV Hub,Chennai,Tamil Nadu,,CHG00037,DC fast,,150.0,Car,,14-01-2024 10:14:26,14-01-2024 10:36:26,,33.33,0.0,Completed,105.0,,708.93,21.27,,Individual,yes,Weekday,January,2024,Rainy,28.6
SESS000438,STN0214,Delhi EV Hub,Delhi,Delhi,Hotel,CHG00620,,GB/T,60.0,2 Wheeler,Tata Nexon EV,13/02/2022 03:30,2022-02-13 04:25:27,55.0,23.89,0.0,Failed,-5.0,150.0,410.91,,,Individual,,Weekday,February,2022,Foggy,24.3
SESS000989,STN0111,Indore Charge Point,Indore,Madhya Pradesh,Residential,CHG00486,DC Ultra Fast,,150.0,2-Wheeler,,30/11/2023 02:48,2023-11-30 03:14:22,26.0,8.87,26.0,Failed,,60.9,107.5,12.12,upi,Individual,yes,Holiday,November,2023,Humid,29.6
SESS000657,STN0062,Hyderabad EV Hub,Hyderabad,Telangana,Hotel,CHG00204,DC Fast,ccs2,60.0,2-Wheeler,Citroen eC3,12/07/2021 06:26,12/07/2021 07:10,,8.93,,completed,,150.0,176.64,19.78,Cash,Commercial,Yes,Holiday,July,2021,Sunny,31.9
SESS001364,STN0166,Bhopal EV Hub,Bhopal,Madhya Pradesh,Residential,CHG00182,DC Ultra Fast,GB/T,30.0,2-Wheeler,Tata Nexon EV,2024-08-14 22:55:39,14/08/2024 23:46,51.0,33.77,,completed,105.0,150.0,594.35,17.6,,Individual,N,Weekend,August,2024,Cloudy,28.8
SESS000333,STN0192,chandigarh ev hub,Chandigarh,Punjab,Residential,CHG00100,DC Ultra Fast,CHAdeMO,60.0,,Ather 450X,06-04-2024 04:04:53,2024-04-06 05:04:53,60.0,20.21,0.0,Cancelled,-5.0,84.7,209.58,10.37,Wallet,Fleet,N,Weekend,April,2024,Humid,33.7
SESS001164,STN0031,Gurugram Charge Point,Gurugram,Haryana,Highway,CHG00322,DC fast,GB/T,22.0,Bus,Kia EV6,29/06/2024 23:29,29/06/2024 23:30,1.0,16.04,0.0,completed,,97.9,199.54,12.44,UPI,Individual,N,Weekday,June,2024,,24.1
SESS001303,STN0022,Pune EV Hub,Pune,Maharashtra,Hotel,CHG00615,DC fast,ccs2,7.2,3-Wheeler,MG ZS EV,13/04/2021 01:54,13-04-2021 02:32:02,38.0,30.78,0.0,completed,-5.0,150.0,580.2,,App,,no,Holiday,April,2021,Cloudy,29.8
SESS000711,STN0168,Indore EV Hub,Indore,Madhya Pradesh,highway,CHG00084,,,50.0,,Bajaj Chetak,2021-10-31 17:40:25,2021-10-31 18:10:25,30.0,-21.83,24.0,Completed,,150.0,128.93,21.63,upi,Commercial,yes,Holiday,October,2021,Foggy,23.0
SESS001997,STN0175,Ahmedabad EV Hub,Ahmedabad,Gujarat,Residential,CHG00127,DC Fast,ccs2,,Car,Ather 450X,2025-08-21 08:09:50,2025-08-21 09:36:50,87.0,13.11,,COMPLETED,,,177.64,13.55,,Commercial,yes,Weekday,August,2025,,20.4
SESS001828,STN0034,Noida Power Station,Noida,Uttar Pradesh,Residential,CHG00851,,ccs2,150.0,SUV,Bajaj Chetak,09/04/2023 21:52,2023-04-09 22:39:04,47.0,14.17,34.0,Completed,-5.0,,273.48,19.3,App,Commercial,N,Weekday,April,2023,Foggy,32.7
SESS000221,STN0057,Patna EV Hub,Patna,Bihar,Mall,CHG00590,ac,Type 2,50.0,2-Wheeler,,02-05-2025 03:15:25,,1.0,,1.0,COMPLETED,,150.0,212.87,9.72,App,Fleet,,Weekday,May,2025,Rainy,24.5
SESS000136,STN0190,Mumbai Fast Charge Center,Mumbai,Maharashtra,Office,CHG00664,DC fast,ccs2,,SUV,,27/02/2023 11:30,27/02/2023 12:28,58.0,18.0,18.0,COMPLETED,105.0,93.6,229.14,12.73,Cash,Commercial,No,Weekend,February,2023,Humid,33.7
SESS001579,STN0033,Lucknow EV Hub,Lucknow,Uttar Pradesh,Parking,CHG00057,DC Fast,Type 2,7.2,SUV,BYD Atto 3,11-09-2024 09:31:57,2024-09-11 10:08:57,37.0,9.01,0.0,Failed,-5.0,94.8,113.26,12.57,UPI,Individual,N,Weekend,September,2024,Rainy,
SESS001739,STN0222,Bhopal Charge Point,Bhopal,Madhya Pradesh,Hotel,CHG00261,,Type 2,,Car,,09/05/2022 09:45,2022-05-09 09:59:52,14.0,15.58,,Failed,105.0,,,13.29,,,yes,Weekend,May,2022,,17.8
SESS000976,STN0244,Hyderabad Fast Charge Center,Hyderabad,  Telangana ,Mall,CHG00194,,GB/T,150.0,Bus,MG ZS EV,13/12/2022 02:41,2022-12-13 03:04:02,23.0,0.26,0.0,Failed,-5.0,79.5,2.16,8.3,upi,,Yes,Weekday,December,2022,Rainy,27.5
SESS000086,STN0231,Lucknow Power Station,  Lucknow ,Uttar Pradesh,Residential,CHG00040,DC fast,GB/T,3.3,,BYD Atto 3,10/01/2021 22:00,10-01-2021 22:53:24,53.0,32.62,2.0,COMPLETED,,98.1,425.69,13.05,UPI,Fleet,Yes,Weekday,January,2021,Cloudy,27.3
SESS000593,STN0175,Surat Power Station,Surat,gujarat,Hotel,CHG00367,DC Fast,GB/T,,Bus,MG ZS EV,14/04/2024 05:59,14/04/2024 06:47,48.0,0.1,,COMPLETED,-5.0,150.0,1.71,17.12,Wallet,,yes,Weekday,April,2024,Rainy,25.4
SESS000691,STN0173,Bengaluru Fast Charge Center,Bengaluru,Karnataka,Residential,CHG00175,,CHAdeMO,,Car,Citroen eC3,2025-11-12 11:12:37,2025-11-12 11:33:37,21.0,25.55,0.0,Failed,10.6,,320.65,12.55,Wallet,,Y,Weekend,November,2025,,27.7
SESS001436,STN0147,Hyderabad Charge Point,Hyderabad,Telangana,highway,CHG00515,DC Ultra Fast,CHAdeMO,7.2,2-Wheeler,,26/08/2023 12:53,26-08-2023 13:11:08,18.0,4.15,19.0,Completed,,150.0,59.68,14.38,upi,Individual,yes,Holiday,August,2023,,17.2
SESS000998,STN0107,Ahmedabad EV Hub,Ahmedabad,Gujarat,Office,CHG00879,ac,,,SUV,Citroen eC3,2025-07-28 22:24:59,28/07/2025 23:20,,30.05,37.0,Failed,-5.0,,434.82,14.47,App,Commercial,,Holiday,July,2025,Sunny,23.9
SESS001286,STN0151,Patna Power Station,Patna,Bihar,Highway,CHG00490,ac,Type 2,150.0,2-Wheeler,Tata Tiago EV,2021-06-04 17:02:57,04-06-2021 17:42:57,40.0,11.27,32.0,completed,105.0,95.0,150.68,13.37,,Individual,N,Weekday,June,2021,Rainy,
SESS001590,STN0243,gurugram Fast Charge Center,gurugram,Haryana,Residential,CHG00706,ac,ccs2,,2 Wheeler,TVS iQube,28/08/2021 20:48,2021-08-28 21:19:42,31.0,10.29,,Completed,-5.0,71.1,99.71,9.69,Cash,Individual,Y,Holiday,August,2021,Foggy,15.6
SESS000278,STN0073,Mumbai Power Station,Mumbai,Maharashtra,,CHG00234,DC Ultra Fast,GB/T,,2-Wheeler,Tata Nexon EV,2021-07-20 01:13:35,2021-07-20 01:56:35,43.0,13.62,,Cancelled,-5.0,86.6,235.49,17.29,UPI,Commercial,Y,Holiday,July,2021,Humid,36.9
SESS001032,STN0112,Kolkata EV Hub,Kolkata,West Bengal,Hotel,CHG00161,ac,ccs2,22.0,Car,Mahindra XUV400,2022-01-28 02:32:58,28/01/2022 03:01,29.0,0.1,6.0,Cancelled,105.0,150.0,1.07,10.71,Cash,Individual,no,Holiday,January,2022,Rainy,31.7
SESS000229,STN0244,Lucknow EV Hub,Lucknow,Uttar Pradesh,Parking,CHG00692,AC,CHAdeMO,120.0,2-Wheeler,Tata Nexon EV,20-03-2023 10:47:18,20-03-2023 11:40:18,53.0,6.64,18.0,Failed,,,69.12,10.41,Cash,Individual,yes,Weekend,March,2023,,33.0
SESS001380,STN0148,Ahmedabad Fast Charge Center,Ahmedabad,GUJARAT,Residential,CHG00581,,Type 2,30.0,SUV,Bajaj Chetak,04/01/2024 17:00,04/01/2024 17:52,52.0,18.11,0.0,completed,,95.9,,15.67,,Individual,,Holiday,January,2024,Cloudy,19.6
SESS001348,STN0196,Noida Power Station,Noida,Uttar Pradesh,Office,CHG00217,DC Fast,CHAdeMO,22.0,2-Wheeler,MG ZS EV,24-11-2024 20:40:14,24-11-2024 21:41:14,61.0,25.46,,COMPLETED,-5.0,,333.53,,Card,Individual,,Weekday,November,2024,Sunny,38.4
SESS001325,STN0228,Kochi Power Station,Kochi,Kerala,Parking,CHG00001,DC Ultra Fast,ccs2,60.0,SUV,Ather 450X,2022-06-23 00:31:06,2022-06-23 01:46:06,75.0,0.1,0.0,Completed,105.0,150.0,1.68,16.78,App,Individual,Y,Weekend,June,2022,Rainy,25.5
SESS001539,STN0212,Jaipur EV Hub,Jaipur,Rajasthan,Highway,CHG00213,DC Ultra Fast,GB/T,,2 Wheeler,Kia EV6,2023-11-21 13:48:46,2023-11-21 14:25:46,37.0,,0.0,COMPLETED,-5.0,64.4,374.42,17.72,Wallet,Fleet,Y,Holiday,November,2023,Cloudy,38.3
SESS000856,STN0125,Hyderabad Fast Charge Center,Hyderabad,TELANGANA,Highway,CHG00483,AC,Type 2,30.0,3-Wheeler,Citroen eC3,17-02-2021 17:46:49,2021-02-17 18:21:49,35.0,10.96,,completed,9.1,,155.96,14.23,App,Fleet,Yes,Weekend,February,2021,Rainy,13.2
SESS000449,STN0238,Indore Charge Point,Indore,Madhya Pradesh,Parking,CHG00137,DC Fast,Type 2,150.0,2 Wheeler,,2022-02-04 20:51:39,04/02/2022 21:22,31.0,26.41,0.0,Completed,,80.9,434.71,16.46,Cash,Individual,No,Weekend,February,2022,Sunny,35.0
SESS000841,STN0121,  Bengaluru Power Station ,bengaluru,Karnataka,Residential,CHG00340,ac,Type 2,50.0,Car,Hyundai Kona,04/01/2023 19:29,2023-01-04 20:08:58,39.0,12.64,0.0,Cancelled,105.0,150.0,118.69,9.39,Cash,Individual,no,Weekday,January,2023,Cloudy,34.7
SESS000081,STN0058,Mumbai Charge Point,Mumbai,Maharashtra,Parking,CHG00207,AC,CCS,3.3,Car,MG ZS EV,2024-04-04 09:52:40,04-04-2024 11:01:40,69.0,23.15,,Completed,-5.0,150.0,459.76,19.86,UPI,,Yes,Weekday,April,2024,Rainy,24.2
SESS000880,STN0205,Noida Charge Point,Noida,UTTAR PRADESH,Mall,CHG00323,,ccs2,30.0,Car,BYD Atto 3,11/08/2022 10:07,11/08/2022 10:42,35.0,18.03,49.0,COMPLETED,,150.0,354.83,,App,Commercial,Yes,Holiday,August,2022,Cloudy,23.2
SESS000658,STN0154,Bengaluru Fast Charge Center,Bengaluru,Karnataka,Parking,CHG00335,DC Ultra Fast,,150.0,Bus,Mahindra XUV400,24/06/2025 08:47,24/06/2025 09:03,16.0,19.32,,Completed,-5.0,150.0,320.91,16.61,upi,Individual,N,Weekend,June,2025,Sunny,26.6
SESS000066,STN0135,Noida Fast Charge Center,Noida,Uttar Pradesh,Office,CHG00807,DC Ultra Fast,CCS,3.3,2 Wheeler,Tata Nexon EV,2025-09-21 20:31:42,21/09/2025 20:14,-17.0,1.44,,COMPLETED,-5.0,150.0,12.56,8.72,upi,Individual,Y,Weekend,September,2025,,16.3
SESS000823,STN0125,Mumbai Power Station,mumbai,Maharashtra,Highway,CHG00154,DC Fast,,120.0,2-Wheeler,TVS iQube,20-12-2022 17:27:15,2022-12-20 18:15:15,48.0,14.28,6.0,Cancelled,13.2,,198.06,13.87,upi,Commercial,no,Weekend,December,2022,,
SESS001931,STN0248,Chennai Power Station,CHENNAI,Tamil Nadu,Highway,CHG00468,DC Ultra Fast,GB/T,,3-Wheeler,BYD Atto 3,24/09/2025 11:26,2025-09-24 12:07:41,41.0,35.4,0.0,Completed,-5.0,,306.21,8.65,App,Fleet,,Holiday,September,2025,Rainy,34.1
SESS000829,STN0094,Surat Charge Point,Surat,Gujarat,highway,CHG00013,DC Fast,CCS,,3-Wheeler,Citroen eC3,11/05/2022 14:56,11-05-2022 15:51:12,55.0,14.24,,Completed,,,220.86,15.51,upi,Individual,no,Weekend,May,2022,Cloudy,32.8
SESS001873,STN0010,Patna EV Hub,Patna,Bihar,Hotel,CHG00479,DC Fast,CCS,150.0,2 Wheeler,MG ZS EV,27/07/2023 05:31,27/07/2023 06:18,,,0.0,Completed,-5.0,95.2,1.82,18.19,Cash,,No,Weekday,July,2023,Sunny,29.6
SESS000692,STN0229,Pune Charge Point,Pune,Maharashtra,Mall,CHG00228,ac,CHAdeMO,60.0,Bus,,2024-06-13 02:32:00,2024-06-13 03:24:00,52.0,33.33,5.0,COMPLETED,,,463.62,13.91,upi,Commercial,yes,Weekend,June,2024,Cloudy,41.1
SESS001587,STN0145,Hyderabad EV Hub,Hyderabad,Telangana,Residential,CHG00412,AC,Type 2,50.0,3-Wheeler,Ather 450X,23-12-2024 09:44:16,23-12-2024 09:59:16,15.0,0.1,,completed,,150.0,0.9,8.98,Cash,,Y,Weekend,December,2024,Foggy,
SESS000304,STN0062,Bhopal Power Station,bhopal,Madhya Pradesh,Hotel,CHG00197,AC,,7.2,SUV,Tata Tiago EV,10-11-2023 11:28:09,,80.0,13.82,3.0,completed,105.0,102.0,202.32,14.64,Card,,no,Weekend,November,2023,Rainy,33.7
SESS000220,STN0123,Delhi EV Hub,Delhi,Delhi,Hotel,CHG00013,DC Fast,CHAdeMO,150.0,3-Wheeler,Mahindra XUV400,2024-02-06 21:57:55,2024-02-06 22:58:55,61.0,,0.0,COMPLETED,105.0,150.0,285.42,11.56,,,Yes,Weekday,February,2024,Humid,21.9
SESS000647,STN0149,Chennai EV Hub,Chennai,Tamil Nadu,Hotel,CHG00380,ac,ccs2,,Bus,Kia EV6,19/04/2025 14:55,19-04-2025 15:43:30,48.0,7.52,0.0,Cancelled,,150.0,165.14,21.96,Cash,Individual,N,Weekday,April,2025,Cloudy,
SESS000482,STN0233,Hyderabad Power Station,Hyderabad,Telangana,Highway,CHG00541,DC Ultra Fast,,60.0,2 Wheeler,Tata Tiago EV,14/01/2022 03:39,2022-01-14 04:25:43,46.0,47.95,4.0,Completed,105.0,,918.72,19.16,Card,Individual,,Weekday,January,2022,Cloudy,31.5
SESS000568,STN0156,Noida Charge Point,Noida,Uttar Pradesh,highway,CHG00036,AC,GB/T,60.0,Car,Citroen eC3,12/11/2024 14:59,12-11-2024 16:06:46,67.0,15.06,7.0,Cancelled,-5.0,150.0,217.01,14.41,Wallet,Fleet,No,Holiday,November,2024,Sunny,23.4
SESS000550,STN0240,Chennai Fast Charge Center,Chennai,Tamil Nadu,Mall,CHG00899,AC,GB/T,3.3,2 Wheeler,,2025-09-22 13:40:56,2025-09-22 13:48:56,8.0,15.73,0.0,COMPLETED,105.0,150.0,254.83,16.2,UPI,Fleet,No,Weekend,September,2025,Foggy,54.5
SESS000002,STN0171,Kolkata EV Hub,Kolkata,West Bengal,Highway,CHG00482,AC,CCS,30.0,2 Wheeler,,2022-09-06 05:31:31,06-09-2022 06:34:31,63.0,17.53,,Cancelled,7.4,94.7,235.43,13.43,App,Individual,Y,Weekend,September,2022,Cloudy,26.6
SESS000843,STN0145,Kochi Fast Charge Center,Kochi,Kerala,highway,CHG00697,,Type 2,,Bus,Tata Nexon EV,12/11/2021 06:51,2021-11-12 07:41:18,50.0,25.69,,Completed,19.9,,563.64,21.94,UPI,,Yes,Weekday,November,2021,Cloudy,35.5
SESS001365,STN0149,Kochi Charge Point,Kochi,Kerala,highway,CHG00131,DC fast,CHAdeMO,,Bus,Tata Nexon EV,16/07/2022 06:24,16/07/2022 08:00,96.0,19.07,0.0,completed,105.0,76.0,314.46,,Cash,,yes,Holiday,July,2022,Humid,
SESS000642,STN0232,Kolkata EV Hub,Kolkata,West Bengal,Highway,CHG00110,AC,,,Bus,BYD Atto 3,06/06/2021 01:04,06/06/2021 02:29,85.0,37.16,1.0,COMPLETED,,67.5,710.87,19.13,UPI,Individual,No,Weekday,June,2021,Sunny,30.0
SESS001889,STN0074,Chennai Charge Point,Chennai,Tamil Nadu,Mall,CHG00535,,CHAdeMO,120.0,3-Wheeler,,08/06/2023 22:08,2023-06-08 22:51:11,43.0,20.16,6.0,Failed,,,253.61,12.58,upi,Commercial,No,Weekend,June,2023,,25.3
SESS000060,STN0239,Surat EV Hub,Surat,Gujarat,Office,CHG00274,,CHAdeMO,150.0,3-Wheeler,Kia EV6,2025-02-24 18:30:22,24/02/2025 20:06,96.0,12.06,0.0,completed,105.0,,157.02,13.02,Cash,Commercial,yes,Holiday,February,2025,Cloudy,39.2
SESS000744,STN0015,Kolkata Fast Charge Center,Kolkata,West Bengal,Parking,CHG00215,ac,CHAdeMO,,Car,Ather 450X,17/06/2023 10:11,17/06/2023 11:02,51.0,17.75,0.0,Completed,105.0,150.0,378.43,21.32,upi,Fleet,Y,Holiday,June,2023,Rainy,
SESS000953,STN0109,Gurugram EV Hub,Gurugram,Haryana,Residential,CHG00126,DC fast,CHAdeMO,150.0,2 Wheeler,Tata Nexon EV,04/08/2025 22:19,04/08/2025 23:23,64.0,0.1,,Failed,11.4,6.4,2.15,21.45,App,Fleet,yes,Weekday,August,2025,Rainy,26.0
SESS000250,STN0043,Bengaluru Power Station,Bengaluru,Karnataka,Highway,CHG00124,DC Ultra Fast,CHAdeMO,,2-Wheeler,Mahindra XUV400,21-01-2021 20:15:36,21/01/2021 20:35,20.0,18.49,,Completed,,,334.67,18.1,UPI,Fleet,yes,Weekend,January,2021,Foggy,28.3
SESS001124,STN0055,Noida EV Hub,Noida,Uttar Pradesh,,CHG00747,DC Fast,Type 2,50.0,2 Wheeler,Hyundai Kona,19-01-2022 20:24:42,19-01-2022 21:45:42,81.0,4.21,,COMPLETED,,,43.7,10.38,UPI,,No,Holiday,January,2022,Cloudy,18.3
SESS000122,STN0099,Noida Charge Point,NOIDA,Uttar Pradesh,Mall,CHG00287,,,150.0,2-Wheeler,Citroen eC3,29/08/2024 00:47,29-08-2024 01:07:02,20.0,26.89,0.0,Failed,5.4,150.0,275.35,,Wallet,,no,Holiday,August,2024,,
SESS001000,STN0087,Bhopal Fast Charge Center,Bhopal,Madhya Pradesh,Hotel,CHG00770,AC,ccs2,3.3,2-Wheeler,,2025-05-24 17:02:46,2025-05-24 18:12:46,70.0,,,COMPLETED,-5.0,,583.31,15.53,Wallet,Commercial,No,Weekday,May,2025,Cloudy,22.4
SESS000214,STN0159,Hyderabad Charge Point,Hyderabad,Telangana,Parking,CHG00693,DC Ultra Fast,Type 2,,,Hyundai Kona,09-10-2022 18:47:50,2022-10-09 19:41:50,54.0,,,completed,,73.7,358.86,10.69,App,,N,Weekend,October,2022,,31.2
SESS001322,STN0109,hyderabad power station,Hyderabad,Telangana,Highway,CHG00383,DC fast,GB/T,50.0,2-Wheeler,Tata Tiago EV,10-08-2022 22:57:19,10/08/2022 23:07,10.0,8.63,5.0,COMPLETED,105.0,97.0,81.9,9.49,Cash,,Y,Holiday,August,2022,Sunny,
SESS001181,STN0085,Delhi Power Station,Delhi,Delhi,highway,CHG00277,AC,CHAdeMO,60.0,3-Wheeler,Citroen eC3,27/04/2021 15:30,27/04/2021 16:43,73.0,19.02,,Cancelled,31.2,,255.44,,UPI,Commercial,no,Weekend,April,2021,Rainy,27.9
SESS001132,STN0149,patna power station,  Patna ,Bihar,Mall,CHG00835,DC Ultra Fast,ccs2,3.3,2-Wheeler,BYD Atto 3,14/09/2023 07:27,14-09-2023 08:54:55,87.0,6.13,,COMPLETED,18.9,83.8,97.9,15.97,Wallet,Fleet,,Weekday,September,2023,Foggy,
SESS000822,STN0134,Chandigarh Fast Charge Center,Chandigarh,Punjab,highway,CHG00297,AC,CHAdeMO,7.2,3-Wheeler,TVS iQube,2025-04-01 11:53:31,01-04-2025 13:12:31,79.0,23.03,,Failed,18.7,150.0,459.91,19.97,Card,Fleet,Y,Weekend,April,2025,Foggy,31.7
SESS000555,STN0032,Bhopal Power Station,Bhopal,Madhya Pradesh,Mall,CHG00428,AC,CHAdeMO,60.0,SUV,Citroen eC3,12/09/2022 20:55,12-09-2022 21:56:46,61.0,21.77,18.0,Completed,-5.0,150.0,194.62,8.94,,Individual,Yes,Holiday,September,2022,Rainy,
SESS000939,STN0170,Lucknow Charge Point,Lucknow,Uttar Pradesh,Residential,CHG00603,AC,CHAdeMO,7.2,2 Wheeler,,2021-11-30 21:36:45,,27.0,22.66,,completed,,61.3,346.47,15.29,Card,,No,Weekday,November,2021,Rainy,21.2
SESS001588,STN0121,kochi Charge Point,kochi,Kerala,Parking,CHG00548,DC Fast,GB/T,30.0,2-Wheeler,,17/04/2023 04:27,2023-04-17 04:53:37,26.0,3.17,,COMPLETED,,95.3,27.58,8.7,upi,Commercial,Y,Weekday,April,2023,Humid,31.9
SESS001803,STN0126,Surat Charge Point,Surat,Gujarat,Mall,CHG00664,AC,ccs2,50.0,,,05-02-2021 19:30:33,05/02/2021 20:21,51.0,7.16,0.0,completed,-5.0,,114.2,15.95,upi,,,Weekend,February,2021,Sunny,22.5
SESS001798,STN0142,Surat Fast Charge Center,Surat,Gujarat,Parking,CHG00636,DC Fast,Type 2,50.0,Bus,Citroen eC3,25-08-2024 15:07:12,2024-08-25 16:28:12,81.0,21.75,44.0,Cancelled,105.0,,357.57,16.44,,Fleet,Y,Weekday,August,2024,Cloudy,27.9
SESS000867,STN0024,patna ev hub,Patna,Bihar,Office,CHG00064,ac,GB/T,7.2,Bus,,04-10-2021 03:45:12,04-10-2021 05:00:12,75.0,17.03,0.0,Cancelled,105.0,,189.54,11.13,Cash,Fleet,Yes,Weekday,October,2021,Humid,37.4
SESS001308,STN0049,Bengaluru Charge Point,Bengaluru,Karnataka,Hotel,CHG00021,DC Ultra Fast,CCS,7.2,SUV,Mahindra XUV400,17/03/2022 08:56,17-03-2022 09:15:15,19.0,17.19,0.0,Completed,,150.0,205.25,11.94,App,,N,Holiday,March,2022,Foggy,19.2
SESS000406,STN0199,Jaipur Power Station,Jaipur,Rajasthan,Parking,CHG00758,DC Fast,CHAdeMO,120.0,Car,BYD Atto 3,29/12/2023 11:49,2023-12-29 13:19:43,90.0,20.21,0.0,completed,105.0,,202.1,10.0,Card,Fleet,,Weekend,December,2023,,30.5
SESS001423,STN0093,Jaipur Power Station,  Jaipur ,Rajasthan,Highway,CHG00003,,CHAdeMO,60.0,SUV,Citroen eC3,28/02/2024 20:31,,37.0,17.09,9.0,Failed,13.2,150.0,312.58,18.29,App,Commercial,yes,Holiday,February,2024,Humid,26.5
SESS001999,STN0094,Patna EV Hub,Patna,Bihar,Hotel,CHG00284,DC Fast,CCS,3.3,2-Wheeler,BYD Atto 3,18/11/2024 23:14,18-11-2024 23:39:39,25.0,43.1,0.0,Cancelled,,96.2,662.88,15.38,Cash,,,Holiday,November,2024,Foggy,29.6
SESS001934,STN0020,Lucknow Charge Point,Lucknow,Uttar Pradesh,Office,CHG00453,DC Ultra Fast,,,Bus,Kia EV6,26/07/2022 15:10,26/07/2022 16:19,69.0,21.83,0.0,Failed,12.9,150.0,423.28,19.39,,Individual,yes,Weekday,July,2022,,18.6
SESS000635,STN0042,Bengaluru Fast Charge Center,Bengaluru,Karnataka,Parking,CHG00160,,Type 2,22.0,2-Wheeler,Tata Nexon EV,30/05/2024 00:11,,41.0,27.82,12.0,Failed,6.2,78.2,235.36,8.46,Cash,Fleet,,Weekend,May,2024,Rainy,23.1
SESS001523,STN0017,chennai Charge Point,chennai,TAMIL NADU,,CHG00387,,ccs2,60.0,2-Wheeler,TVS iQube,08-09-2022 16:51:54,08/09/2022 18:11,80.0,15.46,10.0,Failed,-5.0,,170.83,11.05,Cash,Individual,Y,Holiday,September,2022,,34.2
SESS001373,STN0057,Delhi Fast Charge Center,Delhi,DELHI,Hotel,CHG00169,DC Ultra Fast,CHAdeMO,22.0,,Tata Tiago EV,25/04/2022 19:01,25/04/2022 19:45,44.0,23.49,3.0,Failed,105.0,90.0,392.75,16.72,,Commercial,Y,Weekday,April,2022,Sunny,28.0
SESS000954,STN0093,Lucknow Power Station,Lucknow,Uttar Pradesh,Office,CHG00840,DC fast,GB/T,120.0,Car,Citroen eC3,09/01/2022 16:46,2022-01-09 17:21:28,35.0,24.23,,Failed,-5.0,150.0,514.65,21.24,upi,Fleet,,Weekday,January,2022,Foggy,17.6
SESS001002,STN0164,Kochi Power Station,KOCHI,KERALA,Parking,CHG00095,ac,Type 2,30.0,,Ather 450X,2023-09-01 12:11:36,01/09/2023 12:23,12.0,13.33,0.0,COMPLETED,-5.0,,190.49,14.29,App,Commercial,Yes,Weekday,September,2023,Foggy,30.6
SESS000925,STN0020,Kolkata EV Hub,KOLKATA,West Bengal,Mall,CHG00377,ac,Type 2,22.0,,BYD Atto 3,22/02/2022 02:20,22/02/2022 03:21,61.0,19.86,0.0,Failed,,64.8,169.01,,Wallet,,,Weekday,February,2022,Humid,34.8
SESS000154,STN0175,Patna Power Station,Patna,Bihar,highway,CHG00218,DC fast,GB/T,22.0,Car,,27/10/2022 00:25,27/10/2022 01:34,69.0,25.71,9.0,completed,105.0,150.0,342.46,13.32,Card,,No,Weekend,October,2022,Humid,26.3
SESS001894,STN0222,Indore Power Station,Indore,Madhya Pradesh,Office,CHG00146,DC Ultra Fast,CHAdeMO,22.0,2-Wheeler,BYD Atto 3,2022-05-07 16:52:19,07/05/2022 18:02,70.0,28.09,,Failed,7.1,150.0,573.04,20.4,upi,Commercial,N,Holiday,May,2022,Rainy,23.2
SESS001526,STN0159,Ahmedabad Charge Point,ahmedabad,Gujarat,Office,CHG00106,AC,GB/T,30.0,Bus,Ola S1 Pro,2025-06-27 02:04:21,2025-06-27 02:39:21,35.0,29.15,0.0,completed,,84.5,352.71,12.1,UPI,Fleet,Y,Holiday,June,2025,Humid,26.3
SESS000338,STN0217,Jaipur Fast Charge Center,jaipur,RAJASTHAN,highway,CHG00026,DC fast,GB/T,30.0,3-Wheeler,,03-09-2024 20:25:22,2024-09-03 20:42:22,17.0,15.7,9.0,COMPLETED,18.2,150.0,148.52,9.46,App,,,Holiday,September,2024,Sunny,26.5
SESS000424,STN0172,Indore EV Hub,Indore,Madhya Pradesh,Residential,CHG00273,DC Ultra Fast,ccs2,22.0,Bus,Kia EV6,2021-10-18 14:09:35,,55.0,44.99,0.0,COMPLETED,20.6,88.5,893.5,19.86,Cash,Commercial,,Weekday,October,2021,Cloudy,19.6
SESS001988,STN0157,Chennai Power Station,Chennai,TAMIL NADU,Office,CHG00119,,CCS,7.2,Car,,22/12/2021 00:01,22/12/2021 00:02,1.0,,0.0,Completed,105.0,,375.63,19.52,Card,Commercial,,Holiday,December,2021,Cloudy,29.2
SESS000472,STN0248,Lucknow Fast Charge Center,Lucknow,Uttar Pradesh,highway,CHG00887,AC,ccs2,,2-Wheeler,Tata Nexon EV,26/03/2023 19:43,2023-03-26 20:08:35,25.0,,,completed,-5.0,150.0,180.8,18.3,upi,Fleet,No,Weekend,March,2023,Cloudy,26.1
SESS001755,STN0219,Lucknow Fast Charge Center,Lucknow,UTTAR PRADESH,Parking,CHG00014,ac,GB/T,3.3,Bus,TVS iQube,24/03/2021 14:35,24/03/2021 15:58,,19.65,4.0,COMPLETED,-5.0,,424.64,21.61,App,,N,Holiday,March,2021,Sunny,30.7
SESS001390,STN0185,Pune EV Hub,Pune,Maharashtra,Highway,CHG00871,DC Fast,,22.0,,Ather 450X,07-05-2023 15:50:05,2023-05-07 17:18:05,88.0,0.1,0.0,Completed,,,1.62,16.25,UPI,Commercial,Yes,Weekend,May,2023,Cloudy,35.8
SESS001240,STN0237,Lucknow Charge Point,Lucknow,uttar pradesh,Highway,CHG00057,DC fast,Type 2,3.3,3-Wheeler,Hyundai Kona,08-05-2022 15:18:39,08-05-2022 15:43:39,25.0,27.12,6.0,COMPLETED,105.0,150.0,341.98,12.61,Cash,Commercial,yes,Holiday,May,2022,Humid,22.2
SESS001328,STN0089,Bengaluru Power Station,BENGALURU,Karnataka,Hotel,CHG00122,DC Ultra Fast,Type 2,30.0,Car,Kia EV6,28/12/2024 06:22,28-12-2024 07:20:48,58.0,24.8,,Failed,,150.0,207.82,,upi,Fleet,Y,Holiday,December,2024,Foggy,32.5
SESS000760,STN0184,Bhopal Charge Point,bhopal,Madhya Pradesh,Hotel,CHG00430,DC Ultra Fast,CHAdeMO,60.0,SUV,Ather 450X,04-06-2024 17:51:30,04-06-2024 18:11:30,20.0,18.29,,completed,35.1,,343.49,18.78,,Commercial,Yes,Weekend,June,2024,Humid,21.4
SESS000719,STN0148,Bhopal Fast Charge Center,Bhopal,Madhya Pradesh,Mall,CHG00351,DC Fast,CCS,50.0,3-Wheeler,Kia EV6,05-11-2022 07:03:01,2022-11-05 07:50:01,47.0,16.76,7.0,Completed,,150.0,189.39,11.3,upi,Fleet,no,Weekday,November,2022,Rainy,25.4
SESS000470,STN0066,DELHI POWER STATION,Delhi,Delhi,Residential,CHG00001,AC,CCS,150.0,Car,,08/07/2023 01:53,2023-07-08 02:33:18,40.0,0.1,18.0,completed,105.0,150.0,1.43,14.27,Card,Individual,Y,Holiday,July,2023,Rainy,29.0
SESS001173,STN0081,Ahmedabad Power Station,Ahmedabad,Gujarat,Residential,CHG00490,DC Fast,ccs2,,Bus,Citroen eC3,06/09/2024 13:04,06-09-2024 13:34:23,30.0,,41.0,Failed,,150.0,378.52,12.25,Card,Individual,no,Weekend,September,2024,Rainy,11.0
SESS001131,STN0193,Jaipur EV Hub,Jaipur,Rajasthan,Highway,CHG00649,,CHAdeMO,,2 Wheeler,Citroen eC3,12/07/2022 02:00,2022-07-12 03:02:31,62.0,28.25,0.0,completed,,,363.29,12.86,,,Yes,Holiday,July,2022,Foggy,54.2
SESS001911,STN0026,Hyderabad Power Station,Hyderabad,Telangana,Residential,CHG00515,AC,,50.0,,Ather 450X,2023-05-16 16:05:17,,80.0,,51.0,completed,,,235.54,9.19,upi,,,Weekday,May,2023,Sunny,18.0
SESS001581,STN0096,Pune Charge Point,Pune,Maharashtra,Highway,CHG00476,AC,CHAdeMO,60.0,,Mahindra XUV400,01-06-2025 10:30:20,01/06/2025 11:16,46.0,19.85,9.0,completed,105.0,78.9,193.93,9.77,App,Individual,N,Weekday,June,2025,Sunny,37.8
SESS001561,STN0031,Noida Fast Charge Center,Noida,UTTAR PRADESH,Office,CHG00073,AC,GB/T,150.0,2-Wheeler,Mahindra XUV400,21-08-2021 18:49:22,21-08-2021 19:16:22,27.0,15.28,,Cancelled,8.3,71.6,325.16,21.28,Wallet,Individual,Yes,Weekend,August,2021,Sunny,
SESS000094,STN0133,Patna Fast Charge Center,Patna,Bihar,Parking,CHG00439,ac,Type 2,150.0,3-Wheeler,Citroen eC3,2024-05-12 03:12:27,12-05-2024 03:53:27,41.0,4.91,0.0,COMPLETED,8.8,150.0,64.17,13.07,upi,Fleet,yes,Holiday,May,2024,Cloudy,27.8
SESS001532,STN0127,ahmedabad power station,Ahmedabad,Gujarat,Hotel,CHG00721,DC Ultra Fast,CHAdeMO,,SUV,Kia EV6,30/03/2022 06:13,30/03/2022 07:07,54.0,41.89,,Completed,105.0,150.0,604.05,14.42,Card,,no,Holiday,March,2022,Foggy,28.2
SESS000806,STN0090,Ahmedabad EV Hub,Ahmedabad,Gujarat,Parking,CHG00695,ac,CCS,120.0,SUV,Tata Nexon EV,07-11-2024 21:03:17,07-11-2024 21:04:17,1.0,13.73,1.0,COMPLETED,20.1,,167.92,12.23,UPI,Individual,Y,Holiday,November,2024,Cloudy,23.6
SESS000495,STN0214,Kochi Power Station,Kochi,Kerala,Hotel,CHG00828,,ccs2,150.0,SUV,Tata Nexon EV,2025-06-18 09:10:22,18-06-2025 09:46:22,36.0,8.67,,COMPLETED,,,105.86,12.21,Wallet,Individual,N,Weekday,June,2025,,30.6
SESS000787,STN0130,Bengaluru EV Hub,Bengaluru,Karnataka,highway,CHG00017,DC Ultra Fast,ccs2,150.0,SUV,TVS iQube,29-08-2021 07:44:22,2021-08-29 08:12:22,28.0,20.37,,COMPLETED,,150.0,269.5,13.23,App,Individual,Yes,Weekday,August,2021,Rainy,19.7
SESS001081,STN0205,Bhopal Charge Point,Bhopal,Madhya Pradesh,Mall,CHG00742,DC Fast,CCS,50.0,3-Wheeler,,12-01-2023 18:55:06,12-01-2023 19:46:06,51.0,17.44,4.0,COMPLETED,105.0,,241.72,13.86,UPI,Commercial,No,Weekend,January,2023,Foggy,33.1
SESS001201,STN0241,Jaipur Charge Point,JAIPUR,Rajasthan,Parking,CHG00072,DC Ultra Fast,CCS,60.0,2 Wheeler,MG ZS EV,14/01/2022 11:54,14/01/2022 13:11,77.0,27.7,0.0,completed,25.0,93.2,269.8,9.74,,Individual,yes,Holiday,January,2022,Sunny,35.7
SESS000694,STN0174,Surat Fast Charge Center,surat,Gujarat,Office,CHG00582,DC Fast,Type 2,22.0,SUV,,17/05/2023 21:30,2023-05-17 21:59:18,29.0,21.71,15.0,COMPLETED,,150.0,399.46,18.4,App,,yes,Weekday,May,2023,Cloudy,26.9
SESS000758,STN0096,Delhi Charge Point,Delhi,Delhi,Residential,CHG00825,DC fast,CCS,150.0,Bus,Hyundai Kona,31-01-2021 00:14:16,31/01/2021 01:07,53.0,12.38,,completed,,68.7,119.22,9.63,upi,Commercial,Yes,Weekday,January,2021,Foggy,29.3
SESS001464,STN0237,Bhopal Power Station,Bhopal,Madhya Pradesh,Hotel,CHG00285,DC Fast,ccs2,7.2,2 Wheeler,Ola S1 Pro,18-01-2024 02:30:46,18-01-2024 04:18:46,108.0,9.27,,Completed,-5.0,83.6,116.89,12.61,Cash,Commercial,Y,Weekday,January,2024,Rainy,35.2
SESS000763,STN0101,Noida EV Hub,Noida,Uttar Pradesh,highway,CHG00331,,Type 2,120.0,SUV,Tata Tiago EV,2021-04-13 05:37:36,2021-04-13 06:24:36,47.0,21.51,24.0,Cancelled,105.0,150.0,238.98,11.11,App,,Y,Weekend,April,2021,Foggy,26.7
SESS001182,STN0220,Lucknow EV Hub,Lucknow,Uttar Pradesh,highway,CHG00816,DC Fast,Type 2,120.0,2 Wheeler,Bajaj Chetak,05-11-2022 13:05:53,2022-11-05 14:49:53,104.0,21.99,,Completed,105.0,,427.05,,Card,Fleet,,Weekday,November,2022,Sunny,25.4
SESS001771,STN0147,Bhopal Charge Point,Bhopal,Madhya Pradesh,,CHG00147,,GB/T,30.0,Car,Hyundai Kona,09/09/2021 13:29,2021-09-09 14:36:03,67.0,,14.0,Cancelled,9.8,,263.47,,Cash,Individual,,Weekend,September,2021,Foggy,30.7
SESS001558,STN0001,Hyderabad Power Station,Hyderabad,Telangana,,CHG00499,DC Fast,GB/T,22.0,Bus,MG ZS EV,13-10-2023 03:10:38,13/10/2023 03:49,39.0,2.89,6.0,Cancelled,9.3,67.3,29.45,10.19,App,Individual,yes,Holiday,October,2023,Sunny,31.5
SESS000055,STN0156,Pune Charge Point,Pune,Maharashtra,Office,CHG00591,ac,,150.0,Car,MG ZS EV,02/01/2022 02:50,02-01-2022 03:48:42,58.0,25.92,,Cancelled,,,240.8,9.29,Wallet,Fleet,Yes,Weekend,January,2022,,23.8
SESS001048,STN0180,Mumbai Fast Charge Center,Mumbai,  Maharashtra ,highway,CHG00201,DC fast,ccs2,,3-Wheeler,,24-04-2025 22:27:42,2025-04-24 23:13:42,46.0,17.58,,Completed,27.2,150.0,246.65,14.03,Card,,N,Weekday,April,2025,,29.0
SESS001199,STN0224,gurugram EV Hub,gurugram,Haryana,,CHG00812,DC Fast,GB/T,60.0,Car,Ola S1 Pro,24-03-2024 17:09:03,24-03-2024 17:30:03,21.0,27.84,,COMPLETED,13.6,89.1,244.16,8.77,UPI,Individual,No,Weekend,March,2024,Rainy,34.1
SESS001012,STN0241,  Jaipur EV Hub ,  Jaipur ,Rajasthan,Parking,CHG00601,ac,Type 2,3.3,Car,Citroen eC3,30/10/2023 07:32,30/10/2023 08:20,48.0,31.87,0.0,COMPLETED,,,505.14,15.85,Wallet,Commercial,no,Weekday,October,2023,Foggy,35.0
SESS001683,STN0143,pune Charge Point,pune,Maharashtra,Hotel,CHG00501,AC,CHAdeMO,150.0,2-Wheeler,Ola S1 Pro,2024-02-29 01:15:40,29/02/2024 02:06,51.0,12.28,0.0,COMPLETED,,93.3,203.11,16.54,UPI,Fleet,,Holiday,February,2024,Sunny,27.1
SESS000569,STN0153,Ahmedabad EV Hub,Ahmedabad,Gujarat,Office,CHG00774,AC,,,2 Wheeler,BYD Atto 3,10/07/2024 20:28,10-07-2024 20:38:26,10.0,26.74,0.0,Cancelled,,150.0,515.81,19.29,upi,,,Weekend,July,2024,Foggy,24.0
SESS000339,STN0207,kochi power station,KOCHI,Kerala,Highway,CHG00751,DC Fast,ccs2,,2-Wheeler,Tata Tiago EV,2024-09-25 05:24:20,25-09-2024 05:41:20,17.0,11.59,0.0,COMPLETED,-5.0,,218.7,18.87,Wallet,Individual,yes,Weekend,September,2024,Humid,44.8
SESS000842,STN0157,CHENNAI POWER STATION,Chennai,Tamil Nadu,Hotel,CHG00635,,CHAdeMO,60.0,SUV,Mahindra XUV400,2023-06-02 03:50:43,02-06-2023 05:15:43,85.0,25.22,6.0,Failed,-5.0,150.0,512.72,20.33,upi,,,Holiday,June,2023,Sunny,26.1
SESS000723,STN0133,Bhopal EV Hub,Bhopal,Madhya Pradesh,Residential,CHG00066,DC fast,ccs2,60.0,SUV,Hyundai Kona,10/06/2022 22:05,2022-06-10 22:44:11,,25.56,,Completed,,70.8,318.73,12.47,upi,Commercial,,Weekday,June,2022,Sunny,25.5
SESS001703,STN0028,Ahmedabad Charge Point,Ahmedabad,Gujarat,Hotel,CHG00081,DC Fast,CHAdeMO,,Bus,Bajaj Chetak,2022-12-08 01:05:40,2022-12-08 01:48:40,43.0,22.38,,Failed,-5.0,,296.53,,App,Individual,Y,Holiday,December,2022,Foggy,29.0
SESS000245,STN0084,Jaipur Power Station,Jaipur,Rajasthan,,CHG00603,DC Fast,ccs2,,,,05-10-2022 16:29:31,2022-10-05 18:03:31,,37.58,,completed,105.0,150.0,572.72,15.24,UPI,Fleet,no,Weekday,October,2022,Cloudy,22.0
SESS000702,STN0088,Mumbai EV Hub,Mumbai,Maharashtra,,CHG00307,AC,CHAdeMO,150.0,3-Wheeler,Tata Nexon EV,19-09-2024 15:20:20,,,26.0,22.0,Completed,-5.0,150.0,296.4,11.4,App,Individual,Yes,Weekday,September,2024,Foggy,29.5
SESS000581,STN0181,Kolkata Fast Charge Center,Kolkata,West Bengal,Office,CHG00433,AC,ccs2,120.0,3-Wheeler,,19/07/2021 17:25,19-07-2021 18:24:54,59.0,28.59,,Completed,-5.0,,348.8,12.2,Card,Individual,Yes,Weekday,July,2021,Rainy,23.1
SESS002000,STN0016,Mumbai Charge Point,Mumbai,Maharashtra,Office,CHG00658,,ccs2,60.0,Bus,,22-06-2024 22:35:12,22/06/2024 23:15,40.0,-13.43,14.0,Completed,17.5,,136.74,20.06,Wallet,Individual,yes,Weekday,June,2024,,36.9
SESS001918,STN0004,Ahmedabad Power Station,Ahmedabad,Gujarat,Residential,CHG00629,DC Ultra Fast,Type 2,150.0,SUV,TVS iQube,2021-01-16 07:14:47,16-01-2021 08:17:47,63.0,1.32,18.0,completed,-5.0,150.0,12.83,9.72,Card,Individual,no,Weekday,January,2021,Rainy,
SESS001728,STN0191,Bhopal Charge Point,Bhopal,Madhya Pradesh,highway,CHG00198,DC fast,CCS,,SUV,Tata Tiago EV,29/10/2025 18:46,29/10/2025 19:05,19.0,18.21,,Failed,105.0,,239.46,13.15,UPI,Fleet,No,Weekday,October,2025,Humid,23.0
SESS000355,STN0207,Bengaluru EV Hub,Bengaluru,Karnataka,highway,CHG00778,AC,ccs2,3.3,2 Wheeler,Ola S1 Pro,29-04-2022 03:30:48,29-04-2022 04:22:48,52.0,32.59,0.0,COMPLETED,,150.0,408.03,12.52,,Commercial,yes,Holiday,April,2022,Foggy,
SESS001218,STN0181,Chennai Charge Point,Chennai,Tamil Nadu,Mall,CHG00706,ac,CHAdeMO,,,MG ZS EV,24-09-2024 00:41:39,24-09-2024 01:32:39,51.0,16.4,0.0,COMPLETED,,150.0,214.51,13.08,App,,yes,Weekday,September,2024,,32.3
SESS000958,STN0134,Chennai EV Hub,Chennai,Tamil Nadu,Highway,CHG00042,DC Ultra Fast,Type 2,50.0,3-Wheeler,,2022-09-07 20:53:51,2022-09-07 21:32:51,39.0,25.52,5.0,Failed,105.0,,,,Wallet,Commercial,,Weekday,September,2022,Sunny,30.1
SESS000286,STN0239,Kolkata EV Hub,Kolkata,West Bengal,Parking,CHG00572,DC Ultra Fast,Type 2,7.2,2 Wheeler,Mahindra XUV400,2021-04-13 02:06:55,13-04-2021 03:17:55,71.0,38.79,,COMPLETED,14.7,150.0,608.23,15.68,Card,Commercial,Y,Weekend,April,2021,Rainy,29.0
SESS000940,STN0017,Jaipur Charge Point,Jaipur,Rajasthan,Hotel,CHG00659,,CCS,3.3,Car,,11-11-2025 07:11:42,2025-11-11 07:48:42,37.0,14.6,11.0,Failed,23.6,79.8,242.94,16.64,UPI,,No,Weekend,November,2025,Foggy,39.5
SESS001470,STN0208,Indore Fast Charge Center,Indore,Madhya Pradesh,Highway,CHG00512,AC,ccs2,3.3,Car,Ola S1 Pro,2023-04-07 02:08:04,2023-04-07 03:15:04,67.0,,6.0,Failed,,86.4,333.43,10.04,Cash,Individual,yes,Weekend,April,2023,Rainy,32.9
SESS001705,STN0059,Hyderabad Power Station,Hyderabad,Telangana,Parking,CHG00413,AC,CCS,3.3,Bus,Ola S1 Pro,2021-10-30 15:06:32,30/10/2021 16:20,74.0,23.76,34.0,completed,-5.0,150.0,445.26,18.74,Cash,Commercial,,Weekday,October,2021,Foggy,28.3
SESS001864,STN0024,Ahmedabad Charge Point,Ahmedabad,Gujarat,Mall,CHG00267,AC,ccs2,60.0,Bus,,19/07/2025 16:12,19/07/2025 16:36,24.0,0.1,,Completed,6.2,,1.59,15.92,Cash,Individual,N,Holiday,July,2025,Cloudy,33.5
SESS001495,STN0110,Indore Fast Charge Center,Indore,Madhya Pradesh,highway,CHG00527,,ccs2,,3-Wheeler,Tata Nexon EV,03/11/2023 22:22,04/11/2023 00:10,108.0,23.74,10.0,COMPLETED,,83.5,254.49,10.72,,Individual,yes,Holiday,November,2023,Cloudy,32.1
SESS000313,STN0219,Lucknow Power Station,Lucknow,Uttar Pradesh,Highway,CHG00312,AC,GB/T,,3-Wheeler,Kia EV6,02/02/2022 06:17,02-02-2022 07:02:53,45.0,15.68,26.0,Failed,,,206.19,13.15,,,yes,Weekday,February,2022,Foggy,
SESS000296,STN0015,Bengaluru EV Hub,Bengaluru,Karnataka,Hotel,CHG00237,,GB/T,,2-Wheeler,Bajaj Chetak,2025-09-30 05:22:56,30-09-2025 05:58:56,36.0,8.38,,Cancelled,,,171.37,20.45,upi,,yes,Weekend,September,2025,,23.6
SESS000014,STN0118,chandigarh ev hub,Chandigarh,Punjab,Hotel,CHG00204,AC,CCS,60.0,SUV,,15-08-2023 20:23:59,2023-08-15 20:32:59,9.0,44.13,12.0,COMPLETED,,,734.32,16.64,UPI,Fleet,No,Weekday,August,2023,Foggy,43.1
SESS001003,STN0004,Kochi Power Station,Kochi,Kerala,Hotel,CHG00003,DC Ultra Fast,CHAdeMO,60.0,Car,MG ZS EV,21/09/2024 15:00,21-09-2024 15:59:02,59.0,17.06,11.0,Cancelled,,,271.42,15.91,,Commercial,No,Weekday,September,2024,Cloudy,25.6
SESS001128,STN0047,Bhopal Power Station,Bhopal,Madhya Pradesh,Residential,CHG00369,,ccs2,,3-Wheeler,MG ZS EV,08-10-2022 12:17:46,08/10/2022 13:11,54.0,24.37,,Completed,-5.0,69.6,209.34,8.59,App,Commercial,Y,Weekend,October,2022,Humid,19.2
SESS000328,STN0006,Indore Power Station,Indore,Madhya Pradesh,Hotel,CHG00091,,CCS,50.0,Car,Ola S1 Pro,30/03/2024 22:02,30/03/2024 22:38,36.0,7.09,0.0,Completed,-5.0,,84.09,11.86,,Individual,,Holiday,March,2024,Sunny,26.1
SESS001146,STN0224,Pune Power Station,Pune,Maharashtra,Residential,CHG00025,,CCS,50.0,2-Wheeler,Tata Tiago EV,03/03/2021 11:13,03/03/2021 11:33,20.0,14.12,,completed,8.8,,287.91,,UPI,Fleet,no,Weekday,March,2021,Rainy,
SESS001082,STN0078,Delhi EV Hub,delhi,Delhi,Highway,CHG00354,DC Ultra Fast,Type 2,120.0,2 Wheeler,Bajaj Chetak,26/11/2024 13:30,26-11-2024 15:15:17,105.0,22.75,3.0,completed,105.0,84.5,242.29,10.65,App,Commercial,Yes,Weekday,November,2024,Rainy,33.0
SESS001795,STN0106,Gurugram Fast Charge Center,Gurugram,Haryana,Residential,CHG00820,DC Fast,CCS,,3-Wheeler,Citroen eC3,2024-02-08 12:15:11,08-02-2024 14:05:11,110.0,12.37,0.0,Completed,105.0,150.0,270.04,21.83,Wallet,Commercial,Y,Weekend,February,2024,Rainy,22.6
SESS001230,STN0016,Ahmedabad Power Station,Ahmedabad,Gujarat,Office,CHG00282,DC fast,ccs2,50.0,3-Wheeler,TVS iQube,2025-10-25 09:47:36,25/10/2025 10:00,13.0,7.59,28.0,Completed,6.8,150.0,113.24,14.92,Card,Individual,N,Holiday,October,2025,Foggy,28.4
SESS000664,STN0012,Bhopal Fast Charge Center,Bhopal,Madhya Pradesh,Parking,CHG00288,AC,ccs2,3.3,,Ather 450X,20/08/2025 10:51,20-08-2025 11:45:46,54.0,5.74,25.0,COMPLETED,24.2,23.2,85.81,14.95,Card,Fleet,No,Holiday,August,2025,Rainy,23.9
SESS001354,STN0005,chandigarh Power Station,chandigarh,Punjab,,CHG00522,DC Fast,ccs2,120.0,Car,MG ZS EV,15/07/2021 06:56,15/07/2021 07:47,,10.71,36.0,Completed,,69.2,194.92,18.2,upi,,yes,Weekday,July,2021,Foggy,35.9
SESS001766,STN0153,Chennai Power Station,Chennai,Tamil Nadu,Mall,CHG00667,ac,GB/T,120.0,,,2025-04-19 06:20:58,19/04/2025 06:31,11.0,8.11,9.0,Cancelled,-5.0,92.4,90.83,11.2,,Commercial,no,Holiday,April,2025,Humid,32.5
SESS000591,STN0136,Gurugram Fast Charge Center,Gurugram,haryana,Mall,CHG00286,ac,CCS,60.0,3-Wheeler,,07-07-2025 11:29:37,07-07-2025 12:23:37,54.0,24.91,0.0,completed,7.5,150.0,284.22,11.41,Card,,Y,Holiday,July,2025,Sunny,23.4
SESS000673,STN0023,Kochi Charge Point,Kochi,Kerala,Office,CHG00021,DC Ultra Fast,CCS,,Car,Citroen eC3,24/08/2024 22:13,,59.0,35.97,9.0,completed,,,337.04,9.37,upi,Commercial,,Holiday,August,2024,,26.8
SESS000450,STN0057,Delhi EV Hub,Delhi,Delhi,,CHG00099,DC Ultra Fast,,30.0,,Ather 450X,19/01/2021 16:38,,49.0,22.98,8.0,COMPLETED,18.5,11.5,273.23,11.89,App,Individual,N,Weekday,January,2021,Sunny,29.3
SESS000132,STN0243,Mumbai Power Station,Mumbai,Maharashtra,Highway,CHG00416,AC,ccs2,60.0,3-Wheeler,Kia EV6,12/04/2022 11:35,2022-04-12 12:27:41,,,4.0,Failed,-5.0,93.4,22.87,21.78,Card,,N,Weekday,April,2022,Rainy,35.9
SESS001891,STN0183,Chandigarh Charge Point,Chandigarh,Punjab,Mall,CHG00014,DC Ultra Fast,CHAdeMO,60.0,2 Wheeler,,2021-01-01 12:06:46,2021-01-01 12:38:46,32.0,21.68,0.0,Completed,,,302.22,13.94,upi,Individual,yes,Weekday,January,2021,Humid,13.5
SESS000689,STN0029,Lucknow Charge Point,Lucknow,Uttar Pradesh,Office,CHG00299,AC,,22.0,2 Wheeler,Ather 450X,10/11/2023 10:29,10/11/2023 10:45,16.0,27.63,,Cancelled,105.0,93.0,228.22,8.26,Cash,Commercial,no,Holiday,November,2023,,22.7
SESS000626,STN0048,Bengaluru EV Hub,Bengaluru,Karnataka,,CHG00380,ac,CHAdeMO,,,BYD Atto 3,2024-06-24 04:38:34,24-06-2024 05:28:34,50.0,7.26,14.0,Failed,35.0,31.0,97.36,13.41,Cash,Commercial,No,Weekday,June,2024,Sunny,23.0
SESS001912,STN0022,Jaipur Charge Point,Jaipur,Rajasthan,Highway,CHG00298,,,,SUV,Citroen eC3,2021-07-02 12:37:12,02-07-2021 13:30:12,53.0,13.03,,Failed,105.0,74.2,219.69,16.86,upi,,yes,Holiday,July,2021,,20.7
SESS001324,STN0039,Gurugram Power Station,Gurugram,Haryana,Hotel,CHG00633,AC,ccs2,150.0,2 Wheeler,Citroen eC3,20/05/2025 16:35,20-05-2025 16:57:45,22.0,12.54,22.0,COMPLETED,35.9,78.3,123.02,9.81,App,Commercial,,Holiday,May,2025,Cloudy,31.0
SESS001147,STN0100,Bhopal Fast Charge Center,Bhopal,Madhya Pradesh,Highway,CHG00649,AC,Type 2,150.0,,,2025-12-03 11:50:23,2025-12-03 13:02:23,72.0,9.63,0.0,Completed,,81.1,151.48,,Cash,,N,Weekday,December,2025,Cloudy,15.2
SESS000936,STN0065,Surat EV Hub,Surat,Gujarat,Parking,CHG00037,AC,CCS,150.0,2 Wheeler,BYD Atto 3,01/09/2025 20:08,01-09-2025 20:40:03,32.0,3.56,,COMPLETED,-5.0,,29.51,,Card,Fleet,N,Weekday,September,2025,,27.1
SESS000932,STN0236,Delhi EV Hub,Delhi,Delhi,Hotel,CHG00431,DC fast,ccs2,3.3,2-Wheeler,BYD Atto 3,28/01/2021 22:36,2021-01-29 00:10:29,94.0,15.34,,Failed,-5.0,94.0,190.68,,Wallet,Commercial,Y,Weekday,January,2021,,28.6
SESS000645,STN0226,Bengaluru Charge Point,Bengaluru,KARNATAKA,Residential,CHG00444,AC,CHAdeMO,60.0,SUV,Citroen eC3,2023-01-28 09:36:54,28-01-2023 10:31:54,,5.49,21.0,Failed,,,108.32,19.73,Cash,Fleet,N,Holiday,January,2023,Foggy,40.3
SESS000527,STN0180,LUCKNOW FAST CHARGE CENTER,Lucknow,Uttar Pradesh,Mall,CHG00243,AC,CHAdeMO,,3-Wheeler,,2023-09-01 00:54:09,,62.0,29.19,36.0,Completed,,77.3,563.66,19.31,Card,Fleet,Yes,Weekend,September,2023,Cloudy,39.4
SESS000499,STN0213,Bengaluru EV Hub,Bengaluru,Karnataka,Office,CHG00563,,,3.3,,Mahindra XUV400,2025-09-04 19:17:27,04-09-2025 19:48:27,31.0,27.43,9.0,Completed,,,276.77,,UPI,Individual,Y,Weekday,September,2025,Sunny,26.2
SESS001241,STN0248,Gurugram Charge Point,Gurugram,Haryana,Highway,CHG00866,DC Fast,CCS,120.0,2-Wheeler,MG ZS EV,24-02-2021 00:51:12,2021-02-24 01:50:12,59.0,,0.0,Completed,-5.0,,116.89,8.57,Cash,,no,Weekday,February,2021,Rainy,23.0
SESS001267,STN0232,Bhopal EV Hub,Bhopal,Madhya Pradesh,Mall,CHG00844,DC fast,CHAdeMO,150.0,2-Wheeler,Hyundai Kona,13/07/2025 12:16,13-07-2025 13:22:04,66.0,28.78,0.0,completed,-5.0,65.5,461.63,16.04,,Fleet,N,Holiday,July,2025,,29.5
SESS000128,STN0004,Jaipur EV Hub,Jaipur,Rajasthan,highway,CHG00161,ac,CCS,120.0,Bus,Tata Tiago EV,2021-07-13 11:44:24,2021-07-13 13:16:24,92.0,25.7,0.0,Completed,-5.0,150.0,514.26,20.01,upi,Fleet,no,Holiday,July,2021,,27.4
SESS001839,STN0152,Gurugram Charge Point,gurugram,Haryana,Highway,CHG00187,DC Fast,CCS,150.0,,Ather 450X,2024-02-09 08:50:37,09/02/2024 09:23,33.0,10.7,3.0,Failed,,150.0,182.86,17.09,UPI,,N,Holiday,February,2024,Foggy,21.1
SESS000864,STN0038,Chennai Fast Charge Center,Chennai,Tamil Nadu,highway,CHG00382,DC fast,ccs2,150.0,2-Wheeler,Citroen eC3,2024-02-28 14:02:30,28-02-2024 14:40:30,38.0,31.03,4.0,COMPLETED,,62.0,517.58,16.68,UPI,Commercial,No,Weekday,February,2024,Cloudy,30.1
SESS000947,STN0027,hyderabad Fast Charge Center,hyderabad,Telangana,Hotel,CHG00671,DC fast,CHAdeMO,3.3,Bus,MG ZS EV,2021-03-22 22:33:46,22/03/2021 23:38,65.0,15.07,,Completed,39.6,150.0,245.19,16.27,upi,,No,Weekday,March,2021,Cloudy,34.7
SESS000251,STN0025,Chandigarh Fast Charge Center,Chandigarh,Punjab,Office,CHG00422,DC Ultra Fast,,60.0,3-Wheeler,,20-10-2021 04:10:50,20-10-2021 05:08:50,58.0,34.33,0.0,completed,23.3,,282.19,8.22,,,Y,Weekend,October,2021,Humid,28.9
SESS000596,STN0133,Hyderabad Charge Point,Hyderabad,Telangana,Hotel,CHG00231,ac,ccs2,50.0,3-Wheeler,BYD Atto 3,02/02/2025 16:32,02/02/2025 17:43,71.0,30.08,7.0,Completed,26.2,,247.86,8.24,Wallet,Commercial,N,Weekend,February,2025,,32.4
SESS000930,STN0225,Indore EV Hub,Indore,Madhya Pradesh,,CHG00004,ac,GB/T,,Car,Tata Nexon EV,28-05-2023 23:45:31,2023-05-29 01:16:31,91.0,44.7,0.0,Failed,-5.0,73.9,371.9,8.32,,Commercial,no,Weekday,May,2023,Humid,14.1
SESS000288,STN0116,Delhi Power Station,Delhi,Delhi,Residential,CHG00465,AC,ccs2,60.0,Bus,Kia EV6,16/04/2023 06:41,16-04-2023 07:08:57,27.0,39.31,,Cancelled,,150.0,,10.04,App,Individual,No,Holiday,April,2023,Sunny,17.3
SESS000163,STN0250,Ahmedabad EV Hub,Ahmedabad,Gujarat,,CHG00430,DC fast,,30.0,2-Wheeler,Tata Tiago EV,15/10/2025 21:50,15-10-2025 22:58:52,68.0,25.0,12.0,Cancelled,13.6,150.0,393.75,15.75,Wallet,Individual,yes,Weekday,October,2025,Foggy,
SESS001017,STN0088,Pune Power Station,Pune,MAHARASHTRA,Hotel,CHG00634,ac,GB/T,30.0,Car,,2022-05-26 02:43:11,2022-05-26 02:44:11,1.0,1.43,0.0,Failed,,,19.43,13.59,upi,,Yes,Weekend,May,2022,,23.7
SESS001609,STN0091,  Hyderabad EV Hub ,Hyderabad,Telangana,Parking,CHG00494,DC fast,CHAdeMO,150.0,Car,Citroen eC3,04/06/2023 07:03,2023-06-04 07:52:30,49.0,3.42,0.0,Completed,-5.0,150.0,,19.07,UPI,,Y,Weekend,June,2023,Cloudy,24.1
SESS000444,STN0012,GURUGRAM EV HUB,Gurugram,Haryana,Office,CHG00846,,ccs2,30.0,2 Wheeler,Citroen eC3,20/03/2022 01:44,20/03/2022 02:39,55.0,19.44,0.0,COMPLETED,25.7,95.5,189.93,9.77,App,Fleet,N,Weekday,March,2022,Cloudy,31.7
SESS000098,STN0136,Pune Power Station,Pune,Maharashtra,highway,CHG00340,ac,ccs2,120.0,SUV,Mahindra XUV400,22/12/2023 00:38,22-12-2023 02:04:29,86.0,19.35,0.0,Failed,29.6,85.2,422.99,21.86,Wallet,Fleet,Yes,Weekend,December,2023,Sunny,33.6
SESS000353,STN0021,Ahmedabad Charge Point,Ahmedabad,Gujarat,Mall,CHG00043,ac,,30.0,3-Wheeler,Kia EV6,29-10-2022 07:00:55,29-10-2022 08:48:55,108.0,23.01,0.0,COMPLETED,,,199.04,8.65,,,Yes,Weekend,October,2022,Rainy,22.3
SESS000429,STN0108,Pune EV Hub,Pune,Maharashtra,Hotel,CHG00431,DC fast,Type 2,30.0,2-Wheeler,Ather 450X,12-06-2024 06:48:33,2024-06-12 07:05:33,17.0,20.48,,Completed,,,265.83,,upi,Fleet,No,Weekend,June,2024,Humid,29.0
SESS001961,STN0008,CHENNAI EV HUB,Chennai,Tamil Nadu,Residential,CHG00008,AC,ccs2,120.0,2-Wheeler,TVS iQube,12/03/2023 06:18,,39.0,4.64,0.0,completed,,150.0,66.17,14.26,Cash,,Yes,Weekday,March,2023,Sunny,24.4
SESS000235,STN0169,Jaipur Power Station,Jaipur,Rajasthan,Parking,CHG00424,DC Ultra Fast,CHAdeMO,22.0,Car,BYD Atto 3,26/06/2022 10:36,2022-06-26 11:09:14,33.0,,16.0,Failed,105.0,95.0,2.11,21.1,Wallet,,N,Holiday,June,2022,Cloudy,36.4
SESS000674,STN0050,Lucknow Power Station,Lucknow,Uttar Pradesh,Parking,CHG00799,AC,ccs2,,3-Wheeler,Kia EV6,2021-04-27 13:54:04,27-04-2021 14:55:04,61.0,6.49,9.0,Cancelled,35.9,,112.73,17.37,Card,Fleet,,Weekday,April,2021,Cloudy,43.3
SESS000507,STN0228,Surat Power Station,Surat,Gujarat,,CHG00776,,ccs2,3.3,2 Wheeler,Ather 450X,05-06-2025 12:27:27,05-06-2025 13:20:27,53.0,,0.0,completed,105.0,150.0,563.6,21.22,Wallet,Commercial,N,Weekday,June,2025,Foggy,27.4
SESS000937,STN0048,Pune Fast Charge Center,Pune,Maharashtra,Parking,CHG00027,DC Fast,CHAdeMO,30.0,Bus,,2021-03-02 02:35:30,,65.0,0.1,0.0,Cancelled,24.2,,,19.46,Cash,Individual,No,Holiday,March,2021,Foggy,21.0
SESS000656,STN0076,Pune Charge Point,Pune,Maharashtra,Hotel,CHG00655,AC,ccs2,22.0,3-Wheeler,Tata Nexon EV,15/02/2025 19:50,2025-02-15 20:07:13,17.0,33.44,0.0,COMPLETED,39.5,,401.61,12.01,Card,Fleet,N,Weekday,February,2025,Humid,26.9
SESS000602,STN0123,surat Charge Point,SURAT,Gujarat,Mall,CHG00022,DC Ultra Fast,Type 2,50.0,,Tata Nexon EV,08/05/2025 19:13,08-05-2025 20:00:15,47.0,29.2,0.0,Failed,-5.0,72.1,462.24,,upi,,Y,Holiday,May,2025,Rainy,31.2
SESS001637,STN0146,Noida Fast Charge Center,Noida,Uttar Pradesh,highway,CHG00128,ac,,60.0,3-Wheeler,Citroen eC3,19/08/2025 22:39,2025-08-20 00:04:52,85.0,24.23,,Cancelled,15.3,150.0,348.43,14.38,Card,Individual,no,Holiday,August,2025,Rainy,26.7
SESS000331,STN0004,Gurugram Power Station,Gurugram,Haryana,Residential,CHG00577,AC,ccs2,7.2,2-Wheeler,Hyundai Kona,07-01-2025 20:53:47,07/01/2025 21:22,29.0,3.86,,Cancelled,105.0,150.0,54.0,13.99,Card,Fleet,yes,Weekend,January,2025,Foggy,25.1
SESS001275,STN0098,chandigarh EV Hub,chandigarh,Punjab,,CHG00521,,CHAdeMO,30.0,SUV,MG ZS EV,2022-03-03 01:52:35,,62.0,7.87,0.0,Cancelled,33.0,150.0,108.29,13.76,Cash,Individual,Yes,Weekend,March,2022,Foggy,30.3
SESS000179,STN0174,gurugram power station,  Gurugram ,Haryana,Parking,CHG00005,AC,CCS,50.0,3-Wheeler,TVS iQube,20-03-2021 06:27:13,20/03/2021 07:37,70.0,,0.0,Completed,,80.3,226.2,8.31,App,,Yes,Weekend,March,2021,Cloudy,
SESS000337,STN0154,Bengaluru Fast Charge Center,Bengaluru,Karnataka,Hotel,CHG00314,AC,CCS,,SUV,,04/01/2024 09:46,04-01-2024 10:41:48,55.0,1.99,,Failed,,150.0,22.63,11.37,App,Individual,No,Holiday,January,2024,Cloudy,15.0
SESS000700,STN0123,Noida Fast Charge Center,Noida,Uttar Pradesh,Parking,CHG00346,DC Fast,ccs2,7.2,2 Wheeler,MG ZS EV,2025-05-13 03:37:30,13-05-2025 04:22:30,45.0,15.4,,Completed,,,269.65,17.51,Card,Individual,no,Weekday,May,2025,Sunny,22.3
SESS000225,STN0113,Hyderabad EV Hub,Hyderabad,Telangana,Mall,CHG00300,DC fast,CCS,60.0,,Kia EV6,2025-01-04 20:02:11,04-01-2025 20:26:11,24.0,0.1,,completed,105.0,,,,UPI,Individual,No,Weekday,January,2025,,17.5
SESS000327,STN0176,Ahmedabad Power Station,ahmedabad,Gujarat,,CHG00893,DC fast,,,,TVS iQube,01-06-2021 15:42:54,01-06-2021 16:57:54,75.0,13.72,0.0,COMPLETED,105.0,,253.41,18.47,Cash,,Yes,Holiday,June,2021,Humid,30.6
SESS001053,STN0213,Noida Charge Point,Noida,Uttar Pradesh,Parking,CHG00360,DC fast,CCS,3.3,SUV,Tata Tiago EV,2023-04-25 05:03:53,25/04/2023 06:44,101.0,1.09,,Completed,-5.0,73.4,,11.27,Wallet,Individual,No,Weekend,April,2023,Sunny,30.7
SESS001939,STN0057,Bhopal Power Station,Bhopal,Madhya Pradesh,Highway,CHG00107,,CCS,120.0,2-Wheeler,,21/09/2024 07:31,21-09-2024 08:01:17,30.0,,0.0,COMPLETED,105.0,150.0,425.5,18.97,Cash,Individual,yes,Weekend,September,2024,Sunny,28.1
SESS000089,STN0213,Patna Power Station,Patna,Bihar,Mall,CHG00480,DC fast,CCS,7.2,SUV,,2025-11-16 22:34:43,16/11/2025 22:57,23.0,13.39,26.0,completed,,100.0,146.49,10.94,upi,Fleet,No,Weekday,November,2025,Rainy,26.8
SESS001139,STN0151,Bengaluru Power Station,Bengaluru,Karnataka,Highway,CHG00219,AC,CCS,3.3,SUV,,29/08/2025 14:35,29/08/2025 15:53,78.0,10.05,0.0,Failed,105.0,,175.37,17.45,Card,,no,Holiday,August,2025,Sunny,19.8
SESS001993,STN0004,Lucknow Charge Point,Lucknow,Uttar Pradesh,highway,CHG00141,ac,,50.0,,Hyundai Kona,25/12/2022 09:45,25/12/2022 11:02,77.0,,18.0,Failed,,,219.31,12.15,UPI,Fleet,No,Weekday,December,2022,,28.8
SESS001848,STN0209,Ahmedabad Fast Charge Center,Ahmedabad,Gujarat,Highway,CHG00875,DC Ultra Fast,GB/T,22.0,2 Wheeler,Bajaj Chetak,08-07-2022 04:59:40,08-07-2022 05:57:40,58.0,37.41,24.0,completed,14.0,,720.89,,App,Individual,yes,Weekend,July,2022,,19.0
SESS000112,STN0064,Indore Power Station,Indore,Madhya Pradesh,Office,CHG00560,DC Ultra Fast,CCS,150.0,Car,MG ZS EV,2025-05-18 17:23:29,18/05/2025 17:54,31.0,20.22,18.0,completed,-5.0,84.4,341.92,,upi,Individual,N,Weekend,May,2025,Cloudy,
SESS000622,STN0117,Kolkata Fast Charge Center,KOLKATA,West Bengal,Mall,CHG00121,ac,,150.0,,Tata Nexon EV,22-05-2022 02:08:03,22-05-2022 02:59:03,51.0,0.1,1.0,Failed,-5.0,,0.9,8.95,,Commercial,,Holiday,May,2022,Foggy,34.2
SESS000350,STN0198,Kochi Power Station,Kochi,Kerala,Highway,CHG00292,ac,,,2-Wheeler,MG ZS EV,16-02-2025 01:41:28,2025-02-16 03:02:28,81.0,32.1,0.0,completed,34.4,61.8,399.97,,,Commercial,N,Holiday,February,2025,Sunny,26.7
SESS001563,STN0115,Ahmedabad EV Hub,Ahmedabad,Gujarat,Parking,CHG00167,DC Fast,CHAdeMO,7.2,,Kia EV6,16/12/2025 14:37,2025-12-16 15:38:50,61.0,23.97,40.0,completed,18.9,,225.8,9.42,UPI,Commercial,Yes,Holiday,December,2025,Humid,27.0
SESS000455,STN0222,Jaipur Power Station,Jaipur,Rajasthan,Parking,CHG00201,DC Ultra Fast,GB/T,150.0,2 Wheeler,Tata Tiago EV,29/01/2024 08:02,29-01-2024 08:53:35,51.0,21.88,,Completed,-5.0,,449.85,20.56,upi,,Yes,Weekday,January,2024,Sunny,27.2
SESS001540,STN0124,Gurugram Power Station,Gurugram,Haryana,Parking,CHG00145,ac,CHAdeMO,7.2,Bus,Mahindra XUV400,2022-02-28 02:31:28,2022-02-28 03:15:28,44.0,41.87,,Cancelled,-5.0,150.0,466.01,11.13,Cash,,yes,Weekday,February,2022,Sunny,25.7
SESS000306,STN0148,Noida Power Station,Noida,Uttar Pradesh,,CHG00732,DC fast,CHAdeMO,3.3,Bus,TVS iQube,2025-04-09 11:14:51,09/04/2025 11:15,,21.38,0.0,Failed,39.6,,463.3,21.67,App,Individual,no,Holiday,April,2025,Rainy,23.3
SESS000552,STN0074,Surat EV Hub,SURAT,Gujarat,Highway,CHG00055,DC fast,Type 2,120.0,Car,Mahindra XUV400,2025-03-05 21:43:15,05/03/2025 22:56,73.0,19.82,25.0,Failed,-5.0,,264.6,13.35,upi,Fleet,N,Holiday,March,2025,Rainy,29.7
SESS001369,STN0208,Ahmedabad Charge Point,Ahmedabad,Gujarat,Residential,CHG00724,ac,,60.0,,,31/01/2025 14:41,2025-01-31 15:44:31,63.0,19.23,,completed,-5.0,99.0,205.57,10.69,App,,No,Weekday,January,2025,Sunny,
SESS000407,STN0028,Surat Fast Charge Center,Surat,Gujarat,Mall,CHG00304,DC Ultra Fast,CHAdeMO,7.2,Car,Hyundai Kona,10/12/2021 12:33,10-12-2021 12:45:43,12.0,14.63,0.0,COMPLETED,,,122.01,8.34,App,Commercial,yes,Weekend,December,2021,,32.9
SESS001809,STN0048,ahmedabad fast charge center,Ahmedabad,Gujarat,Highway,CHG00550,DC fast,CCS,60.0,,Tata Tiago EV,26-01-2024 16:16:46,2024-01-26 17:14:46,58.0,0.1,,COMPLETED,,150.0,1.36,13.56,UPI,Fleet,Yes,Holiday,January,2024,Cloudy,26.2
SESS000070,STN0222,Jaipur Charge Point,Jaipur,RAJASTHAN,Mall,CHG00355,DC Ultra Fast,ccs2,,2-Wheeler,Ather 450X,2023-02-02 14:00:41,02-02-2023 14:34:41,34.0,20.55,16.0,Failed,,,355.52,17.3,,Commercial,No,Weekday,February,2023,Foggy,28.9
SESS000530,STN0014,Jaipur Charge Point,Jaipur,Rajasthan,Hotel,CHG00670,AC,ccs2,7.2,2-Wheeler,Mahindra XUV400,29-07-2023 02:18:35,2023-07-29 02:48:35,30.0,4.58,,COMPLETED,21.5,64.0,45.39,,Wallet,Fleet,Yes,Weekday,July,2023,Rainy,18.5
SESS000202,STN0117,Delhi Fast Charge Center,Delhi,Delhi,Mall,CHG00025,,CHAdeMO,60.0,Bus,,25/10/2022 04:46,25-10-2022 05:37:59,51.0,29.51,,Completed,-5.0,,457.41,15.5,UPI,Commercial,no,Weekday,October,2022,Rainy,28.2
SESS001342,STN0087,Chennai Fast Charge Center,Chennai,Tamil Nadu,Office,CHG00579,AC,CCS,3.3,SUV,Ather 450X,19-04-2024 13:58:30,19-04-2024 15:01:30,63.0,27.06,0.0,Failed,-5.0,150.0,466.78,17.25,UPI,,No,Weekday,April,2024,,31.0
SESS001698,STN0096,Jaipur Fast Charge Center,Jaipur,Rajasthan,Highway,CHG00390,,Type 2,150.0,Car,Bajaj Chetak,28/10/2021 18:09,28-10-2021 18:33:04,24.0,25.93,29.0,COMPLETED,,150.0,381.69,14.72,,Fleet,,Weekend,October,2021,Rainy,42.1
SESS001956,STN0123,Mumbai Charge Point,  Mumbai ,Maharashtra,Parking,CHG00009,DC Fast,,60.0,Car,Bajaj Chetak,2024-10-05 18:12:37,2024-10-05 19:07:37,55.0,12.95,0.0,Cancelled,105.0,63.2,209.27,16.16,UPI,Commercial,N,Holiday,October,2024,Foggy,21.5
SESS001627,STN0020,Noida EV Hub,Noida,Uttar Pradesh,,CHG00441,AC,CCS,,3-Wheeler,MG ZS EV,2024-11-03 05:29:14,03-11-2024 06:39:14,70.0,29.73,0.0,Completed,23.4,150.0,490.84,16.51,,,no,Weekend,November,2024,Rainy,29.4
SESS000332,STN0101,Jaipur Charge Point,Jaipur,Rajasthan,,CHG00383,AC,CCS,120.0,2 Wheeler,,02-12-2023 14:04:09,02/12/2023 14:36,32.0,30.73,,Cancelled,12.0,90.1,493.83,16.07,Cash,Individual,yes,Weekend,December,2023,Foggy,
SESS001482,STN0190,indore ev hub,Indore,Madhya Pradesh,highway,CHG00325,AC,,22.0,2-Wheeler,,2025-03-29 12:47:53,2025-03-29 13:12:53,25.0,6.92,,Cancelled,-5.0,150.0,91.41,,App,Fleet,,Weekend,March,2025,Humid,24.8
SESS000993,STN0033,Gurugram Fast Charge Center,Gurugram,HARYANA,Hotel,CHG00321,ac,Type 2,30.0,3-Wheeler,Kia EV6,20-04-2021 22:02:48,20-04-2021 22:44:48,42.0,35.64,0.0,Completed,,,764.83,21.46,Wallet,Individual,,Holiday,April,2021,Foggy,
SESS000061,STN0032,Gurugram EV Hub,Gurugram,Haryana,Residential,CHG00718,DC Fast,,60.0,3-Wheeler,Tata Tiago EV,11-08-2021 17:29:44,,76.0,12.35,0.0,Failed,27.9,,184.01,14.9,Card,Commercial,Yes,Weekend,August,2021,Sunny,23.7
SESS001280,STN0192,Lucknow Power Station,Lucknow,Uttar Pradesh,Office,CHG00570,DC Ultra Fast,CHAdeMO,3.3,2-Wheeler,,01-06-2024 23:08:15,2024-06-01 23:44:15,36.0,3.72,0.0,Failed,32.4,,73.1,19.65,Card,,N,Weekday,June,2024,Cloudy,23.2
SESS000525,STN0214,Kochi Fast Charge Center,Kochi,Kerala,Parking,CHG00174,DC Ultra Fast,,120.0,Bus,Citroen eC3,28/04/2023 16:51,,76.0,17.33,,Failed,31.7,80.8,285.43,16.47,Card,,Yes,Holiday,April,2023,Rainy,24.0
SESS001692,STN0072,Kolkata Fast Charge Center,Kolkata,West Bengal,Office,CHG00899,,Type 2,30.0,Bus,Kia EV6,06-08-2025 08:47:46,06-08-2025 09:23:46,36.0,19.69,20.0,completed,105.0,150.0,174.65,8.87,upi,,No,Holiday,August,2025,Cloudy,21.8
SESS000489,STN0210,Delhi Charge Point,Delhi,Delhi,,CHG00136,DC fast,,,3-Wheeler,Ather 450X,23/12/2023 05:03,23/12/2023 06:27,84.0,12.14,35.0,Cancelled,105.0,,205.04,16.89,Card,Individual,Yes,Weekend,December,2023,,23.7
SESS000927,STN0231,Jaipur Fast Charge Center,Jaipur,Rajasthan,Highway,CHG00289,ac,GB/T,,,,27/09/2023 11:25,27-09-2023 11:52:04,27.0,17.19,,Completed,105.0,77.0,215.05,12.51,UPI,Individual,No,Holiday,September,2023,,29.2
SESS000917,STN0137,Bhopal Power Station,Bhopal,Madhya Pradesh,Hotel,CHG00343,AC,,120.0,Car,,05-02-2021 22:23:02,05/02/2021 22:26,3.0,,23.0,completed,29.4,,225.9,14.99,,Fleet,No,Weekday,February,2021,Cloudy,27.5
SESS001743,STN0133,Delhi Power Station,Delhi,Delhi,,CHG00886,ac,GB/T,7.2,Bus,BYD Atto 3,2021-04-09 22:20:43,2021-04-09 23:39:43,79.0,15.08,0.0,Completed,105.0,104.0,209.31,13.88,Card,Fleet,No,Holiday,April,2021,Humid,27.7
SESS001099,STN0183,Patna EV Hub,Patna,  Bihar ,highway,CHG00653,,CCS,60.0,Bus,Bajaj Chetak,06-05-2025 21:10:29,2025-05-06 21:37:29,27.0,10.71,,completed,,88.8,216.77,,UPI,Commercial,Y,Weekend,May,2025,Foggy,20.2
SESS001122,STN0051,Hyderabad EV Hub,Hyderabad,Telangana,Hotel,CHG00170,DC Fast,ccs2,50.0,2-Wheeler,Kia EV6,04/03/2025 21:21,2025-03-04 22:07:15,46.0,19.38,,completed,,,170.74,,,Individual,Y,Weekday,March,2025,Cloudy,23.5
SESS000314,STN0190,Lucknow Fast Charge Center,Lucknow,Uttar Pradesh,Residential,CHG00553,DC fast,,,2-Wheeler,Mahindra XUV400,2021-02-16 02:30:24,2021-02-16 04:02:24,92.0,15.46,0.0,Cancelled,,,175.16,11.33,,Commercial,yes,Weekend,February,2021,Humid,27.6
SESS001397,STN0143,Chandigarh Charge Point,Chandigarh,Punjab,Parking,CHG00817,,,3.3,2 Wheeler,Ather 450X,27/08/2021 02:11,27-08-2021 02:57:02,46.0,27.22,,Completed,105.0,150.0,399.32,14.67,Wallet,Fleet,Y,Weekday,August,2021,Rainy,25.7
SESS001681,STN0016,Bhopal EV Hub,Bhopal,Madhya Pradesh,Residential,CHG00710,DC Fast,,3.3,,Hyundai Kona,2022-10-04 22:49:17,04/10/2022 23:41,52.0,9.74,0.0,Completed,-5.0,,136.36,14.0,,Commercial,,Holiday,October,2022,,35.0
SESS001278,STN0180,Pune Fast Charge Center,Pune,Maharashtra,,CHG00551,ac,GB/T,,3-Wheeler,,2025-01-17 09:42:08,2025-01-17 11:08:08,86.0,9.18,12.0,Cancelled,,150.0,152.94,16.66,Cash,Commercial,N,Weekday,January,2025,Sunny,27.1
SESS001007,STN0077,Hyderabad Power Station,Hyderabad,Telangana,Parking,CHG00568,,Type 2,7.2,SUV,Kia EV6,20-05-2023 04:01:32,20/05/2023 05:18,77.0,22.42,0.0,Cancelled,11.1,71.9,352.22,15.71,,Commercial,yes,Weekday,May,2023,Foggy,28.9
SESS001869,STN0215,Chennai Charge Point,Chennai,Tamil Nadu,Highway,CHG00784,DC Fast,,22.0,2 Wheeler,Ola S1 Pro,17/07/2023 10:58,2023-07-17 11:36:07,38.0,2.37,0.0,Completed,105.0,74.0,49.46,20.87,,Individual,Yes,Holiday,July,2023,Foggy,16.7
SESS000299,STN0031,Surat Power Station,Surat,Gujarat,Residential,CHG00874,DC Fast,ccs2,3.3,3-Wheeler,Tata Tiago EV,04-08-2025 12:04:11,04-08-2025 12:59:11,55.0,0.1,5.0,completed,-5.0,150.0,1.17,11.69,Cash,Individual,Y,Weekday,August,2025,,31.5
SESS001492,STN0195,Patna EV Hub,Patna,Bihar,Parking,CHG00786,ac,Type 2,60.0,SUV,TVS iQube,06/10/2022 17:26,06/10/2022 18:26,60.0,20.69,6.0,COMPLETED,105.0,,219.73,10.62,Cash,Commercial,,Weekend,October,2022,Cloudy,26.9
SESS001148,STN0158,Gurugram Fast Charge Center,Gurugram,HARYANA,Highway,CHG00077,ac,GB/T,22.0,Car,,01-03-2024 03:57:11,01-03-2024 04:19:11,22.0,9.31,,Failed,,79.0,131.64,14.14,Wallet,Fleet,N,Weekday,March,2024,Foggy,26.7
SESS000697,STN0128,Mumbai Charge Point,Mumbai,Maharashtra,Highway,CHG00583,ac,CHAdeMO,60.0,SUV,Mahindra XUV400,01/01/2022 12:20,01-01-2022 13:38:52,78.0,9.66,,Completed,105.0,67.8,165.67,17.15,,Commercial,yes,Weekday,January,2022,Cloudy,21.8
SESS001258,STN0095,Kolkata Charge Point,Kolkata,West Bengal,Hotel,CHG00821,DC fast,ccs2,150.0,3-Wheeler,Hyundai Kona,28-09-2025 22:39:52,28/09/2025 23:01,22.0,13.81,,COMPLETED,105.0,,182.98,13.25,App,Fleet,N,Holiday,September,2025,Humid,31.3
SESS001093,STN0009,Gurugram Power Station,Gurugram,Haryana,,CHG00875,AC,Type 2,150.0,Bus,Citroen eC3,27-02-2023 04:56:37,2023-02-27 05:22:37,26.0,1.7,0.0,completed,-5.0,150.0,14.67,8.63,upi,,Y,Holiday,February,2023,,20.2
SESS001450,STN0217,Mumbai Charge Point,Mumbai,Maharashtra,Highway,CHG00886,DC Ultra Fast,,60.0,2-Wheeler,Bajaj Chetak,2025-06-24 21:05:05,24/06/2025 22:28,83.0,26.64,0.0,Failed,105.0,150.0,486.71,18.27,App,Commercial,yes,Holiday,June,2025,Foggy,32.8
SESS001507,STN0007,noida power station,Noida,Uttar Pradesh,Parking,CHG00706,DC Fast,CCS,60.0,2-Wheeler,Tata Tiago EV,2023-06-20 06:26:07,20-06-2023 06:37:07,11.0,22.65,9.0,Failed,36.6,90.6,485.62,21.44,App,Individual,No,Weekend,June,2023,Cloudy,31.6
SESS001438,STN0217,Patna EV Hub,PATNA,Bihar,highway,CHG00023,DC Ultra Fast,CCS,50.0,SUV,Bajaj Chetak,2024-10-07 08:23:08,07-10-2024 08:24:08,1.0,48.21,16.0,Failed,18.2,150.0,1037.48,21.52,App,Fleet,No,Weekday,October,2024,Humid,36.1
SESS000905,STN0202,Jaipur EV Hub,jaipur,RAJASTHAN,,CHG00439,AC,Type 2,3.3,,Citroen eC3,10/12/2024 05:59,10/12/2024 06:57,58.0,0.1,3.0,Failed,105.0,77.4,2.08,20.83,Wallet,Commercial,Yes,Weekday,December,2024,Humid,41.1
SESS000644,STN0004,Patna Power Station,Patna,Bihar,Highway,CHG00798,DC Fast,ccs2,120.0,Bus,Kia EV6,27/01/2024 05:57,27-01-2024 06:00:58,3.0,1.09,,completed,7.1,150.0,10.82,9.93,upi,Fleet,Y,Holiday,January,2024,Cloudy,34.6
SESS000710,STN0116,Surat Charge Point,Surat,Gujarat,Parking,CHG00656,DC Ultra Fast,GB/T,50.0,Car,Mahindra XUV400,2024-10-23 15:34:43,23-10-2024 16:47:43,73.0,22.23,0.0,completed,,61.9,249.42,11.22,App,Commercial,No,Weekday,October,2024,,35.3
SESS000666,STN0107,Indore EV Hub,Indore,Madhya Pradesh,Mall,CHG00051,AC,CHAdeMO,3.3,SUV,Tata Tiago EV,21-07-2024 13:41:39,21/07/2024 14:30,49.0,36.96,0.0,completed,105.0,,560.31,15.16,upi,Individual,yes,Weekday,July,2024,,32.7
SESS000866,STN0099,Noida Charge Point,NOIDA,Uttar Pradesh,Mall,CHG00287,,,150.0,2-Wheeler,Citroen eC3,29/08/2024 00:47,29-08-2024 01:07:02,20.0,26.89,0.0,Failed,5.4,150.0,275.35,,Wallet,,no,Holiday,August,2024,,
SESS001904,STN0056,chennai Charge Point,chennai,Tamil Nadu,highway,CHG00659,DC Fast,,50.0,Car,Hyundai Kona,06/03/2021 12:31,06/03/2021 13:19,48.0,0.1,2.0,Cancelled,,77.5,1.96,19.63,Cash,,,Holiday,March,2021,Foggy,26.4
SESS001630,STN0077,Ahmedabad Charge Point,Ahmedabad,Gujarat,Mall,CHG00277,DC Fast,,50.0,2 Wheeler,Kia EV6,2025-06-16 20:42:25,16-06-2025 20:43:25,1.0,25.69,22.0,Cancelled,-5.0,,559.53,,,Individual,yes,Holiday,June,2025,Foggy,22.4
SESS001445,STN0250,Pune Charge Point,Pune,Maharashtra,Office,CHG00881,DC fast,,3.3,Bus,TVS iQube,24-06-2023 04:28:24,24-06-2023 05:11:24,43.0,21.66,8.0,Completed,105.0,70.9,183.46,8.47,UPI,Individual,N,Holiday,June,2023,,
SESS001268,STN0170,Bhopal Power Station,Bhopal,Madhya Pradesh,Office,CHG00111,DC Fast,CCS,3.3,2 Wheeler,,2025-04-06 19:38:23,,45.0,4.6,,Failed,17.1,94.8,87.86,19.1,UPI,Commercial,,Weekend,April,2025,Sunny,27.7
SESS000151,STN0072,CHENNAI FAST CHARGE CENTER,  Chennai ,Tamil Nadu,Office,CHG00687,,CHAdeMO,50.0,Car,Bajaj Chetak,08/03/2022 18:20,08/03/2022 19:14,54.0,18.89,,completed,9.6,88.3,368.54,19.51,UPI,Fleet,,Weekend,March,2022,Rainy,29.6
SESS001737,STN0235,Delhi Charge Point,Delhi,Delhi,Hotel,CHG00360,AC,,120.0,Bus,TVS iQube,2025-11-26 19:36:54,26/11/2025 20:11,35.0,0.1,,COMPLETED,29.0,,1.06,10.61,upi,Fleet,Yes,Weekday,November,2025,Cloudy,24.8
SESS001541,STN0085,Indore Charge Point,Indore,Madhya Pradesh,Highway,CHG00634,DC fast,Type 2,60.0,Bus,Tata Nexon EV,15/07/2025 00:19,2025-07-15 01:39:20,80.0,31.17,28.0,Failed,,150.0,646.15,,App,Individual,,Holiday,July,2025,Humid,34.4
SESS001520,STN0024,Indore Charge Point,Indore,Madhya Pradesh,Mall,CHG00858,ac,ccs2,22.0,Car,Kia EV6,2025-09-23 18:58:50,23-09-2025 19:37:50,39.0,18.01,24.0,Cancelled,,,153.45,,App,Individual,Y,Holiday,September,2025,Cloudy,29.2
SESS001420,STN0189,pune Fast Charge Center,pune,Maharashtra,Mall,CHG00820,,CHAdeMO,60.0,,Ola S1 Pro,03-01-2025 11:01:12,03/01/2025 11:10,,18.8,24.0,completed,-5.0,86.5,327.31,17.41,Wallet,,Y,Holiday,January,2025,,29.5
SESS000777,STN0211,Indore Fast Charge Center,Indore,Madhya Pradesh,Office,CHG00721,AC,Type 2,7.2,,TVS iQube,21-05-2025 14:25:57,2025-05-21 15:25:57,60.0,31.5,0.0,COMPLETED,-5.0,150.0,663.08,21.05,,Commercial,Y,Holiday,May,2025,,37.5
SESS000501,STN0160,Ahmedabad Power Station,ahmedabad,Gujarat,Parking,CHG00666,,CCS,30.0,Car,Bajaj Chetak,2021-12-24 23:40:55,2021-12-24 23:49:55,9.0,27.99,,Cancelled,,150.0,573.79,20.5,Card,,yes,Weekday,December,2021,Cloudy,30.0
SESS000366,STN0036,Pune Charge Point,Pune,maharashtra,highway,CHG00174,,ccs2,30.0,Bus,Mahindra XUV400,13/03/2022 04:17,13/03/2022 05:27,70.0,36.59,8.0,completed,105.0,69.1,435.42,11.9,UPI,Individual,Y,Holiday,March,2022,Foggy,32.5
SESS001529,STN0018,kolkata EV Hub,kolkata,West Bengal,Highway,CHG00765,DC Ultra Fast,ccs2,3.3,Car,Kia EV6,09-02-2021 03:05:05,09/02/2021 04:23,78.0,28.11,13.0,Cancelled,-5.0,70.0,290.66,10.34,UPI,Individual,Y,Holiday,February,2021,Cloudy,34.2
SESS001042,STN0039,Delhi EV Hub,Delhi,Delhi,Office,CHG00701,DC Ultra Fast,CCS,60.0,Bus,,30/01/2024 03:04,30/01/2024 04:10,66.0,23.84,19.0,COMPLETED,-5.0,70.0,517.33,,UPI,Individual,No,Holiday,January,2024,Sunny,26.4
SESS000859,STN0056,Mumbai Power Station,Mumbai,Maharashtra,Parking,CHG00771,DC fast,ccs2,50.0,2-Wheeler,,14/08/2023 15:30,14/08/2023 16:20,50.0,42.0,5.0,Cancelled,,150.0,541.38,12.89,upi,Individual,yes,Weekend,August,2023,Sunny,
SESS000743,STN0088,Pune Power Station,Pune,Maharashtra,Parking,CHG00533,DC Fast,CCS,22.0,SUV,TVS iQube,14-03-2023 12:58:34,14/03/2023 13:01,3.0,41.34,12.0,COMPLETED,,,575.45,13.92,,Commercial,No,Weekend,March,2023,Rainy,27.6
SESS001382,STN0148,Indore Fast Charge Center,Indore,Madhya Pradesh,Highway,CHG00425,AC,ccs2,50.0,Bus,Tata Tiago EV,2025-03-10 16:17:45,2025-03-10 17:10:45,53.0,42.13,36.0,Cancelled,,,350.1,8.31,,Fleet,Y,Weekday,March,2025,,22.1
SESS001050,STN0012,Jaipur Fast Charge Center,Jaipur,Rajasthan,Office,CHG00316,,ccs2,120.0,3-Wheeler,MG ZS EV,2021-05-08 19:10:52,2021-05-08 19:28:52,18.0,16.12,13.0,completed,20.6,150.0,129.12,8.01,Card,Individual,,Weekday,May,2021,Humid,21.9
SESS000811,STN0129,Kochi EV Hub,Kochi,KERALA,Mall,CHG00522,,CCS,7.2,SUV,,22-12-2022 00:16:59,22-12-2022 01:02:59,46.0,0.1,,Completed,6.2,,1.9,18.97,UPI,Individual,Y,Weekday,December,2022,Sunny,23.6
SESS001929,STN0079,Indore Fast Charge Center,Indore,Madhya Pradesh,highway,CHG00276,DC fast,,150.0,Bus,MG ZS EV,22/03/2023 10:33,22/03/2023 11:25,52.0,11.55,,completed,,,94.83,8.21,UPI,Fleet,no,Weekday,March,2023,Rainy,21.2
SESS001882,STN0241,Hyderabad EV Hub,Hyderabad,Telangana,Mall,CHG00327,ac,,,3-Wheeler,Citroen eC3,29/08/2022 02:49,29/08/2022 03:24,35.0,0.1,8.0,Failed,,,1.56,15.59,Wallet,Individual,no,Holiday,August,2022,Rainy,26.2
SESS000731,STN0017,Kochi Charge Point,Kochi,Kerala,Residential,CHG00851,AC,Type 2,150.0,,BYD Atto 3,2025-06-08 16:59:58,2025-06-08 18:07:58,68.0,6.54,,Cancelled,,,103.79,15.87,App,Commercial,,Weekday,June,2025,Humid,31.5
SESS000821,STN0095,Pune EV Hub,Pune,Maharashtra,Residential,CHG00620,DC Fast,CCS,7.2,2-Wheeler,MG ZS EV,2025-08-14 02:32:23,14/08/2025 03:18,46.0,10.68,0.0,completed,20.1,150.0,227.38,21.29,upi,,No,Weekend,August,2025,Humid,27.0
SESS001990,STN0060,Hyderabad Fast Charge Center,Hyderabad,Telangana,highway,CHG00019,AC,Type 2,50.0,2 Wheeler,,31/01/2023 20:48,2023-01-31 19:28:23,-80.0,14.56,19.0,Cancelled,105.0,,240.09,16.49,,,Yes,Holiday,January,2023,Rainy,20.3
SESS000543,STN0004,Noida Power Station,Noida,Uttar Pradesh,Hotel,CHG00870,DC Fast,CCS,150.0,3-Wheeler,Mahindra XUV400,2023-08-23 06:58:56,23/08/2023 07:47,49.0,23.72,8.0,Cancelled,39.6,,501.44,21.14,Cash,Individual,N,Holiday,August,2023,Rainy,48.8
SESS001622,STN0110,kolkata Power Station,kolkata,West Bengal,Parking,CHG00060,DC Ultra Fast,Type 2,60.0,,Bajaj Chetak,2023-09-16 20:39:00,2023-09-16 21:27:00,48.0,27.04,19.0,Cancelled,,,465.9,17.23,upi,,yes,Weekday,September,2023,Rainy,24.6
SESS000526,STN0128,Mumbai Fast Charge Center,Mumbai,Maharashtra,,CHG00798,ac,,,2 Wheeler,Mahindra XUV400,2023-01-07 19:19:53,07-01-2023 20:35:53,76.0,6.84,0.0,completed,105.0,,137.14,20.05,Cash,,Y,Holiday,January,2023,Humid,
SESS001202,STN0091,SURAT POWER STATION,Surat,Gujarat,Residential,CHG00280,AC,GB/T,60.0,,Bajaj Chetak,2021-01-04 19:37:43,04/01/2021 20:49,72.0,32.86,10.0,Cancelled,-5.0,150.0,456.43,13.89,UPI,,yes,Weekday,January,2021,,25.0
SESS001255,STN0089,Delhi Power Station,Delhi,Delhi,Parking,CHG00262,ac,Type 2,22.0,,Mahindra XUV400,30-11-2021 04:11:53,30-11-2021 04:43:53,32.0,21.98,,Completed,10.8,,232.55,10.58,Cash,,,Holiday,November,2021,Humid,29.3
SESS000651,STN0005,Mumbai Charge Point,Mumbai,Maharashtra,Office,CHG00538,DC Fast,ccs2,60.0,2 Wheeler,Citroen eC3,25-04-2023 17:57:32,2023-04-25 18:36:32,39.0,3.87,0.0,COMPLETED,-5.0,97.2,69.43,17.94,Card,Individual,yes,Weekend,April,2023,Sunny,14.9
SESS001721,STN0214,Pune EV Hub,pune,Maharashtra,,CHG00871,ac,Type 2,7.2,Car,,24-03-2023 00:58:51,2023-03-24 01:26:51,28.0,31.71,29.0,Cancelled,13.8,150.0,661.15,20.85,UPI,Fleet,,Weekday,March,2023,Sunny,
SESS001232,STN0087,jaipur Fast Charge Center,jaipur,RAJASTHAN,Mall,CHG00546,,,30.0,3-Wheeler,,2024-08-20 15:31:48,20-08-2024 15:37:48,6.0,22.6,0.0,completed,,80.7,235.27,10.41,,Commercial,Y,Holiday,August,2024,Foggy,16.6
SESS000962,STN0056,Delhi EV Hub,Delhi,DELHI,Mall,CHG00426,DC fast,ccs2,,,Ola S1 Pro,2021-10-17 06:42:10,2021-10-17 07:36:10,54.0,11.77,,Completed,,150.0,202.56,,Cash,Fleet,no,Weekend,October,2021,Sunny,37.3
SESS001908,STN0147,Noida Power Station,Noida,Uttar Pradesh,Parking,CHG00037,AC,ccs2,,Car,Hyundai Kona,2021-07-19 02:26:47,19/07/2021 02:48,22.0,19.21,,completed,16.2,88.7,389.96,20.3,Wallet,,Y,Weekend,July,2021,,28.4
SESS000342,STN0124,Surat Fast Charge Center,Surat,Gujarat,Office,CHG00464,DC Fast,CHAdeMO,3.3,2-Wheeler,MG ZS EV,2022-11-27 21:25:27,27-11-2022 22:30:27,65.0,27.33,,Failed,,150.0,417.06,15.26,,Individual,N,Holiday,November,2022,Humid,15.2
SESS000521,STN0230,Noida Fast Charge Center,Noida,Uttar Pradesh,Residential,CHG00646,DC Ultra Fast,GB/T,120.0,2 Wheeler,MG ZS EV,2023-02-22 04:54:42,22/02/2023 05:09,15.0,0.1,0.0,COMPLETED,-5.0,90.1,1.43,14.29,upi,Individual,Yes,Holiday,February,2023,Humid,24.4
SESS000707,STN0017,Bhopal Power Station,Bhopal,Madhya Pradesh,Parking,CHG00202,AC,GB/T,22.0,3-Wheeler,,03-04-2023 21:03:43,,43.0,15.68,20.0,Failed,,150.0,248.06,15.82,App,,no,Weekend,April,2023,Sunny,39.0
SESS001513,STN0001,Gurugram EV Hub,Gurugram,Haryana,Office,CHG00795,DC Ultra Fast,GB/T,150.0,SUV,,09-10-2021 22:02:42,09/10/2021 23:34,92.0,11.27,16.0,Completed,11.6,93.3,140.88,12.5,,Commercial,No,Weekend,October,2021,,23.7
SESS000318,STN0122,LUCKNOW EV HUB,Lucknow,Uttar Pradesh,,CHG00523,DC Ultra Fast,CCS,60.0,2-Wheeler,MG ZS EV,25-09-2022 18:45:35,25-09-2022 19:29:35,44.0,2.12,,Failed,-5.0,65.4,23.83,11.24,Card,Fleet,no,Holiday,September,2022,Sunny,23.7
SESS001760,STN0049,Chennai Fast Charge Center,Chennai,Tamil Nadu,Office,CHG00290,DC Fast,CCS,50.0,2-Wheeler,Citroen eC3,20/10/2021 06:26,20-10-2021 06:46:34,20.0,11.56,,COMPLETED,-5.0,,193.4,16.73,App,Commercial,yes,Weekend,October,2021,,30.7
SESS001344,STN0108,Hyderabad Fast Charge Center,Hyderabad,Telangana,Mall,CHG00695,DC fast,ccs2,150.0,2-Wheeler,Mahindra XUV400,27/04/2021 17:35,27/04/2021 17:47,12.0,21.37,5.0,Completed,105.0,82.0,296.62,13.88,Card,Commercial,N,Weekend,April,2021,Cloudy,28.9
SESS000401,STN0058,Hyderabad Charge Point,Hyderabad,Telangana,Office,CHG00454,DC Ultra Fast,ccs2,7.2,2 Wheeler,TVS iQube,02-04-2022 09:00:33,02-04-2022 09:59:33,59.0,7.53,25.0,completed,-5.0,150.0,63.18,,App,Individual,Yes,Holiday,April,2022,Foggy,39.7
SESS000169,STN0103,Bengaluru EV Hub,Bengaluru,Karnataka,Highway,CHG00819,DC Ultra Fast,ccs2,60.0,3-Wheeler,Ola S1 Pro,2021-02-01 07:56:27,01-02-2021 08:41:27,45.0,7.43,0.0,Failed,-5.0,150.0,124.3,,Wallet,Fleet,N,Holiday,February,2021,,21.3
SESS000595,STN0246,Chennai Fast Charge Center,Chennai,Tamil Nadu,Highway,CHG00707,DC Fast,CHAdeMO,3.3,SUV,TVS iQube,19/12/2025 18:44,19/12/2025 19:58,74.0,5.36,0.0,Cancelled,18.5,,49.85,9.3,Wallet,,yes,Weekday,December,2025,,33.3
SESS000506,STN0217,Kolkata Charge Point,Kolkata,West Bengal,Residential,CHG00717,AC,ccs2,7.2,2-Wheeler,BYD Atto 3,25-06-2023 11:58:24,2023-06-25 12:29:24,31.0,22.17,4.0,COMPLETED,,150.0,184.45,8.32,Card,Commercial,N,Holiday,June,2023,Sunny,29.5
SESS000984,STN0229,Pune Charge Point,pune,Maharashtra,highway,CHG00860,ac,,30.0,,Kia EV6,26-12-2023 01:22:33,26-12-2023 02:31:33,69.0,10.4,,Completed,-5.0,150.0,190.84,18.35,Wallet,,N,Weekend,December,2023,Foggy,28.5
SESS001635,STN0055,Ahmedabad Fast Charge Center,  Ahmedabad ,Gujarat,,CHG00252,ac,ccs2,30.0,Car,Hyundai Kona,08-06-2021 14:47:21,2021-06-08 15:07:21,20.0,12.88,,completed,-5.0,-6.0,159.45,12.38,Card,Individual,yes,Weekend,June,2021,Foggy,21.4
SESS000942,STN0005,Mumbai Power Station,Mumbai,  Maharashtra ,Parking,CHG00206,ac,Type 2,,2 Wheeler,,29/02/2024 02:43,29-02-2024 03:27:25,44.0,16.98,0.0,Cancelled,105.0,,285.43,16.81,App,Commercial,,Weekend,February,2024,Rainy,21.5
SESS001154,STN0180,Lucknow Charge Point,Lucknow,  Uttar Pradesh ,,CHG00619,ac,GB/T,60.0,Car,Hyundai Kona,2021-03-05 20:05:16,05/03/2021 20:51,46.0,34.34,0.0,COMPLETED,,150.0,393.54,11.46,App,Fleet,Yes,Weekday,March,2021,Humid,29.4
SESS000776,STN0155,Chennai Power Station,Chennai,Tamil Nadu,,CHG00178,ac,CHAdeMO,3.3,2 Wheeler,BYD Atto 3,2022-03-30 06:22:21,30-03-2022 07:06:21,44.0,18.1,0.0,Cancelled,-5.0,,165.8,9.16,Wallet,Commercial,Y,Weekday,March,2022,Cloudy,34.8
SESS000320,STN0220,gurugram fast charge center,Gurugram,Haryana,highway,CHG00548,,CHAdeMO,3.3,2-Wheeler,Hyundai Kona,09/06/2025 11:44,09-06-2025 12:13:49,29.0,11.41,14.0,Cancelled,33.9,28.9,243.26,21.32,Cash,,no,Holiday,June,2025,Humid,30.7
,STN0027,Chennai Fast Charge Center,Chennai,Tamil Nadu,Hotel,CHG00400,ac,CCS,150.0,Car,Kia EV6,2021-02-03 03:04:49,2021-02-03 04:01:49,57.0,24.52,0.0,Failed,10.9,70.1,536.74,21.89,Cash,,No,Weekday,February,2021,Humid,
SESS001472,STN0021,Delhi EV Hub,delhi,delhi,Highway,CHG00030,,,30.0,2 Wheeler,Ola S1 Pro,2023-08-02 18:51:33,02/08/2023 19:50,59.0,30.16,0.0,Completed,17.4,,370.06,12.27,,Fleet,Y,Weekend,August,2023,,30.4
SESS000356,STN0071,noida Charge Point,noida,Uttar Pradesh,Hotel,CHG00025,,Type 2,50.0,,TVS iQube,03-08-2021 17:36:32,2021-08-03 18:07:32,31.0,6.47,,completed,,94.3,137.29,21.22,upi,Individual,no,Weekend,August,2021,Humid,33.4
SESS000716,STN0061,Patna Power Station,Patna,Bihar,Residential,CHG00830,DC Ultra Fast,GB/T,7.2,SUV,,01-09-2025 10:34:42,01-09-2025 11:34:42,60.0,8.64,0.0,COMPLETED,,82.3,139.8,16.18,Card,,no,Weekday,September,2025,Foggy,32.5
SESS001881,STN0139,Noida EV Hub,Noida,Uttar Pradesh,Office,CHG00498,ac,ccs2,50.0,2-Wheeler,Tata Nexon EV,16-06-2021 17:56:45,16/06/2021 18:48,52.0,19.39,,COMPLETED,-5.0,68.5,423.67,21.85,Cash,Commercial,no,Holiday,June,2021,,31.7
SESS001194,STN0168,HYDERABAD FAST CHARGE CENTER,Hyderabad,Telangana,Mall,CHG00893,DC Fast,ccs2,60.0,2 Wheeler,Ather 450X,19/03/2023 22:38,2023-03-19 23:52:10,74.0,1.76,14.0,completed,-5.0,,27.68,,Cash,,,Holiday,March,2023,,22.8
SESS001330,STN0164,Lucknow Charge Point,Lucknow,Uttar Pradesh,highway,CHG00229,DC fast,ccs2,150.0,2-Wheeler,Ola S1 Pro,2021-12-10 17:50:39,10/12/2021 18:31,41.0,17.15,,Cancelled,20.9,68.8,316.59,18.46,Wallet,Commercial,,Weekday,December,2021,Rainy,30.9
SESS000680,STN0165,Patna EV Hub,Patna,Bihar,Parking,CHG00634,DC Ultra Fast,CCS,50.0,3-Wheeler,,06/08/2024 19:37,06/08/2024 20:50,73.0,6.55,,completed,-5.0,,72.25,11.03,Cash,Individual,no,Weekend,August,2024,Cloudy,34.9
SESS001265,STN0024,Patna Fast Charge Center,Patna,Bihar,,CHG00394,DC fast,CHAdeMO,3.3,Bus,Tata Tiago EV,09/05/2025 17:23,09-05-2025 18:02:49,39.0,18.82,0.0,Failed,105.0,,265.74,14.12,Cash,Individual,No,Holiday,May,2025,Humid,20.0
SESS001772,STN0047,Surat Power Station,Surat,Gujarat,highway,CHG00001,DC fast,GB/T,50.0,2 Wheeler,Ola S1 Pro,08/03/2022 03:02,2022-03-08 03:27:16,25.0,35.67,,Completed,39.0,,310.69,8.71,Cash,Fleet,Y,Weekend,March,2022,Sunny,
SESS001503,STN0113,Delhi EV Hub,Delhi,Delhi,Hotel,CHG00701,,ccs2,,SUV,Hyundai Kona,2022-01-14 15:48:17,2022-01-14 16:09:17,21.0,29.14,,Failed,26.2,,435.64,14.95,Wallet,Individual,no,Weekday,January,2022,Sunny,23.1
SESS001269,STN0113,Indore Fast Charge Center,Indore,Madhya Pradesh,highway,CHG00446,DC fast,CHAdeMO,7.2,2-Wheeler,Tata Nexon EV,03/08/2025 14:09,03/08/2025 14:34,25.0,39.69,6.0,Completed,-5.0,,716.01,18.04,Cash,,N,Weekday,August,2025,,29.9
SESS001320,STN0127,Chandigarh EV Hub,chandigarh,Punjab,Residential,CHG00285,ac,CCS,60.0,3-Wheeler,Kia EV6,26/05/2022 13:25,26-05-2022 13:58:46,33.0,33.28,0.0,COMPLETED,,,584.06,17.55,Card,Fleet,Yes,Weekday,May,2022,Rainy,30.7
SESS001560,STN0172,Jaipur Fast Charge Center,Jaipur,RAJASTHAN,Office,CHG00245,DC Fast,CCS,60.0,Bus,Hyundai Kona,2022-09-29 20:23:40,,6.0,21.12,18.0,COMPLETED,105.0,150.0,260.2,12.32,upi,Individual,yes,Weekend,September,2022,Sunny,23.1
SESS000638,STN0106,Delhi Fast Charge Center,Delhi,Delhi,Hotel,CHG00474,ac,Type 2,,Car,BYD Atto 3,08-05-2021 19:50:35,2021-05-08 20:49:35,59.0,0.1,0.0,Failed,35.3,,1.81,,App,Commercial,Yes,Weekday,May,2021,Foggy,33.4
SESS001930,STN0091,  Chennai Fast Charge Center ,Chennai,Tamil Nadu,Parking,CHG00257,DC Fast,CHAdeMO,22.0,2 Wheeler,Hyundai Kona,12-09-2023 02:18:15,12-09-2023 03:03:15,45.0,32.5,,COMPLETED,,150.0,683.48,21.03,Card,Individual,No,Holiday,September,2023,Rainy,17.8
SESS000194,STN0080,Jaipur Charge Point,Jaipur,Rajasthan,Office,CHG00503,DC Ultra Fast,CCS,,Car,,2021-12-16 13:22:36,16-12-2021 13:50:36,28.0,0.1,,completed,,76.0,0.86,8.58,UPI,,No,Weekend,December,2021,,15.0
SESS001820,STN0156,Gurugram Charge Point,Gurugram,Haryana,Parking,CHG00437,DC Fast,,3.3,Car,MG ZS EV,2024-08-31 09:51:31,2024-08-31 10:20:31,29.0,,0.0,Failed,-5.0,150.0,402.13,19.25,upi,Individual,Yes,Weekend,August,2024,,31.2
SESS001777,STN0086,Indore EV Hub,Indore,Madhya Pradesh,Parking,CHG00807,DC Ultra Fast,GB/T,150.0,Bus,TVS iQube,10-10-2023 10:59:34,2023-10-10 11:57:34,58.0,38.36,3.0,Cancelled,105.0,150.0,788.68,20.56,Cash,,Yes,Weekday,October,2023,Foggy,
SESS001458,STN0142,Noida Charge Point,Noida,Uttar Pradesh,Parking,CHG00318,AC,CCS,60.0,Car,Ola S1 Pro,04-07-2023 10:10:31,04-07-2023 11:25:31,75.0,26.46,21.0,Failed,-5.0,,573.92,21.69,Wallet,Fleet,Y,Weekday,July,2023,Foggy,25.0
SESS001717,STN0227,Bhopal Fast Charge Center,Bhopal,MADHYA PRADESH,Hotel,CHG00681,,Type 2,150.0,2-Wheeler,Citroen eC3,2024-04-27 05:36:36,27-04-2024 06:38:36,62.0,20.78,0.0,Cancelled,11.5,3.5,276.58,13.31,Card,Fleet,,Weekday,April,2024,,25.2
SESS000542,STN0195,Kochi EV Hub,Kochi,Kerala,Parking,CHG00540,AC,ccs2,60.0,3-Wheeler,Kia EV6,17-09-2021 03:50:18,17/09/2021 05:05,75.0,34.54,25.0,COMPLETED,-5.0,83.0,328.48,9.51,App,Individual,Yes,Weekday,September,2021,Foggy,23.4
SESS000538,STN0138,Pune Fast Charge Center,Pune,Maharashtra,Residential,CHG00698,DC fast,CCS,60.0,SUV,Citroen eC3,03/05/2023 04:39,03/05/2023 04:58,,18.56,6.0,completed,105.0,71.8,193.58,10.43,Cash,,No,Holiday,May,2023,Foggy,37.3
SESS001826,STN0207,Kochi Fast Charge Center,KOCHI,Kerala,Office,CHG00062,DC Ultra Fast,,120.0,SUV,Ola S1 Pro,30/05/2025 14:33,30-05-2025 15:30:05,57.0,0.1,3.0,completed,38.5,,1.01,10.06,Cash,Fleet,N,Weekend,May,2025,Rainy,24.8
SESS001136,STN0159,Hyderabad EV Hub,Hyderabad,Telangana,Hotel,CHG00647,DC Ultra Fast,ccs2,3.3,2-Wheeler,Tata Tiago EV,19/08/2021 10:55,19-08-2021 12:13:30,78.0,4.8,15.0,Failed,21.5,150.0,93.55,19.49,UPI,Individual,Y,Holiday,August,2021,,32.3
SESS000019,STN0049,  Mumbai Fast Charge Center ,Mumbai,Maharashtra,Parking,CHG00667,DC Fast,,,2 Wheeler,Mahindra XUV400,03/06/2022 04:59,03-06-2022 05:00:36,1.0,10.47,0.0,Completed,-5.0,150.0,159.88,15.27,,Commercial,,Weekday,June,2022,Rainy,31.1
SESS000646,STN0057,Bhopal Charge Point,Bhopal,Madhya Pradesh,Parking,CHG00092,DC Fast,,60.0,2 Wheeler,,2022-02-07 03:41:26,2022-02-07 04:15:26,34.0,21.74,0.0,Failed,,150.0,187.83,8.64,,Fleet,Y,Weekday,February,2022,Rainy,32.9
SESS000435,STN0188,Chennai Power Station,Chennai,Tamil Nadu,highway,CHG00397,,CCS,30.0,Car,MG ZS EV,18/07/2023 18:20,18-07-2023 19:27:33,67.0,6.19,,Completed,105.0,87.9,123.43,19.94,Wallet,Fleet,no,Weekend,July,2023,Sunny,25.9
SESS000844,STN0045,Mumbai Fast Charge Center,Mumbai,Maharashtra,,CHG00152,ac,CCS,50.0,SUV,Tata Nexon EV,01-05-2023 02:20:28,2023-05-01 02:21:28,1.0,25.87,,Cancelled,-5.0,80.4,351.31,13.58,UPI,Fleet,No,Holiday,May,2023,Cloudy,30.6
SESS000446,STN0230,Indore EV Hub,Indore,MADHYA PRADESH,Residential,CHG00764,AC,,30.0,2 Wheeler,BYD Atto 3,2023-11-20 09:27:10,20-11-2023 10:10:10,43.0,37.98,44.0,Failed,32.0,,492.98,12.98,Wallet,,yes,Weekend,November,2023,Cloudy,15.3
SESS001592,STN0215,Bhopal Power Station,Bhopal,Madhya Pradesh,Hotel,CHG00473,AC,,50.0,Car,MG ZS EV,2023-12-31 06:10:13,31/12/2023 06:59,49.0,24.19,,Completed,39.0,,467.83,19.34,upi,,,Weekend,December,2023,Sunny,35.0
SESS001332,STN0100,Pune EV Hub,Pune,Maharashtra,Parking,CHG00243,DC fast,GB/T,150.0,Bus,Bajaj Chetak,02/01/2021 04:32,02/01/2021 06:09,97.0,39.38,,Completed,,,505.25,12.83,Wallet,Commercial,Y,Weekend,January,2021,Humid,30.5
SESS000440,STN0019,Lucknow Charge Point,Lucknow,Uttar Pradesh,Highway,CHG00506,DC Ultra Fast,,120.0,,Hyundai Kona,06-07-2023 03:27:22,2023-07-06 04:20:22,53.0,32.77,,Failed,23.9,150.0,418.15,12.76,Card,Individual,yes,Weekend,July,2023,Cloudy,33.5
SESS000725,STN0185,Lucknow EV Hub,lucknow,uttar pradesh,Mall,CHG00770,DC Fast,,,SUV,Tata Tiago EV,21-01-2025 14:18:16,21-01-2025 14:58:16,40.0,4.24,0.0,COMPLETED,-5.0,,73.73,17.39,Card,Fleet,,Weekend,January,2025,Sunny,37.5
SESS001049,STN0147,Ahmedabad Fast Charge Center,Ahmedabad,Gujarat,Office,CHG00731,AC,ccs2,,2-Wheeler,Citroen eC3,30-07-2023 15:22:27,30-07-2023 15:34:27,12.0,15.88,0.0,Failed,105.0,77.3,170.39,10.73,,Fleet,yes,Weekday,July,2023,Foggy,36.9
SESS000793,STN0060,Lucknow Fast Charge Center,  Lucknow ,Uttar Pradesh,Office,CHG00775,DC fast,CCS,3.3,2-Wheeler,Ather 450X,03-01-2024 11:56:50,03-01-2024 12:55:50,59.0,,18.0,COMPLETED,11.0,150.0,238.45,20.88,Wallet,Individual,,Holiday,January,2024,Foggy,
SESS001684,STN0110,Noida Power Station,Noida,Uttar Pradesh,highway,CHG00196,ac,Type 2,120.0,Car,Citroen eC3,01-12-2022 14:50:57,01/12/2022 15:25,35.0,21.42,,Completed,-5.0,,183.57,8.57,Card,Fleet,,Weekday,December,2022,Sunny,16.1
SESS000787,STN0130,Bengaluru EV Hub,Bengaluru,Karnataka,highway,CHG00017,DC Ultra Fast,ccs2,150.0,SUV,TVS iQube,29-08-2021 07:44:22,2021-08-29 08:12:22,28.0,20.37,,COMPLETED,,150.0,269.5,13.23,App,Individual,Yes,Weekday,August,2021,Rainy,19.7
SESS000827,STN0240,Pune Power Station,Pune,Maharashtra,Office,CHG00746,DC Ultra Fast,ccs2,7.2,2-Wheeler,MG ZS EV,13-09-2023 17:52:42,2023-09-13 17:56:42,4.0,19.34,4.0,COMPLETED,-5.0,,320.08,,Cash,Commercial,Y,Weekday,September,2023,Humid,28.0
SESS001792,STN0121,Surat Charge Point,Surat,Gujarat,Highway,CHG00097,AC,GB/T,120.0,2 Wheeler,Mahindra XUV400,11/01/2023 01:30,11-01-2023 02:31:57,61.0,20.31,,Failed,-5.0,67.2,176.49,8.69,Card,Commercial,Yes,Weekday,January,2023,Cloudy,48.5
SESS001837,STN0235,Patna Fast Charge Center,Patna,Bihar,Residential,CHG00718,DC fast,GB/T,60.0,3-Wheeler,BYD Atto 3,22/08/2021 05:19,22/08/2021 06:00,41.0,21.6,0.0,Failed,23.5,150.0,194.4,9.0,,Commercial,,Weekend,August,2021,Rainy,32.8
SESS001337,STN0017,Indore Charge Point,Indore,Madhya Pradesh,highway,CHG00754,ac,,30.0,Bus,Kia EV6,05/07/2023 16:35,05-07-2023 17:09:37,34.0,33.59,13.0,COMPLETED,12.8,93.7,399.39,11.89,Cash,,N,Weekday,July,2023,Sunny,28.5
SESS001368,STN0066,PATNA EV HUB,Patna,Bihar,,CHG00516,AC,Type 2,60.0,Car,Ola S1 Pro,09-03-2025 07:57:05,09-03-2025 08:42:05,45.0,13.7,0.0,completed,105.0,,194.13,14.17,UPI,,No,Weekend,March,2025,,31.3
SESS001502,STN0195,Kolkata EV Hub,Kolkata,West Bengal,Office,CHG00790,DC fast,Type 2,7.2,SUV,Tata Tiago EV,2023-08-09 17:18:52,09-08-2023 18:13:52,55.0,6.09,,COMPLETED,-5.0,77.2,73.08,12.0,Card,Fleet,no,Holiday,August,2023,Foggy,31.7
SESS000310,STN0164,Mumbai Power Station,Mumbai,Maharashtra,Highway,CHG00346,DC Ultra Fast,Type 2,150.0,,MG ZS EV,2023-11-09 22:01:27,09/11/2023 22:06,5.0,26.59,,COMPLETED,39.4,96.5,259.52,9.76,UPI,Individual,Yes,Weekend,November,2023,,28.0
SESS000487,STN0124,Ahmedabad Fast Charge Center,Ahmedabad,  Gujarat ,highway,CHG00216,ac,Type 2,30.0,,Tata Tiago EV,2021-02-09 22:16:57,2021-02-09 22:34:57,18.0,4.32,1.0,Failed,105.0,,85.97,19.9,UPI,,N,Holiday,February,2021,Sunny,39.3
SESS001530,STN0188,Kochi EV Hub,Kochi,Kerala,Residential,CHG00224,AC,,150.0,2-Wheeler,Mahindra XUV400,2024-12-01 14:01:30,01-12-2024 15:09:30,68.0,32.85,0.0,Completed,-5.0,,707.59,21.54,upi,Fleet,,Weekend,December,2024,Humid,
SESS000878,STN0104,Ahmedabad Charge Point,Ahmedabad,Gujarat,Office,CHG00696,ac,CHAdeMO,120.0,SUV,Ather 450X,29-02-2024 13:06:38,29/02/2024 14:05,59.0,11.99,4.0,completed,,150.0,258.02,21.52,Cash,Commercial,N,Holiday,February,2024,Sunny,23.2
SESS000693,STN0243,Bhopal Fast Charge Center,Bhopal,Madhya Pradesh,Residential,CHG00797,ac,Type 2,22.0,Car,Tata Tiago EV,11/12/2025 09:27,11-12-2025 10:41:31,74.0,8.1,0.0,Failed,105.0,96.1,129.68,16.01,Card,Individual,No,Holiday,December,2025,,20.8
SESS000491,STN0111,Pune EV Hub,Pune,maharashtra,Mall,CHG00567,ac,GB/T,,3-Wheeler,Tata Tiago EV,12-07-2022 06:10:17,12/07/2022 07:06,56.0,9.3,0.0,completed,,62.0,130.85,14.07,UPI,,yes,Holiday,July,2022,Humid,41.2
SESS001417,STN0045,Noida EV Hub,Noida,Uttar Pradesh,Mall,CHG00596,ac,Type 2,3.3,,Citroen eC3,11/06/2025 07:08,11-06-2025 07:26:58,,14.28,27.0,Failed,105.0,,224.77,15.74,Card,,,Weekday,June,2025,Foggy,28.1
SESS000559,STN0023,Bengaluru EV Hub,Bengaluru,Karnataka,Parking,CHG00513,ac,GB/T,7.2,2 Wheeler,Bajaj Chetak,23-06-2023 22:50:02,2023-06-23 23:40:02,50.0,20.31,,Cancelled,,,234.58,11.55,Wallet,,No,Holiday,June,2023,,23.4
SESS000049,STN0043,Mumbai EV Hub,Mumbai,Maharashtra,,CHG00088,DC fast,ccs2,150.0,Car,MG ZS EV,11/08/2025 21:45,2025-08-11 22:06:29,21.0,24.35,1.0,COMPLETED,105.0,,436.84,17.94,Card,,No,Weekday,August,2025,Rainy,21.1
SESS001831,STN0195,Bhopal Power Station,Bhopal,Madhya Pradesh,Hotel,CHG00279,DC fast,GB/T,7.2,,,07/03/2025 12:26,07-03-2025 13:23:24,57.0,8.71,0.0,COMPLETED,13.6,64.8,164.27,18.86,upi,Commercial,yes,Weekday,March,2025,Cloudy,27.5
SESS000613,STN0145,Delhi Charge Point,Delhi,delhi,Residential,CHG00190,DC fast,CCS,7.2,Bus,,19-02-2023 11:54:54,,51.0,7.14,0.0,COMPLETED,18.4,150.0,116.6,16.33,UPI,,No,Holiday,February,2023,,21.4
SESS001982,STN0085,Gurugram Charge Point,Gurugram,Haryana,Parking,CHG00251,AC,,30.0,SUV,Tata Nexon EV,2024-02-25 16:59:14,25-02-2024 17:21:14,22.0,10.24,0.0,COMPLETED,-5.0,,122.16,11.93,Cash,Commercial,,Weekday,February,2024,Humid,31.6
SESS001986,STN0161,Bhopal Fast Charge Center,Bhopal,  Madhya Pradesh ,,CHG00132,AC,,22.0,,Hyundai Kona,2025-12-10 11:27:17,10-12-2025 12:35:17,68.0,32.95,0.0,Completed,105.0,67.6,414.84,,Wallet,Commercial,,Holiday,December,2025,Foggy,31.1
SESS000561,STN0064,Lucknow Power Station,Lucknow,Uttar Pradesh,highway,CHG00900,DC Ultra Fast,Type 2,120.0,2 Wheeler,Tata Tiago EV,28/10/2021 07:25,,40.0,13.48,0.0,Completed,-5.0,75.5,279.44,20.73,Card,Fleet,N,Holiday,October,2021,Cloudy,31.9
SESS001647,STN0207,Chandigarh Charge Point,Chandigarh,Punjab,Hotel,CHG00879,,GB/T,,Bus,MG ZS EV,12-05-2021 23:18:01,12-05-2021 23:24:01,6.0,50.8,,Completed,,61.7,480.06,9.45,App,Commercial,Yes,Weekday,May,2021,Rainy,29.8
SESS001992,STN0208,Mumbai Fast Charge Center,Mumbai,Maharashtra,Hotel,CHG00342,DC fast,ccs2,7.2,,Mahindra XUV400,03-12-2022 15:23:15,03-12-2022 16:04:15,41.0,19.85,,Failed,-5.0,87.8,367.42,18.51,Cash,,No,Weekend,December,2022,Cloudy,26.8
SESS000873,STN0146,Pune Charge Point,Pune,maharashtra,Highway,CHG00548,DC Ultra Fast,GB/T,30.0,3-Wheeler,Tata Nexon EV,03/05/2023 14:39,2023-05-03 15:05:58,26.0,18.13,30.0,Completed,105.0,150.0,220.28,12.15,Card,Fleet,,Weekday,May,2023,Rainy,26.4
SESS001062,STN0114,Noida Charge Point,noida,Uttar Pradesh,,CHG00474,DC Ultra Fast,CHAdeMO,7.2,,TVS iQube,2023-02-19 10:42:44,,65.0,53.78,0.0,completed,22.5,,1112.17,20.68,Cash,Fleet,No,Weekday,February,2023,,33.0
SESS000031,STN0136,Pune Power Station,Pune,Maharashtra,,CHG00652,DC fast,GB/T,,SUV,Ola S1 Pro,19-06-2024 15:34:18,19/06/2024 16:10,36.0,27.36,,COMPLETED,105.0,,222.44,8.13,Cash,Commercial,Yes,Weekend,June,2024,Rainy,33.6
SESS001893,STN0167,Kolkata Fast Charge Center,Kolkata,West Bengal,Residential,CHG00094,AC,GB/T,3.3,SUV,,04/05/2023 18:36,04/05/2023 19:37,61.0,32.06,,Completed,105.0,66.6,657.23,20.5,,Individual,N,Weekend,May,2023,Rainy,24.5
SESS001253,STN0220,Chennai Power Station,Chennai,TAMIL NADU,Highway,CHG00154,DC Ultra Fast,,30.0,SUV,TVS iQube,2024-10-27 17:49:17,27-10-2024 19:05:17,76.0,33.35,18.0,COMPLETED,-5.0,,706.02,21.17,Cash,,Y,Weekday,October,2024,,26.8
SESS000554,STN0028,Patna Power Station,Patna,Bihar,Highway,CHG00138,ac,Type 2,120.0,2 Wheeler,,2025-11-04 18:49:27,04-11-2025 19:56:27,67.0,18.96,13.0,Completed,105.0,150.0,222.97,11.76,Wallet,Individual,No,Holiday,November,2025,Cloudy,23.5
SESS000764,STN0222,Kolkata Fast Charge Center,Kolkata,WEST BENGAL,,CHG00407,AC,CHAdeMO,150.0,2 Wheeler,Ather 450X,24/02/2023 12:49,24-02-2023 13:13:52,24.0,20.0,0.0,COMPLETED,30.3,83.8,162.6,8.13,UPI,,Y,Holiday,February,2023,Cloudy,23.5
SESS001577,STN0145,Kolkata Charge Point,Kolkata,West Bengal,Residential,CHG00797,,ccs2,3.3,SUV,TVS iQube,21/02/2023 20:40,21/02/2023 20:24,-16.0,26.79,,completed,18.2,150.0,425.96,15.9,upi,Commercial,Yes,Holiday,February,2023,Sunny,
SESS001391,STN0035,Ahmedabad EV Hub,Ahmedabad,Gujarat,highway,CHG00800,ac,Type 2,60.0,,BYD Atto 3,10/03/2023 12:59,10-03-2023 14:25:39,86.0,,,completed,105.0,,1.52,15.15,Card,Commercial,N,Weekday,March,2023,Sunny,27.4
SESS001748,STN0133,Lucknow Charge Point,Lucknow,Uttar Pradesh,Parking,CHG00851,DC Fast,,,,BYD Atto 3,2021-06-25 09:42:02,25-06-2021 10:03:02,21.0,35.36,,Cancelled,23.3,,394.97,11.17,App,Fleet,Y,Weekend,June,2021,Foggy,33.3
SESS000775,STN0028,Kolkata Fast Charge Center,Kolkata,West Bengal,Mall,CHG00067,AC,Type 2,120.0,Bus,Tata Tiago EV,27/07/2023 12:12,27/07/2023 12:51,39.0,15.89,9.0,COMPLETED,,,144.44,9.09,Wallet,,,Holiday,July,2023,Sunny,25.6
SESS001109,STN0100,Lucknow Power Station,lucknow,UTTAR PRADESH,,CHG00656,DC fast,CCS,,Bus,,27-04-2024 11:47:08,27/04/2024 13:13,86.0,8.88,0.0,completed,,65.2,108.69,12.24,,Individual,yes,Weekday,April,2024,Foggy,54.5
SESS000130,STN0093,Gurugram EV Hub,Gurugram,haryana,highway,CHG00703,AC,GB/T,,Bus,Tata Tiago EV,2024-10-31 14:16:30,2024-10-31 15:26:30,70.0,42.49,23.0,Cancelled,105.0,150.0,762.27,17.94,App,Fleet,,Holiday,October,2024,,31.4
SESS000636,STN0142,surat Power Station,surat,Gujarat,Highway,CHG00707,DC Ultra Fast,CCS,22.0,SUV,Hyundai Kona,20-09-2025 00:19:08,2025-09-20 01:33:08,74.0,22.94,,Failed,-5.0,,205.54,8.96,,Commercial,No,Weekend,September,2025,Rainy,
SESS000556,STN0152,Jaipur Power Station,Jaipur,Rajasthan,highway,CHG00591,DC fast,CCS,150.0,,Tata Tiago EV,12/04/2024 11:56,12/04/2024 12:39,43.0,12.52,0.0,Cancelled,22.2,60.5,183.42,14.65,Cash,Commercial,yes,Weekend,April,2024,Sunny,
SESS000849,STN0233,chennai Fast Charge Center,chennai,TAMIL NADU,Office,CHG00234,,Type 2,60.0,Car,Bajaj Chetak,2021-02-20 19:55:25,2021-02-20 20:21:25,26.0,13.34,0.0,COMPLETED,105.0,88.5,224.91,16.86,App,,No,Weekend,February,2021,,35.9
SESS001463,STN0144,Ahmedabad Fast Charge Center,Ahmedabad,Gujarat,Residential,CHG00115,ac,GB/T,,,Citroen eC3,2024-04-07 13:25:53,07/04/2024 12:50,-35.0,13.57,0.0,COMPLETED,105.0,150.0,278.32,,UPI,,,Weekend,April,2024,Foggy,19.4
SESS001163,STN0219,  Delhi Power Station ,Delhi,Delhi,Hotel,CHG00327,DC Ultra Fast,GB/T,150.0,SUV,,2025-08-20 16:25:13,2025-08-20 17:13:13,48.0,35.97,27.0,Completed,-5.0,150.0,399.63,11.11,Cash,,Y,Weekday,August,2025,Humid,31.7
SESS000456,STN0140,Noida EV Hub,Noida,Uttar Pradesh,Highway,CHG00283,DC fast,Type 2,120.0,Bus,,22/12/2022 15:19,22/12/2022 16:08,49.0,27.36,0.0,Failed,29.9,,448.98,16.41,App,Commercial,,Weekend,December,2022,Foggy,37.3
SESS000164,STN0117,Mumbai Power Station,Mumbai,Maharashtra,Residential,CHG00090,,CCS,120.0,2-Wheeler,BYD Atto 3,19/01/2022 14:13,19-01-2022 14:39:38,26.0,13.56,0.0,completed,31.9,,203.54,15.01,UPI,Fleet,yes,Weekend,January,2022,Rainy,30.6
SESS001952,STN0013,Hyderabad Fast Charge Center,Hyderabad,Telangana,Highway,CHG00194,DC Fast,GB/T,,3-Wheeler,Tata Tiago EV,2025-06-10 17:50:19,,25.0,22.06,0.0,completed,21.3,150.0,219.94,9.97,Wallet,Individual,no,Weekend,June,2025,Humid,27.0
SESS001538,STN0009,Kochi EV Hub,Kochi,Kerala,highway,CHG00755,DC Fast,ccs2,7.2,Bus,Citroen eC3,2025-05-17 05:36:31,17/05/2025 05:59,23.0,26.86,12.0,Failed,-5.0,71.4,216.49,8.06,Card,Commercial,N,Weekday,May,2025,,29.0
SESS001815,STN0102,Kolkata EV Hub,Kolkata,West Bengal,Residential,CHG00078,DC Fast,,120.0,Bus,,24-10-2023 01:29:54,2023-10-24 01:50:54,21.0,9.02,,COMPLETED,105.0,150.0,116.81,12.95,UPI,Commercial,Yes,Weekend,October,2023,Humid,29.9
SESS001190,STN0005,Bengaluru Power Station,Bengaluru,Karnataka,Mall,CHG00592,ac,GB/T,7.2,2-Wheeler,Citroen eC3,05-01-2022 11:57:46,05-01-2022 12:49:46,52.0,16.42,30.0,Cancelled,-5.0,,171.26,10.43,upi,,N,Weekend,January,2022,Cloudy,34.2
SESS001223,STN0044,Patna EV Hub,Patna,Bihar,Office,CHG00605,ac,,60.0,3-Wheeler,Tata Tiago EV,18-12-2021 15:40:02,18/12/2021 16:05,25.0,1.22,,COMPLETED,-5.0,,24.44,20.03,App,Fleet,Y,Weekday,December,2021,Humid,25.0
SESS000043,STN0078,Pune EV Hub,Pune,Maharashtra,Office,CHG00892,DC Fast,ccs2,,2-Wheeler,Ola S1 Pro,2023-12-05 10:48:01,05/12/2023 11:57,69.0,4.41,9.0,COMPLETED,,92.7,38.59,8.75,UPI,Fleet,yes,Weekday,December,2023,Sunny,23.9
SESS001907,STN0148,Delhi Fast Charge Center,Delhi,Delhi,Highway,CHG00440,,CHAdeMO,50.0,2-Wheeler,Ather 450X,04-11-2023 14:53:08,2023-11-04 15:10:08,17.0,15.77,,completed,105.0,,218.57,13.86,UPI,Individual,N,Weekday,November,2023,Sunny,22.2
SESS000886,STN0121,Patna EV Hub,Patna,BIHAR,Hotel,CHG00094,DC Fast,GB/T,150.0,Car,MG ZS EV,18-09-2024 05:50:56,18/09/2024 06:36,46.0,28.01,0.0,completed,-5.0,,488.21,17.43,Card,,,Weekend,September,2024,,
SESS001521,STN0106,Pune Fast Charge Center,Pune,Maharashtra,Highway,CHG00385,DC Fast,CHAdeMO,22.0,2-Wheeler,MG ZS EV,14-08-2022 10:09:22,14/08/2022 10:53,44.0,1.21,,completed,-5.0,90.1,13.64,11.27,Card,Individual,yes,Holiday,August,2022,Foggy,29.6
SESS001921,STN0115,Indore Fast Charge Center,Indore,madhya pradesh,Office,CHG00078,DC fast,GB/T,50.0,Bus,MG ZS EV,2025-07-14 15:38:51,2025-07-14 16:22:51,44.0,2.37,10.0,Completed,37.0,90.4,33.49,14.13,Wallet,Commercial,N,Weekday,July,2025,Rainy,24.7
SESS001673,STN0084,Jaipur Power Station,Jaipur,Rajasthan,Office,CHG00843,ac,GB/T,50.0,2-Wheeler,Citroen eC3,17-08-2022 09:21:32,17-08-2022 10:04:32,43.0,18.35,25.0,COMPLETED,105.0,150.0,215.8,11.76,upi,,,Weekday,August,2022,Cloudy,17.5
SESS000282,STN0009,Pune Power Station,Pune,Maharashtra,Parking,CHG00821,ac,GB/T,,2-Wheeler,Mahindra XUV400,2024-01-04 17:40:44,04-01-2024 18:30:44,50.0,0.1,,completed,105.0,75.3,,17.99,upi,,yes,Weekday,January,2024,Rainy,20.8
SESS000934,STN0101,Lucknow Fast Charge Center,Lucknow,Uttar Pradesh,Residential,CHG00529,DC Ultra Fast,CHAdeMO,30.0,2 Wheeler,Kia EV6,07/05/2025 14:58,,20.0,24.67,2.0,Completed,37.3,,391.27,15.86,UPI,,Y,Weekend,May,2025,Cloudy,20.2
SESS001801,STN0051,Kochi Power Station,Kochi,Kerala,highway,CHG00692,ac,CHAdeMO,120.0,3-Wheeler,TVS iQube,03/08/2022 00:34,03-08-2022 01:45:33,71.0,11.69,,Completed,22.0,,202.12,17.29,Card,Individual,Y,Holiday,August,2022,Humid,23.1
SESS000960,STN0191,Chennai Charge Point,Chennai,Tamil Nadu,,CHG00870,,GB/T,50.0,2-Wheeler,Kia EV6,2025-08-15 18:14:23,15/08/2025 19:06,52.0,10.43,27.0,Failed,105.0,,,17.16,Cash,Commercial,No,Weekday,August,2025,Sunny,20.9
SESS001514,STN0141,Chennai Charge Point,Chennai,Tamil Nadu,,CHG00433,AC,,7.2,3-Wheeler,,26/08/2024 08:20,26/08/2024 09:31,71.0,5.61,0.0,completed,,,114.89,20.48,Card,,Y,Weekend,August,2024,Sunny,35.0
SESS001029,STN0085,Gurugram Fast Charge Center,Gurugram,Haryana,,CHG00542,DC fast,Type 2,50.0,2 Wheeler,Kia EV6,21/01/2024 07:25,21/01/2024 08:00,35.0,18.23,0.0,Completed,-5.0,61.7,319.03,17.5,App,Fleet,N,Weekday,January,2024,Humid,34.3
SESS001811,STN0025,Noida Power Station,Noida,Uttar Pradesh,,CHG00433,DC Ultra Fast,CHAdeMO,3.3,SUV,Bajaj Chetak,2021-05-18 16:35:41,18/05/2021 17:07,32.0,38.26,0.0,Completed,37.0,,807.29,21.1,,Commercial,Y,Holiday,May,2021,Foggy,27.9
SESS000171,STN0017,Gurugram Power Station,Gurugram,Haryana,Mall,CHG00335,DC Fast,CCS,,,Hyundai Kona,02-06-2022 14:57:04,02/06/2022 15:31,34.0,12.69,20.0,Failed,105.0,,135.28,10.66,,Commercial,no,Weekday,June,2022,,21.1
SESS001960,STN0201,Mumbai Charge Point,Mumbai,Maharashtra,Parking,CHG00434,DC Fast,CHAdeMO,50.0,2 Wheeler,Bajaj Chetak,03/09/2022 05:52,03-09-2022 07:00:44,68.0,16.49,0.0,completed,18.3,,283.79,17.21,,,Yes,Holiday,September,2022,Sunny,36.8
SESS001178,STN0011,Chennai Power Station,Chennai,Tamil Nadu,Office,CHG00401,ac,GB/T,50.0,SUV,Bajaj Chetak,29/06/2023 16:22,29-06-2023 17:35:13,73.0,2.19,,COMPLETED,,74.9,39.75,18.15,UPI,Individual,,Weekday,June,2023,Humid,26.6
SESS001378,STN0208,Lucknow Power Station,Lucknow,Uttar Pradesh,Residential,CHG00155,,CHAdeMO,,2-Wheeler,BYD Atto 3,22-01-2025 09:32:07,2025-01-22 09:47:07,15.0,5.12,0.0,Failed,-5.0,,59.65,11.65,App,Individual,,Holiday,January,2025,Sunny,25.7
SESS000090,STN0068,Gurugram Charge Point,Gurugram,Haryana,highway,CHG00686,,GB/T,50.0,SUV,BYD Atto 3,15-11-2023 01:00:11,15/11/2023 01:58,58.0,5.37,0.0,COMPLETED,12.7,61.4,66.64,12.41,Cash,Fleet,yes,Holiday,November,2023,Cloudy,18.5
SESS001068,STN0047,Pune Fast Charge Center,Pune,Maharashtra,Hotel,CHG00733,DC Fast,CCS,30.0,2-Wheeler,BYD Atto 3,2021-01-14 18:34:39,2021-01-14 19:23:39,49.0,34.41,6.0,Failed,27.3,92.6,283.88,8.25,Cash,Individual,no,Weekend,January,2021,,25.3
SESS000997,STN0001,Mumbai EV Hub,Mumbai,Maharashtra,Residential,CHG00547,DC Ultra Fast,,150.0,,Tata Nexon EV,05-01-2022 10:50:41,05/01/2022 11:23,33.0,8.49,0.0,completed,-5.0,,76.92,9.06,Wallet,Commercial,no,Weekend,January,2022,Cloudy,21.5
SESS000207,STN0075,delhi Power Station,delhi,Delhi,Mall,CHG00796,DC Fast,,30.0,3-Wheeler,,24/12/2022 07:36,,42.0,3.12,,Cancelled,105.0,,40.65,13.03,Wallet,Individual,No,Holiday,December,2022,Foggy,22.9
SESS000239,STN0019,chandigarh ev hub,Chandigarh,Punjab,Hotel,CHG00001,ac,ccs2,,3-Wheeler,Tata Nexon EV,2025-01-15 17:23:37,15-01-2025 17:51:37,28.0,0.1,0.0,Failed,,92.4,1.69,16.93,Card,Commercial,Yes,Weekday,January,2025,Sunny,28.5
SESS000402,STN0005,Mumbai Charge Point,mumbai,Maharashtra,highway,CHG00175,ac,ccs2,60.0,,BYD Atto 3,2021-03-22 22:44:44,22-03-2021 23:07:44,23.0,28.66,27.0,Failed,105.0,87.4,322.14,11.24,UPI,Individual,yes,Weekend,March,2021,Cloudy,38.5
SESS001176,STN0013,Pune Power Station,Pune,Maharashtra,Residential,CHG00429,ac,,,SUV,Hyundai Kona,28-09-2025 00:50:48,28-09-2025 01:53:48,63.0,45.79,23.0,Failed,25.2,,434.09,9.48,Card,Fleet,Y,Weekday,September,2025,,29.0
SESS000597,STN0168,Hyderabad Power Station,hyderabad,Telangana,Mall,CHG00340,DC Fast,Type 2,22.0,3-Wheeler,,2023-04-19 11:21:16,19/04/2023 12:04,43.0,7.16,,Cancelled,29.7,69.9,106.47,14.87,App,,Yes,Weekday,April,2023,Rainy,27.6
SESS000668,STN0063,Delhi Charge Point,Delhi,Delhi,Mall,CHG00659,DC Ultra Fast,CCS,7.2,SUV,Hyundai Kona,2025-05-04 09:33:26,04-05-2025 10:00:26,27.0,28.56,0.0,completed,24.3,150.0,382.7,13.4,,Fleet,yes,Weekend,May,2025,Foggy,50.2
SESS000513,STN0001,Ahmedabad EV Hub,Ahmedabad,Gujarat,Highway,CHG00572,DC fast,Type 2,,3-Wheeler,Tata Tiago EV,13-04-2021 20:58:30,13/04/2021 21:22,24.0,24.06,0.0,Completed,-5.0,,243.25,10.11,Card,Fleet,No,Weekday,April,2021,Rainy,26.0
SESS001954,STN0095,Kochi EV Hub,Kochi,Kerala,Highway,CHG00561,DC fast,CCS,22.0,Bus,Tata Tiago EV,2022-10-26 00:47:25,26/10/2022 02:08,81.0,36.33,28.0,Cancelled,,76.9,427.24,11.76,Wallet,Commercial,Yes,Weekend,October,2022,Humid,26.8
SESS000380,STN0184,Patna Charge Point,Patna,Bihar,Parking,CHG00225,DC Fast,ccs2,,Car,Ather 450X,24/11/2021 20:58,,7.0,42.81,7.0,Failed,,,655.42,15.31,,,yes,Holiday,November,2021,,24.6
SESS000924,STN0054,Pune Charge Point,Pune,Maharashtra,Highway,CHG00310,AC,CCS,,2-Wheeler,Hyundai Kona,2024-05-03 09:11:42,2024-05-03 10:24:42,73.0,43.95,2.0,completed,-5.0,150.0,386.76,8.8,upi,Fleet,,Weekday,May,2024,Cloudy,35.5
SESS001489,STN0031,Hyderabad EV Hub,Hyderabad,telangana,Hotel,CHG00694,DC fast,CHAdeMO,30.0,Car,Ather 450X,05-03-2024 22:32:44,2024-03-05 23:28:44,,39.96,,Completed,105.0,85.1,497.1,12.44,Card,Individual,yes,Weekday,March,2024,,28.0
SESS000156,STN0010,Chennai Power Station,Chennai,Tamil Nadu,Hotel,CHG00215,DC fast,ccs2,120.0,,Ather 450X,22-09-2022 09:26:38,22/09/2022 10:08,42.0,0.1,9.0,Failed,105.0,67.6,0.81,8.11,Cash,,yes,Weekday,September,2022,Sunny,22.8
SESS001542,STN0222,  Indore Charge Point ,Indore,Madhya Pradesh,Mall,CHG00847,,,30.0,Bus,,02/09/2021 09:30,02-09-2021 10:22:45,52.0,3.04,54.0,completed,27.0,,37.21,12.24,UPI,Commercial,N,Weekday,September,2021,Foggy,19.8
SESS000891,STN0169,Chennai Fast Charge Center,Chennai,TAMIL NADU,Highway,CHG00313,ac,,60.0,,MG ZS EV,16/04/2022 15:07,2022-04-16 15:59:39,52.0,20.13,1.0,completed,25.9,83.7,270.35,13.43,App,Individual,yes,Weekday,April,2022,Rainy,30.5
SESS001039,STN0137,Bhopal Charge Point,Bhopal,Madhya Pradesh,Residential,CHG00283,,GB/T,22.0,2-Wheeler,Ola S1 Pro,2024-07-09 13:47:20,2024-07-09 14:31:20,44.0,16.16,0.0,Failed,-5.0,60.8,352.77,21.83,Card,Commercial,N,Weekday,July,2024,Sunny,23.5
SESS001690,STN0138,Ahmedabad EV Hub,Ahmedabad,Gujarat,Mall,CHG00607,AC,CCS,120.0,Bus,,2025-07-26 18:21:15,26-07-2025 19:25:15,64.0,16.46,,Failed,,69.5,292.0,17.74,Cash,Fleet,Yes,Holiday,July,2025,Sunny,20.7
SESS001619,STN0004,Kolkata EV Hub,Kolkata,WEST BENGAL,Highway,CHG00848,,GB/T,22.0,,Kia EV6,23-10-2022 02:50:07,2022-10-23 03:08:07,,8.02,8.0,Failed,-5.0,150.0,175.16,21.84,,,Yes,Weekend,October,2022,Cloudy,26.7
SESS000926,STN0017,Gurugram Fast Charge Center,Gurugram,Haryana,Office,CHG00769,DC Ultra Fast,,30.0,2 Wheeler,Ather 450X,20-06-2022 07:39:44,2022-06-20 08:14:44,35.0,19.18,0.0,Failed,105.0,,337.57,17.6,,Commercial,no,Weekend,June,2022,Foggy,16.9
SESS001371,STN0130,Mumbai Fast Charge Center,mumbai,Maharashtra,,CHG00101,ac,GB/T,,Car,Kia EV6,25-06-2022 21:42:09,25/06/2022 22:42,60.0,17.9,,completed,-5.0,,295.17,16.49,Wallet,Commercial,no,Weekday,June,2022,Sunny,23.0
SESS001522,STN0229,Ahmedabad Charge Point,Ahmedabad,Gujarat,highway,CHG00413,ac,Type 2,,Car,MG ZS EV,15/03/2025 19:06,15/03/2025 20:26,80.0,16.97,0.0,COMPLETED,-5.0,72.0,214.16,,Cash,Commercial,Yes,Holiday,March,2025,Rainy,22.6
SESS001188,STN0085,Patna Power Station,Patna,Bihar,Residential,CHG00134,ac,ccs2,120.0,2-Wheeler,Bajaj Chetak,2022-09-15 02:22:45,2022-09-15 02:24:45,2.0,26.27,,completed,,150.0,402.46,15.32,App,Individual,Yes,Weekday,September,2022,Rainy,26.0
SESS000531,STN0209,Noida Charge Point,Noida,Uttar Pradesh,highway,CHG00348,DC Fast,GB/T,50.0,Bus,,31/01/2023 14:28,31-01-2023 14:59:01,31.0,21.27,0.0,completed,105.0,150.0,238.01,11.19,Card,Fleet,no,Weekday,January,2023,Humid,26.0
SESS001832,STN0249,  Noida Charge Point ,Noida,Uttar Pradesh,Office,CHG00291,,CCS,7.2,SUV,BYD Atto 3,2021-01-27 22:11:56,27/01/2021 23:09,58.0,31.87,,completed,,,601.07,18.86,,,No,Holiday,January,2021,Foggy,45.6
SESS000766,STN0105,Noida Power Station,NOIDA,uttar pradesh,highway,CHG00702,,CHAdeMO,150.0,2-Wheeler,,27-02-2025 12:41:22,,73.0,23.53,,COMPLETED,,88.0,319.54,13.58,Card,,Yes,Weekend,February,2025,Foggy,35.5
SESS001431,STN0080,Kolkata Charge Point,Kolkata,West Bengal,Hotel,CHG00261,DC Ultra Fast,GB/T,,,Tata Nexon EV,2022-06-12 10:09:32,2022-06-12 09:00:32,-69.0,9.69,0.0,Completed,17.2,,194.96,20.12,upi,,Y,Weekday,June,2022,Foggy,26.6
SESS001004,STN0233,Surat EV Hub,Surat,Gujarat,Office,CHG00127,DC Ultra Fast,CCS,7.2,2 Wheeler,MG ZS EV,09/05/2024 22:57,09-05-2024 23:51:42,54.0,16.5,0.0,COMPLETED,9.2,150.0,330.33,20.02,Card,Fleet,no,Holiday,May,2024,Foggy,29.9
SESS000951,STN0179,Gurugram Fast Charge Center,gurugram,Haryana,Mall,CHG00325,ac,CCS,150.0,2-Wheeler,,2025-10-14 00:56:01,2025-10-14 02:10:01,74.0,19.58,0.0,Cancelled,,62.9,406.87,20.78,Cash,Individual,No,Weekend,October,2025,Humid,26.1
SESS001419,STN0077,kochi charge point,Kochi,Kerala,highway,CHG00025,AC,ccs2,3.3,Bus,Tata Tiago EV,2023-05-17 12:01:14,2023-05-17 13:16:14,75.0,11.77,,COMPLETED,-5.0,72.4,155.13,13.18,Wallet,Commercial,yes,Weekend,May,2023,Rainy,34.7
SESS001822,STN0105,Kolkata Power Station,Kolkata,West Bengal,Hotel,CHG00346,AC,,50.0,SUV,Tata Nexon EV,2023-05-25 18:26:36,2023-05-25 19:55:36,89.0,31.79,,Completed,,150.0,406.91,12.8,Cash,Fleet,no,Weekend,May,2023,Cloudy,29.2
SESS001564,STN0234,Pune Charge Point,Pune,Maharashtra,Office,CHG00278,ac,GB/T,120.0,2 Wheeler,MG ZS EV,22-07-2023 06:13:11,22/07/2023 07:22,69.0,31.76,,Completed,9.4,150.0,494.19,15.56,Wallet,Individual,Y,Weekend,July,2023,Rainy,18.4
SESS001441,STN0048,Gurugram Fast Charge Center,Gurugram,Haryana,Office,CHG00604,DC Fast,,7.2,SUV,Ather 450X,2025-05-11 07:48:44,11-05-2025 08:15:44,27.0,19.92,,Failed,-5.0,73.6,219.12,11.0,Card,Individual,No,Weekday,May,2025,Cloudy,19.5
SESS001553,STN0095,Delhi Charge Point,Delhi,Delhi,,CHG00721,DC Ultra Fast,ccs2,150.0,3-Wheeler,TVS iQube,2024-11-20 09:58:57,2024-11-20 10:51:57,53.0,,0.0,Cancelled,34.6,,150.93,8.6,,Commercial,Yes,Weekday,November,2024,Humid,24.5
SESS000983,STN0133,hyderabad EV Hub,hyderabad,Telangana,Mall,CHG00516,DC Ultra Fast,ccs2,60.0,3-Wheeler,Hyundai Kona,07/09/2024 05:50,2024-09-07 06:17:10,,34.75,,Cancelled,105.0,96.7,459.4,13.22,Card,Fleet,Y,Weekday,September,2024,Cloudy,31.6
SESS000814,STN0045,Ahmedabad Power Station,Ahmedabad,Gujarat,Highway,CHG00658,AC,GB/T,7.2,2-Wheeler,Hyundai Kona,25-12-2024 13:47:51,2024-12-25 14:37:51,50.0,15.62,25.0,Completed,,83.8,184.63,11.82,UPI,,no,Holiday,December,2024,Rainy,35.3
SESS001061,STN0073,Surat Fast Charge Center,Surat,Gujarat,Parking,CHG00727,AC,Type 2,3.3,Car,Kia EV6,2023-03-20 14:53:55,20-03-2023 15:31:55,38.0,0.1,0.0,completed,105.0,91.5,1.58,15.78,upi,Commercial,,Holiday,March,2023,,29.3
SESS000685,STN0171,bengaluru Fast Charge Center,bengaluru,Karnataka,highway,CHG00248,AC,CHAdeMO,120.0,2-Wheeler,TVS iQube,2025-03-19 12:46:09,19-03-2025 13:23:09,37.0,22.53,,Completed,,74.0,229.81,10.2,,Fleet,,Weekday,March,2025,Sunny,33.3
SESS000801,STN0184,PUNE POWER STATION,Pune,Maharashtra,highway,CHG00068,DC fast,ccs2,120.0,Bus,Ola S1 Pro,2023-09-09 17:30:18,,26.0,46.02,,completed,105.0,,577.55,12.55,App,Fleet,No,Weekday,September,2023,Sunny,21.3
SESS001317,STN0013,Hyderabad Charge Point,Hyderabad,Telangana,highway,CHG00247,DC Fast,GB/T,22.0,Car,BYD Atto 3,26-06-2023 16:19:54,2023-06-26 17:17:54,58.0,6.17,,Completed,-5.0,,62.81,10.18,UPI,Individual,Y,Weekend,June,2023,Rainy,23.0
SESS000410,STN0232,Mumbai Power Station,Mumbai,Maharashtra,highway,CHG00453,ac,,,Bus,,2023-12-02 22:55:47,02/12/2023 23:28,33.0,40.94,,Cancelled,,150.0,435.6,10.64,,Commercial,yes,Weekend,December,2023,Rainy,24.0
SESS000994,STN0034,Jaipur Charge Point,Jaipur,Rajasthan,,CHG00189,DC Ultra Fast,CCS,7.2,Bus,Ather 450X,2021-10-15 15:26:35,15-10-2021 16:15:35,49.0,36.67,,COMPLETED,,,,12.27,Wallet,Commercial,N,Weekday,October,2021,Foggy,32.0
SESS000238,STN0056,Indore Charge Point,Indore,Madhya Pradesh,Hotel,CHG00084,ac,Type 2,22.0,Bus,Citroen eC3,2022-09-15 03:18:11,15-09-2022 03:26:11,8.0,25.91,6.0,completed,,,,19.24,UPI,Commercial,no,Weekday,September,2022,Cloudy,30.4
SESS000797,STN0151,Surat Fast Charge Center,Surat,GUJARAT,highway,CHG00203,AC,Type 2,60.0,3-Wheeler,MG ZS EV,2024-06-27 03:11:18,2024-06-27 03:22:18,11.0,31.6,12.0,Failed,,96.2,671.82,21.26,,Individual,N,Weekend,June,2024,Rainy,
SESS000201,STN0151,Bhopal Fast Charge Center,Bhopal,MADHYA PRADESH,Parking,CHG00500,ac,Type 2,60.0,SUV,Ola S1 Pro,07/06/2023 10:38,07-06-2023 10:21:35,-17.0,,19.0,completed,105.0,,24.02,13.27,Cash,Individual,no,Weekday,June,2023,Humid,26.6
SESS000376,STN0020,Patna Fast Charge Center,Patna,Bihar,Mall,CHG00095,DC Ultra Fast,CHAdeMO,50.0,Car,Bajaj Chetak,03-10-2024 21:57:08,03/10/2024 22:45,48.0,14.45,0.0,completed,105.0,,126.44,8.75,App,Individual,yes,Holiday,October,2024,,
SESS001381,STN0063,Lucknow Charge Point,Lucknow,Uttar Pradesh,Mall,CHG00450,DC Fast,GB/T,22.0,3-Wheeler,BYD Atto 3,22-06-2021 11:09:06,2021-06-22 11:46:06,37.0,15.75,,COMPLETED,36.9,,237.2,15.06,UPI,,N,Weekend,June,2021,,
SESS000100,STN0096,Surat Charge Point,Surat,Gujarat,Hotel,CHG00138,AC,CHAdeMO,22.0,Car,Tata Nexon EV,07-01-2022 09:59:10,07-01-2022 10:38:10,39.0,51.37,1.0,Completed,,150.0,1117.81,21.76,Cash,Commercial,N,Holiday,January,2022,Sunny,
SESS000687,STN0082,Noida Charge Point,Noida,Uttar Pradesh,Hotel,CHG00074,DC Ultra Fast,Type 2,22.0,2-Wheeler,Tata Nexon EV,29/07/2023 03:36,29-07-2023 04:28:11,52.0,0.1,5.0,Completed,-5.0,,1.46,14.59,Card,Individual,Y,Weekend,July,2023,,25.2
SESS000648,STN0018,Bengaluru Power Station,Bengaluru,Karnataka,Office,CHG00124,ac,Type 2,7.2,,TVS iQube,08/07/2024 21:51,2024-07-08 22:30:33,39.0,0.1,17.0,COMPLETED,105.0,93.8,1.29,12.86,Cash,Individual,Yes,Weekend,July,2024,,
SESS000110,STN0048,Chandigarh Power Station,Chandigarh,Punjab,Hotel,CHG00737,DC Ultra Fast,Type 2,3.3,Car,BYD Atto 3,19/09/2025 20:56,19/09/2025 21:07,11.0,,,completed,105.0,78.8,11.33,19.54,Wallet,Individual,,Weekday,September,2025,Foggy,25.2
SESS000180,STN0109,Delhi Fast Charge Center,Delhi,Delhi,Residential,CHG00397,AC,CHAdeMO,30.0,3-Wheeler,Ather 450X,2022-07-24 08:51:46,,28.0,28.37,10.0,Completed,105.0,,314.62,11.09,Wallet,Fleet,N,Holiday,July,2022,Sunny,20.6
SESS000623,STN0059,mumbai fast charge center,Mumbai,Maharashtra,Mall,CHG00210,AC,Type 2,120.0,Car,Tata Nexon EV,28/03/2024 08:35,28-03-2024 08:36:21,1.0,14.46,,Cancelled,,60.5,184.94,12.79,Card,Fleet,yes,Weekday,March,2024,Rainy,38.2
SESS001261,STN0225,bhopal Fast Charge Center,bhopal,Madhya Pradesh,Residential,CHG00622,DC Fast,CCS,22.0,Bus,Kia EV6,09-08-2021 01:23:02,09-08-2021 02:07:02,44.0,24.34,0.0,Completed,-5.0,77.9,392.6,16.13,UPI,Commercial,,Holiday,August,2021,Cloudy,
SESS000631,STN0004,Kolkata Charge Point,Kolkata,West Bengal,Residential,CHG00752,DC fast,CCS,7.2,,BYD Atto 3,17/10/2022 07:29,17/10/2022 08:13,44.0,15.86,0.0,COMPLETED,,150.0,284.05,17.91,upi,Individual,Y,Weekday,October,2022,Rainy,
SESS001937,STN0071,Kochi Fast Charge Center,Kochi,  Kerala ,highway,CHG00782,AC,ccs2,30.0,,,2023-04-12 05:38:02,12-04-2023 06:24:02,46.0,15.74,0.0,Cancelled,,150.0,291.82,18.54,,,N,Holiday,April,2023,Sunny,28.2
SESS001143,STN0044,Noida Fast Charge Center,Noida,Uttar Pradesh,Highway,CHG00293,DC fast,Type 2,3.3,SUV,Hyundai Kona,23-09-2022 06:34:52,,32.0,22.3,,Failed,-5.0,68.1,207.61,9.31,,,,Holiday,September,2022,Cloudy,10.7
SESS001967,STN0170,lucknow EV Hub,lucknow,UTTAR PRADESH,Hotel,CHG00632,AC,,50.0,,,10/06/2024 03:55,10/06/2024 04:41,46.0,10.09,0.0,Failed,-5.0,69.7,158.92,15.75,Cash,Fleet,Yes,Weekend,June,2024,Foggy,
SESS000159,STN0097,Delhi Fast Charge Center,Delhi,Delhi,Residential,CHG00020,DC Ultra Fast,GB/T,3.3,2 Wheeler,Mahindra XUV400,2022-01-03 22:48:36,2022-01-03 22:53:36,5.0,,9.0,COMPLETED,,,328.56,16.91,App,,No,Weekday,January,2022,,34.0
SESS001923,STN0027,Mumbai Power Station,Mumbai,Maharashtra,Office,CHG00479,AC,CHAdeMO,7.2,,Citroen eC3,05-10-2025 17:22:14,05-10-2025 17:23:14,1.0,14.54,,Failed,,150.0,220.14,15.14,Cash,Fleet,N,Weekday,October,2025,,24.0
SESS000135,STN0183,Jaipur Charge Point,Jaipur,Rajasthan,Parking,CHG00619,DC Ultra Fast,Type 2,120.0,Car,TVS iQube,2025-12-20 11:24:15,20-12-2025 12:17:15,53.0,34.68,,COMPLETED,29.8,,349.23,10.07,Cash,Individual,no,Weekday,December,2025,Sunny,37.4
SESS000486,STN0219,Kolkata Power Station,Kolkata,West Bengal,Residential,CHG00873,DC Fast,Type 2,,Car,Hyundai Kona,03-02-2021 21:20:17,03/02/2021 22:36,76.0,2.59,,Cancelled,-5.0,,45.45,17.55,Card,Commercial,Y,Weekday,February,2021,Humid,19.7
SESS000888,STN0122,Pune Fast Charge Center,Pune,Maharashtra,Office,CHG00210,AC,ccs2,30.0,Car,Tata Tiago EV,07/03/2022 10:12,07/03/2022 11:07,55.0,21.92,0.0,Failed,105.0,150.0,399.82,18.24,,,Y,Holiday,March,2022,Humid,30.7
SESS000053,STN0070,Mumbai Power Station,Mumbai,Maharashtra,Office,CHG00076,ac,Type 2,7.2,Bus,MG ZS EV,26/06/2023 05:43,26/06/2023 06:37,54.0,16.57,,Cancelled,18.0,150.0,324.77,19.6,Wallet,,no,Holiday,June,2023,Cloudy,33.4
SESS001756,STN0016,Noida Fast Charge Center,Noida,Uttar Pradesh,,CHG00590,DC fast,CCS,22.0,3-Wheeler,Citroen eC3,06-07-2021 08:13:51,2021-07-06 08:43:51,30.0,18.74,,Failed,,,274.54,14.65,UPI,Commercial,yes,Weekday,July,2021,Rainy,31.0
SESS001418,STN0211,Jaipur EV Hub,Jaipur,Rajasthan,Mall,CHG00360,ac,,120.0,2-Wheeler,BYD Atto 3,27-01-2025 18:08:26,,80.0,8.87,7.0,COMPLETED,12.0,,108.13,12.19,upi,Commercial,N,Holiday,January,2025,Foggy,26.4
SESS000330,STN0149,Chandigarh Fast Charge Center,Chandigarh,Punjab,Hotel,CHG00362,DC fast,,60.0,2 Wheeler,,2025-10-15 18:15:05,15-10-2025 19:52:05,97.0,36.2,6.0,Cancelled,105.0,150.0,342.45,9.46,Wallet,Fleet,No,Holiday,October,2025,Foggy,22.2
SESS000969,STN0077,Bhopal Fast Charge Center,Bhopal,Madhya Pradesh,Hotel,CHG00125,DC Ultra Fast,CCS,,Bus,Bajaj Chetak,09-12-2024 04:04:15,09/12/2024 04:50,46.0,18.2,4.0,Cancelled,105.0,150.0,178.18,9.79,Wallet,Fleet,Y,Holiday,December,2024,Rainy,24.9
SESS000737,STN0133,Surat EV Hub,Surat,Gujarat,,CHG00780,AC,CCS,7.2,SUV,Kia EV6,07-04-2025 23:55:55,08/04/2025 01:01,66.0,7.59,18.0,COMPLETED,-5.0,150.0,93.43,12.31,upi,Individual,No,Holiday,April,2025,Sunny,33.9
SESS000755,STN0202,Gurugram Fast Charge Center,Gurugram,Haryana,,CHG00147,DC Fast,,3.3,Car,Hyundai Kona,2022-07-12 13:09:21,12-07-2022 15:19:21,130.0,28.32,12.0,completed,105.0,150.0,405.26,14.31,UPI,Individual,Y,Weekend,July,2022,Sunny,20.1
SESS001024,STN0238,Pune EV Hub,Pune,Maharashtra,Highway,CHG00232,DC Fast,ccs2,,2 Wheeler,Ola S1 Pro,01/10/2023 07:40,2023-10-01 08:28:35,48.0,,23.0,Completed,26.8,20.8,225.33,8.69,,Commercial,No,Weekday,October,2023,Humid,22.8
SESS001346,STN0166,Indore Charge Point,Indore,Madhya Pradesh,Mall,CHG00815,DC Ultra Fast,Type 2,3.3,2-Wheeler,Citroen eC3,08/03/2025 04:27,2025-03-08 05:21:51,54.0,11.53,0.0,Cancelled,105.0,92.7,140.2,12.16,upi,,N,Holiday,March,2025,Humid,28.4
SESS001693,STN0201,Delhi Charge Point,Delhi,Delhi,Residential,CHG00797,ac,Type 2,50.0,Bus,,24/12/2025 19:21,,29.0,18.42,0.0,Cancelled,,150.0,231.36,12.56,,Commercial,Yes,Weekday,December,2025,Foggy,28.9
SESS000023,STN0068,Surat Charge Point,Surat,Gujarat,Mall,CHG00688,DC fast,CHAdeMO,22.0,SUV,,29-06-2025 17:47:21,29-06-2025 17:48:21,1.0,10.34,14.0,Failed,8.1,150.0,152.31,14.73,upi,,No,Holiday,June,2025,Cloudy,23.8
SESS000785,STN0214,chandigarh Fast Charge Center,chandigarh,Punjab,Highway,CHG00002,DC Fast,Type 2,,Bus,TVS iQube,2023-09-19 07:37:31,19-09-2023 08:20:31,43.0,17.08,0.0,Failed,,77.4,230.07,13.47,Card,Fleet,no,Weekend,September,2023,Cloudy,22.5
SESS000474,STN0124,Delhi Power Station,Delhi,DELHI,,CHG00161,DC Fast,Type 2,30.0,2-Wheeler,,14/02/2025 04:34,14/02/2025 04:50,16.0,0.1,3.0,completed,36.3,,1.37,13.74,,,,Weekday,February,2025,Foggy,27.7
SESS000609,STN0247,Kolkata Charge Point,Kolkata,West Bengal,,CHG00706,AC,Type 2,120.0,2-Wheeler,Tata Nexon EV,2022-10-27 19:58:10,2022-10-27 20:34:10,36.0,20.89,,Cancelled,28.2,98.2,378.94,,Wallet,Individual,Yes,Holiday,October,2022,Rainy,23.5
SESS001872,STN0059,Delhi Power Station,Delhi,Delhi,Highway,CHG00542,ac,,60.0,Car,Hyundai Kona,15-09-2024 09:21:01,2024-09-15 10:35:01,74.0,28.74,,Cancelled,105.0,65.7,465.59,16.2,App,Individual,Yes,Weekend,September,2024,Sunny,28.8
SESS001341,STN0059,Kochi EV Hub,Kochi,KERALA,Residential,CHG00091,AC,ccs2,150.0,Bus,Tata Nexon EV,2025-07-08 00:52:47,08/07/2025 01:54,62.0,21.6,,Cancelled,35.7,150.0,381.02,17.64,upi,Commercial,Y,Weekend,July,2025,Rainy,34.3
SESS001989,STN0001,Gurugram Fast Charge Center,Gurugram,Haryana,highway,CHG00801,ac,CHAdeMO,30.0,SUV,Citroen eC3,02-09-2025 16:19:13,02-09-2025 17:05:13,46.0,25.66,0.0,Failed,105.0,,564.26,21.99,UPI,Commercial,Yes,Weekday,September,2025,,25.0
SESS000290,STN0225,Patna Power Station,Patna,Bihar,highway,CHG00667,DC Ultra Fast,,60.0,Bus,Tata Nexon EV,08/12/2025 17:02,08-12-2025 18:08:58,66.0,16.37,0.0,COMPLETED,-5.0,78.3,286.97,17.53,App,,N,Weekday,December,2025,,28.3
SESS001270,STN0072,Pune EV Hub,PUNE,Maharashtra,Mall,CHG00119,AC,CHAdeMO,150.0,Car,Mahindra XUV400,05-11-2023 11:18:01,2023-11-05 12:29:01,71.0,18.06,,Completed,-5.0,150.0,325.08,18.0,upi,,N,Holiday,November,2023,Cloudy,26.1
SESS001582,STN0140,Indore Power Station,Indore,madhya pradesh,Mall,CHG00504,DC fast,,,2-Wheeler,TVS iQube,2023-09-19 17:27:26,19/09/2023 18:28,61.0,3.77,6.0,completed,105.0,150.0,76.19,20.21,Cash,Commercial,No,Weekday,September,2023,Rainy,24.2
SESS000468,STN0215,Ahmedabad Power Station,Ahmedabad,Gujarat,,CHG00019,AC,CHAdeMO,7.2,SUV,Kia EV6,2022-12-08 15:36:13,08-12-2022 16:23:13,47.0,22.3,40.0,Failed,105.0,69.8,464.73,20.84,App,Fleet,Yes,Holiday,December,2022,Foggy,32.3
SESS000605,STN0200,CHANDIGARH FAST CHARGE CENTER,Chandigarh,Punjab,,CHG00152,DC Ultra Fast,GB/T,30.0,,,2024-03-02 22:18:52,02/03/2024 23:37,79.0,44.75,,Failed,-5.0,62.0,968.84,21.65,Card,Fleet,Y,Weekday,March,2024,Humid,27.4
SESS000067,STN0007,Gurugram Charge Point,Gurugram,Haryana,,CHG00014,DC fast,CHAdeMO,,,Kia EV6,22-04-2023 20:26:20,2023-04-22 20:42:20,16.0,14.72,0.0,COMPLETED,8.4,,309.86,21.05,,,no,Holiday,April,2023,Foggy,30.8
SESS000452,STN0143,Lucknow Power Station,Lucknow,Uttar Pradesh,Office,CHG00151,AC,GB/T,60.0,Car,Tata Nexon EV,2022-09-12 18:00:13,12/09/2022 19:21,81.0,20.5,0.0,Failed,-5.0,98.5,267.73,13.06,upi,,No,Weekday,September,2022,Cloudy,27.9
SESS001979,STN0069,Patna Power Station,Patna,  Bihar ,,CHG00849,DC Fast,Type 2,50.0,Bus,Hyundai Kona,07-01-2023 06:40:49,07-01-2023 07:58:49,78.0,9.62,,COMPLETED,,150.0,129.97,13.51,App,Individual,No,Weekday,January,2023,Rainy,25.0
SESS001041,STN0075,Indore EV Hub,Indore,Madhya Pradesh,Hotel,CHG00741,,GB/T,60.0,2 Wheeler,,29-10-2023 00:47:26,29/10/2023 01:35,48.0,31.84,0.0,Failed,105.0,,649.85,20.41,UPI,Commercial,,Holiday,October,2023,Rainy,
SESS000099,STN0105,Kochi EV Hub,Kochi,Kerala,Residential,CHG00024,,CCS,3.3,,Ather 450X,21/05/2023 06:47,2023-05-21 07:25:16,38.0,0.1,,Completed,105.0,76.3,1.87,,App,Commercial,No,Holiday,May,2023,Sunny,36.6
SESS001932,STN0114,Lucknow Fast Charge Center,Lucknow,UTTAR PRADESH,Residential,CHG00658,AC,GB/T,60.0,2 Wheeler,Citroen eC3,2022-04-29 05:07:43,29/04/2022 05:20,13.0,-11.85,,Cancelled,-5.0,150.0,399.81,14.39,UPI,Fleet,Y,Holiday,April,2022,Foggy,
SESS000144,STN0231,Pune EV Hub,pune,Maharashtra,Parking,CHG00780,DC fast,Type 2,50.0,SUV,,19/08/2023 09:17,19/08/2023 09:58,41.0,,30.0,Failed,105.0,,327.54,20.07,UPI,Fleet,no,Weekend,August,2023,Cloudy,21.1
SESS001601,STN0183,  Noida Fast Charge Center ,Noida,Uttar Pradesh,Residential,CHG00056,DC Ultra Fast,Type 2,7.2,2-Wheeler,Tata Tiago EV,17-01-2025 11:06:23,17/01/2025 12:26,80.0,0.1,32.0,COMPLETED,,,0.94,9.37,Card,,yes,Weekend,January,2025,Cloudy,
SESS000717,STN0170,Indore Power Station,Indore,Madhya Pradesh,,CHG00579,AC,GB/T,150.0,2-Wheeler,Tata Tiago EV,19/03/2022 16:00,19-03-2022 16:05:09,5.0,28.41,,Completed,,,340.07,11.97,,Commercial,N,Holiday,March,2022,Foggy,26.9
SESS001209,STN0158,Kolkata Charge Point,Kolkata,West Bengal,Hotel,CHG00584,ac,GB/T,120.0,Bus,BYD Atto 3,04-12-2024 15:37:59,04-12-2024 16:47:59,70.0,14.34,,COMPLETED,24.9,150.0,203.77,14.21,upi,Commercial,Yes,Weekday,December,2024,Foggy,19.3
SESS001306,STN0152,Pune EV Hub,Pune,Maharashtra,,CHG00900,AC,CHAdeMO,7.2,3-Wheeler,,2025-03-23 00:38:19,23/03/2025 01:29,51.0,24.52,,completed,-5.0,,409.73,16.71,upi,Commercial,,Weekend,March,2025,,24.9
SESS001517,STN0018,Jaipur EV Hub,Jaipur,Rajasthan,highway,CHG00022,,Type 2,,Bus,BYD Atto 3,29/07/2021 04:23,29-07-2021 04:33:21,10.0,0.1,,completed,37.3,84.7,1.41,,upi,Individual,yes,Holiday,July,2021,Rainy,27.0
SESS001525,STN0138,Jaipur EV Hub,Jaipur,Rajasthan,,CHG00302,AC,GB/T,120.0,SUV,Hyundai Kona,11/05/2025 12:28,11/05/2025 13:21,53.0,11.75,0.0,Completed,105.0,150.0,206.56,17.58,,Individual,,Weekday,May,2025,Sunny,20.9
SESS000533,STN0127,Delhi Charge Point,Delhi,Delhi,Office,CHG00176,DC fast,,30.0,Bus,Citroen eC3,16/11/2024 16:46,16-11-2024 17:30:02,44.0,23.84,0.0,Cancelled,-5.0,,334.0,14.01,Wallet,Fleet,,Holiday,November,2024,Rainy,32.2
SESS001461,STN0016,Chennai EV Hub,Chennai,Tamil Nadu,Highway,CHG00407,ac,Type 2,,,Ola S1 Pro,19/04/2021 09:02,19/04/2021 09:44,42.0,20.45,0.0,Failed,-5.0,150.0,166.46,8.14,Card,,Yes,Weekend,April,2021,Foggy,31.9
SESS001145,STN0193,Hyderabad EV Hub,Hyderabad,Telangana,Office,CHG00837,AC,ccs2,60.0,2 Wheeler,Tata Nexon EV,31-08-2024 22:58:23,01-09-2024 00:45:23,107.0,17.15,11.0,COMPLETED,34.8,70.0,,18.13,App,Commercial,No,Weekend,August,2024,Foggy,30.8
SESS001602,STN0070,Chandigarh Power Station,Chandigarh,Punjab,Highway,CHG00666,DC Fast,GB/T,50.0,2-Wheeler,,19/10/2024 00:44,19-10-2024 01:27:02,43.0,18.62,,Completed,-5.0,84.7,225.12,12.09,Card,Fleet,No,Holiday,October,2024,Foggy,30.7
SESS000090,STN0068,Gurugram Charge Point,Gurugram,Haryana,highway,CHG00686,,GB/T,50.0,SUV,BYD Atto 3,15-11-2023 01:00:11,15/11/2023 01:58,58.0,5.37,0.0,COMPLETED,12.7,61.4,66.64,12.41,Cash,Fleet,yes,Holiday,November,2023,Cloudy,18.5
SESS000222,STN0069,Hyderabad Power Station,Hyderabad,TELANGANA,,CHG00300,DC Fast,Type 2,22.0,2-Wheeler,Tata Tiago EV,2023-03-14 11:55:34,2023-03-14 13:19:34,84.0,7.5,0.0,Cancelled,-5.0,-6.0,163.57,21.81,,Commercial,no,Weekend,March,2023,Foggy,31.8
SESS001251,STN0146,Lucknow Power Station,Lucknow,Uttar Pradesh,Mall,CHG00434,DC fast,GB/T,22.0,Bus,MG ZS EV,26/01/2021 09:12,26/01/2021 10:38,86.0,18.46,3.0,Cancelled,8.9,150.0,357.2,19.35,Cash,Commercial,no,Holiday,January,2021,Foggy,25.6
SESS001793,STN0235,Chandigarh EV Hub,Chandigarh,Punjab,Residential,CHG00072,ac,GB/T,,2 Wheeler,Tata Tiago EV,07/02/2022 23:49,07-02-2022 23:50:18,1.0,34.53,11.0,COMPLETED,7.5,150.0,503.1,14.57,Cash,Individual,Yes,Holiday,February,2022,Rainy,22.0
SESS001132,STN0202,Chandigarh EV Hub,Chandigarh,Punjab,Highway,CHG00214,,,,SUV,Bajaj Chetak,23/04/2024 22:35,23/04/2024 23:30,55.0,29.5,,Failed,-5.0,,330.7,11.21,Wallet,,Y,Holiday,April,2024,Sunny,24.5
SESS000473,STN0247,Surat Power Station,Surat,Gujarat,Residential,CHG00377,DC Ultra Fast,CHAdeMO,7.2,,MG ZS EV,16-06-2021 04:03:43,2021-06-16 04:49:43,46.0,10.91,,Cancelled,-5.0,150.0,157.43,14.43,Card,Individual,No,Weekday,June,2021,Rainy,37.8
SESS001925,STN0058,Delhi Charge Point,Delhi,Delhi,highway,CHG00295,DC Ultra Fast,ccs2,30.0,2 Wheeler,Ather 450X,2023-06-20 00:14:58,20-06-2023 00:36:58,22.0,11.01,0.0,completed,105.0,66.4,218.88,19.88,App,,No,Holiday,June,2023,Sunny,32.0
SESS000624,STN0235,Bhopal Charge Point,Bhopal,Madhya Pradesh,highway,CHG00773,DC Fast,CHAdeMO,30.0,Car,,2022-01-04 18:23:32,2022-01-04 18:24:32,,24.29,0.0,COMPLETED,,,372.12,,App,Commercial,Yes,Weekday,January,2022,Cloudy,
SESS001291,STN0007,Lucknow Charge Point,Lucknow,Uttar Pradesh,Residential,CHG00661,DC fast,Type 2,22.0,2-Wheeler,MG ZS EV,04-02-2022 00:45:22,04-02-2022 00:46:22,1.0,13.55,0.0,Cancelled,20.2,66.2,140.92,10.4,UPI,Commercial,No,Holiday,February,2022,Humid,22.8
SESS001976,STN0067,Chennai Charge Point,Chennai,Tamil Nadu,,CHG00783,,CCS,60.0,SUV,,04-08-2022 08:26:34,04/08/2022 09:31,65.0,21.87,0.0,completed,34.7,81.3,218.92,10.01,App,Individual,,Weekday,August,2022,Sunny,27.3
SESS001682,STN0189,Chandigarh Charge Point,Chandigarh,Punjab,Residential,CHG00675,,ccs2,3.3,3-Wheeler,Tata Tiago EV,06/01/2024 07:47,2024-01-06 09:09:11,82.0,25.84,0.0,COMPLETED,105.0,150.0,557.63,21.58,UPI,Fleet,Y,Holiday,January,2024,Humid,28.0
SESS001841,STN0193,Surat EV Hub,Surat,GUJARAT,Hotel,CHG00627,ac,CCS,3.3,3-Wheeler,Tata Nexon EV,2022-01-31 10:24:05,31-01-2022 10:54:05,30.0,20.05,,COMPLETED,-5.0,,415.44,20.72,Cash,,,Weekend,January,2022,Cloudy,35.1
SESS001274,STN0248,Pune Power Station,Pune,Maharashtra,,CHG00599,AC,GB/T,50.0,,BYD Atto 3,23-01-2025 04:52:02,23/01/2025 05:55,63.0,23.16,17.0,Completed,105.0,,234.61,10.13,,,no,Holiday,January,2025,Foggy,24.5
SESS001655,STN0104,Kochi EV Hub,Kochi,kerala,Residential,CHG00680,,CCS,50.0,2-Wheeler,TVS iQube,02-12-2024 16:18:33,02/12/2024 17:15,57.0,17.52,,completed,17.1,,221.45,12.64,Wallet,,,Weekend,December,2024,,32.4
SESS001744,STN0049,Pune Power Station,Pune,Maharashtra,,CHG00671,DC Fast,Type 2,60.0,,Ola S1 Pro,28/08/2024 10:19,2024-08-28 11:06:32,,35.7,0.0,COMPLETED,,66.1,427.33,11.97,upi,,No,Holiday,August,2024,Foggy,31.4
SESS000421,STN0206,Gurugram Charge Point,Gurugram,Haryana,Office,CHG00386,DC Fast,,120.0,Car,Ola S1 Pro,2021-07-30 20:35:06,30/07/2021 21:33,58.0,13.44,11.0,Cancelled,,150.0,280.49,,upi,,,Weekday,July,2021,Foggy,20.1
SESS000831,STN0213,Kolkata Power Station,Kolkata,West Bengal,Highway,CHG00056,,CCS,60.0,3-Wheeler,Ola S1 Pro,21-05-2021 14:28:27,2021-05-21 15:37:27,69.0,4.24,3.0,completed,23.4,150.0,63.39,14.95,App,Commercial,no,Weekend,May,2021,Rainy,38.7
SESS000141,STN0101,Gurugram EV Hub,Gurugram,Haryana,Office,CHG00626,DC Fast,CCS,50.0,Car,Ather 450X,19/07/2025 10:23,19-07-2025 11:12:30,49.0,16.77,0.0,Cancelled,-5.0,67.4,149.92,8.94,Wallet,Individual,Yes,Weekend,July,2025,,22.7
SESS001665,STN0226,Chennai Fast Charge Center,Chennai,Tamil Nadu,Residential,CHG00284,DC Ultra Fast,CCS,50.0,SUV,,01-10-2023 17:25:47,2023-10-01 17:59:47,34.0,,,COMPLETED,28.8,,44.77,12.72,Cash,,N,Holiday,October,2023,,27.3
SESS000463,STN0157,Patna Power Station,Patna,Bihar,Residential,CHG00561,DC Ultra Fast,,,2 Wheeler,,09/03/2022 10:59,2022-03-09 11:42:33,43.0,31.21,,Failed,-5.0,,,18.69,,Commercial,Yes,Holiday,March,2022,,28.0
SESS000912,STN0019,  Ahmedabad EV Hub ,Ahmedabad,Gujarat,Mall,CHG00789,DC fast,,3.3,Bus,Tata Tiago EV,26/09/2023 00:57,26/09/2023 01:22,25.0,14.87,13.0,COMPLETED,105.0,150.0,229.89,15.46,UPI,Fleet,Y,Holiday,September,2023,Rainy,30.7
SESS000106,STN0089,Kochi EV Hub,Kochi,Kerala,Hotel,CHG00412,ac,CCS,,2-Wheeler,,2023-03-15 21:44:27,2023-03-15 22:28:27,44.0,30.53,0.0,Failed,34.1,71.0,476.88,15.62,Cash,Fleet,N,Holiday,March,2023,Sunny,
SESS001602,STN0068,Pune Charge Point,Pune,Maharashtra,Mall,CHG00391,DC Ultra Fast,CHAdeMO,,,,18-09-2021 20:02:36,18-09-2021 20:39:36,37.0,22.47,0.0,completed,-5.0,-6.0,196.61,8.75,upi,Fleet,Yes,Weekend,September,2021,,33.4
SESS001829,STN0105,Noida EV Hub,Noida,Uttar Pradesh,Residential,CHG00844,DC fast,,22.0,SUV,Kia EV6,25/12/2021 01:01,25-12-2021 01:57:26,56.0,20.93,0.0,Failed,105.0,150.0,304.95,14.57,App,Fleet,no,Weekend,December,2021,,21.8
SESS001358,STN0074,  Ahmedabad Fast Charge Center ,Ahmedabad,Gujarat,,CHG00076,,,120.0,2 Wheeler,Tata Tiago EV,13/10/2022 08:15,,7.0,7.12,21.0,Cancelled,,,65.72,9.23,Card,Commercial,No,Weekend,October,2022,,28.0
SESS000943,STN0082,Chandigarh Charge Point,Chandigarh,Punjab,highway,CHG00249,DC Fast,Type 2,120.0,Bus,Mahindra XUV400,01/06/2023 22:09,2023-06-01 22:53:10,44.0,29.14,0.0,completed,-5.0,,592.71,20.34,upi,Individual,no,Weekday,June,2023,Rainy,28.7
SESS001175,STN0112,Chandigarh Charge Point,Chandigarh,Punjab,,CHG00380,AC,Type 2,60.0,,,03-09-2024 18:30:56,03/09/2024 18:31,1.0,27.47,,COMPLETED,20.2,,294.48,10.72,UPI,Commercial,,Weekend,September,2024,,18.7
SESS001600,STN0225,Noida Power Station,Noida,Uttar Pradesh,Hotel,CHG00716,DC fast,GB/T,,Bus,Mahindra XUV400,2023-02-25 19:07:05,25-02-2023 20:00:05,53.0,42.2,,Failed,22.6,150.0,427.06,10.12,App,,yes,Weekday,February,2023,Rainy,21.0
SESS001327,STN0235,Noida Fast Charge Center,Noida,Uttar Pradesh,Residential,CHG00740,DC Fast,ccs2,,Bus,Kia EV6,11/08/2022 01:54,11-08-2022 01:49:19,,20.11,11.0,Completed,-5.0,79.5,335.84,16.7,,,N,Holiday,August,2022,Foggy,29.2
SESS000614,STN0044,gurugram Power Station,gurugram,HARYANA,highway,CHG00287,DC Ultra Fast,Type 2,3.3,3-Wheeler,Tata Nexon EV,22-12-2022 19:55:17,22-12-2022 21:01:17,66.0,27.37,17.0,Cancelled,105.0,150.0,362.11,13.23,Wallet,Individual,no,Weekday,December,2022,Foggy,26.0
SESS001149,STN0249,Surat Power Station,Surat,Gujarat,Parking,CHG00123,ac,CCS,30.0,3-Wheeler,Bajaj Chetak,04-06-2024 03:20:37,04/06/2024 04:34,74.0,0.1,0.0,Failed,21.4,96.6,,18.54,,Commercial,yes,Weekend,June,2024,Humid,36.2
SESS001603,STN0009,Bengaluru Charge Point,Bengaluru,Karnataka,highway,CHG00780,,ccs2,30.0,2-Wheeler,BYD Atto 3,08/07/2023 21:13,08-07-2023 22:15:45,62.0,12.19,,Cancelled,-5.0,78.8,104.59,8.58,Cash,Fleet,N,Weekday,July,2023,Rainy,31.2
SESS001166,STN0101,Kochi Power Station,Kochi,Kerala,Hotel,CHG00523,DC fast,GB/T,,,Ather 450X,17-12-2025 05:59:37,17/12/2025 06:57,58.0,5.28,,Completed,-5.0,,58.03,10.99,,Individual,,Weekday,December,2025,Cloudy,
SESS001964,STN0009,Ahmedabad Charge Point,Ahmedabad,Gujarat,Highway,CHG00277,DC fast,GB/T,150.0,Bus,Citroen eC3,2024-03-19 21:20:52,19-03-2024 21:21:52,1.0,29.59,,completed,5.2,66.4,626.42,21.17,UPI,Individual,,Holiday,March,2024,Foggy,20.6
SESS001046,STN0093,Kochi EV Hub,Kochi,KERALA,,CHG00219,DC fast,Type 2,7.2,SUV,Ather 450X,14-02-2024 18:32:04,14-02-2024 19:23:04,51.0,30.13,0.0,Failed,19.6,150.0,436.28,14.48,upi,Commercial,yes,Weekend,February,2024,Rainy,28.8
SESS000519,STN0229,Chandigarh EV Hub,Chandigarh,Punjab,Parking,CHG00386,,Type 2,7.2,,TVS iQube,05-01-2024 21:40:19,2024-01-05 22:16:19,36.0,17.66,0.0,Completed,-5.0,,301.99,,Cash,Individual,no,Holiday,January,2024,Foggy,55.0
SESS001402,STN0152,Hyderabad Power Station,Hyderabad,Telangana,highway,CHG00652,,Type 2,3.3,2-Wheeler,Ather 450X,17/03/2021 03:12,17/03/2021 02:49,-23.0,22.7,7.0,COMPLETED,13.2,81.7,230.18,10.14,,Individual,no,Weekend,March,2021,Humid,29.2
SESS001406,STN0194,Lucknow Fast Charge Center,Lucknow,Uttar Pradesh,Parking,CHG00205,DC Ultra Fast,Type 2,120.0,2-Wheeler,,03/07/2021 22:19,03/07/2021 23:05,46.0,21.45,6.0,Cancelled,,150.0,400.04,18.65,Wallet,Commercial,Y,Holiday,July,2021,Humid,40.4
SESS000050,STN0023,Chennai Fast Charge Center,Chennai,Tamil Nadu,highway,CHG00534,DC Fast,CCS,22.0,3-Wheeler,TVS iQube,2023-09-15 05:41:09,2023-09-15 06:56:09,75.0,12.98,5.0,Completed,105.0,150.0,162.64,12.53,Card,Individual,yes,Weekend,September,2023,Foggy,24.0
SESS001353,STN0122,kochi EV Hub,kochi,Kerala,highway,CHG00426,,CCS,50.0,3-Wheeler,,2024-07-07 20:12:27,07/07/2024 20:55,43.0,20.08,15.0,COMPLETED,7.4,62.0,403.61,20.1,Wallet,Individual,N,Weekend,July,2024,Cloudy,32.5
SESS001722,STN0202,Noida Power Station,Noida,UTTAR PRADESH,Hotel,CHG00441,,Type 2,120.0,Car,Ola S1 Pro,08-01-2024 22:08:35,08-01-2024 22:46:35,38.0,,6.0,Completed,,,408.39,17.21,UPI,Commercial,N,Weekday,January,2024,Rainy,
SESS000054,STN0087,Patna Power Station,Patna,Bihar,Residential,CHG00803,,CCS,150.0,2-Wheeler,,2024-09-09 16:38:32,2024-09-09 17:48:32,70.0,32.15,1.0,completed,-5.0,,374.55,11.65,Card,Commercial,,Holiday,September,2024,Foggy,28.5
SESS001101,STN0076,Chennai Fast Charge Center,Chennai,Tamil Nadu,,CHG00771,DC Fast,GB/T,60.0,2 Wheeler,Ather 450X,29/10/2021 19:11,29/10/2021 20:04,53.0,-3.45,37.0,Completed,26.6,75.9,339.17,9.49,Card,,,Holiday,October,2021,Sunny,32.7
SESS000828,STN0009,Patna Charge Point,Patna,Bihar,Office,CHG00180,DC Fast,ccs2,60.0,2-Wheeler,BYD Atto 3,2024-05-16 01:20:40,2024-05-16 02:41:40,81.0,19.35,,Completed,105.0,150.0,394.35,,Card,,No,Weekend,May,2024,Cloudy,
SESS001477,STN0162,Surat Power Station,Surat,Gujarat,Highway,CHG00623,DC Fast,CCS,50.0,SUV,Ather 450X,01-01-2023 05:18:24,,25.0,26.7,0.0,Failed,28.2,,453.63,,UPI,Fleet,Yes,Weekday,January,2023,Rainy,28.7
SESS000819,STN0082,gurugram Charge Point,gurugram,Haryana,Office,CHG00448,DC fast,,22.0,3-Wheeler,,02/10/2021 11:06,02/10/2021 12:33,87.0,14.79,,Cancelled,35.6,150.0,178.22,12.05,UPI,Individual,yes,Weekday,October,2021,Humid,24.1
SESS000323,STN0059,Chandigarh Power Station,Chandigarh,Punjab,,CHG00320,DC fast,Type 2,7.2,2-Wheeler,Citroen eC3,23/05/2025 12:21,2025-05-23 11:49:49,-32.0,51.46,,completed,,,910.33,17.69,App,Individual,no,Holiday,May,2025,Cloudy,35.0
SESS000640,STN0229,Indore Power Station,Indore,Madhya Pradesh,Highway,CHG00290,AC,GB/T,50.0,2 Wheeler,,2025-07-13 13:33:39,2025-07-13 13:59:39,26.0,43.01,,Cancelled,,,807.73,18.78,App,Commercial,N,Holiday,July,2025,Foggy,39.4
SESS001167,STN0128,Bengaluru Charge Point,Bengaluru,Karnataka,highway,CHG00412,,,7.2,SUV,,21/05/2021 17:01,21-05-2021 17:02:06,1.0,0.1,,Failed,-5.0,74.3,1.11,11.05,App,Fleet,No,Holiday,May,2021,Foggy,
SESS001051,STN0103,Mumbai Charge Point,Mumbai,Maharashtra,Residential,CHG00819,AC,GB/T,,SUV,Ather 450X,05-02-2021 04:16:05,05/02/2021 04:34,18.0,40.34,0.0,Cancelled,22.5,82.9,602.28,14.93,upi,Individual,Yes,Weekday,February,2021,,31.9
SESS001749,STN0091,Noida Fast Charge Center,Noida,Uttar Pradesh,Residential,CHG00123,,CCS,120.0,Car,Tata Nexon EV,2024-06-03 23:49:45,04-06-2024 00:02:45,13.0,34.42,9.0,completed,105.0,150.0,518.02,15.05,Card,Commercial,no,Holiday,June,2024,,19.3
SESS001850,STN0178,Delhi Power Station,Delhi,Delhi,Residential,CHG00416,DC Ultra Fast,CHAdeMO,22.0,3-Wheeler,TVS iQube,13/05/2022 01:56,13/05/2022 02:24,28.0,34.52,0.0,COMPLETED,105.0,87.4,496.4,14.38,upi,Commercial,No,Weekend,May,2022,Humid,25.8
SESS000957,STN0207,Lucknow Fast Charge Center,Lucknow,Uttar Pradesh,highway,CHG00853,DC Ultra Fast,CHAdeMO,30.0,2-Wheeler,Bajaj Chetak,01-07-2024 03:05:00,01-07-2024 03:34:00,29.0,15.0,,Cancelled,,80.6,289.5,19.3,Card,Commercial,yes,Weekend,July,2024,Humid,38.3
SESS000026,STN0133,Noida Fast Charge Center,Noida,Uttar Pradesh,,CHG00091,AC,CHAdeMO,60.0,2 Wheeler,,18/11/2024 16:07,2024-11-18 16:44:06,37.0,6.41,,completed,-5.0,,130.64,20.38,,Commercial,No,Holiday,November,2024,Sunny,31.5
SESS000078,STN0157,Gurugram Fast Charge Center,Gurugram,Haryana,highway,CHG00466,ac,CCS,60.0,2-Wheeler,Citroen eC3,22-03-2022 12:05:58,22-03-2022 12:45:58,40.0,25.14,0.0,Cancelled,-5.0,,252.41,10.04,,,No,Weekday,March,2022,Cloudy,28.9
SESS000249,STN0059,Gurugram EV Hub,Gurugram,Haryana,highway,CHG00241,DC Fast,GB/T,7.2,Bus,Citroen eC3,10-03-2025 12:35:00,10/03/2025 13:42,67.0,19.33,,completed,39.8,150.0,354.71,18.35,Wallet,Individual,,Weekend,March,2025,Cloudy,34.6
SESS001699,STN0093,bhopal EV Hub,bhopal,Madhya Pradesh,Mall,CHG00626,DC Ultra Fast,GB/T,150.0,3-Wheeler,Mahindra XUV400,02-03-2022 02:23:02,02-03-2022 03:12:02,49.0,35.28,0.0,Failed,,,696.43,19.74,upi,Commercial,Yes,Holiday,March,2022,,32.2
SESS001393,STN0249,Surat Fast Charge Center,Surat,Gujarat,highway,CHG00897,AC,Type 2,,,TVS iQube,25-02-2024 03:26:06,25/02/2024 04:24,,21.89,40.0,Failed,,86.8,464.94,21.24,Wallet,,,Weekend,February,2024,Sunny,23.1
SESS001620,STN0148,Surat Charge Point,Surat,GUJARAT,highway,CHG00806,DC Ultra Fast,CCS,22.0,,Hyundai Kona,25-11-2024 16:54:57,25-11-2024 17:31:57,37.0,15.2,0.0,completed,105.0,,220.55,14.51,Wallet,,yes,Weekday,November,2024,Humid,24.6
SESS000970,STN0081,Chandigarh Power Station,Chandigarh,Punjab,Mall,CHG00360,AC,CHAdeMO,,3-Wheeler,,15/07/2024 16:35,15/07/2024 17:44,69.0,32.84,,Cancelled,-5.0,85.9,540.87,,UPI,Commercial,no,Holiday,July,2024,,29.7
SESS000273,STN0236,Jaipur Power Station,Jaipur,Rajasthan,,CHG00163,DC Ultra Fast,CCS,150.0,3-Wheeler,Bajaj Chetak,10-10-2025 07:23:06,2025-10-10 07:44:06,,7.18,,completed,,,155.59,,UPI,Commercial,no,Weekday,October,2025,Cloudy,28.1
SESS001016,STN0195,Kochi Charge Point,Kochi,Kerala,Parking,CHG00480,DC Fast,Type 2,30.0,Car,Ather 450X,08/02/2021 08:01,08-02-2021 08:40:33,39.0,27.9,0.0,Cancelled,,70.0,268.12,9.61,App,Individual,No,Holiday,February,2021,Foggy,
SESS000241,STN0084,pune EV Hub,pune,Maharashtra,Residential,CHG00813,ac,CHAdeMO,30.0,SUV,TVS iQube,2021-09-16 02:13:02,16/09/2021 02:59,46.0,12.23,29.0,Cancelled,-5.0,150.0,239.46,19.58,,Fleet,No,Weekend,September,2021,Cloudy,20.9
SESS000906,STN0065,Kolkata Fast Charge Center,Kolkata,WEST BENGAL,Parking,CHG00335,,CHAdeMO,,3-Wheeler,,02-06-2022 12:33:34,02/06/2022 12:48,15.0,21.37,0.0,COMPLETED,-5.0,90.3,179.51,8.4,upi,Individual,no,Holiday,June,2022,Humid,25.0
SESS000311,STN0224,Chandigarh Fast Charge Center,Chandigarh,Punjab,Office,CHG00066,AC,ccs2,60.0,,Hyundai Kona,2024-12-29 12:29:46,2024-12-29 13:21:46,52.0,7.37,2.0,Cancelled,,95.6,60.36,8.19,App,Commercial,Yes,Weekend,December,2024,,37.5
SESS000985,STN0173,Pune Power Station,Pune,Maharashtra,Parking,CHG00344,AC,CCS,150.0,Bus,Kia EV6,05-01-2021 12:19:38,05-01-2021 13:09:38,50.0,13.91,0.0,COMPLETED,105.0,150.0,158.02,11.36,Cash,Fleet,,Holiday,January,2021,Foggy,
SESS001078,STN0212,Kochi Power Station,Kochi,Kerala,Residential,CHG00574,ac,GB/T,3.3,Car,Ola S1 Pro,15-11-2022 12:33:27,15/11/2022 13:17,44.0,43.09,,completed,-5.0,92.7,730.81,16.96,Cash,Commercial,Yes,Holiday,November,2022,Cloudy,31.3
SESS000242,STN0072,bhopal Fast Charge Center,bhopal,Madhya Pradesh,Hotel,CHG00072,DC Fast,CHAdeMO,50.0,SUV,TVS iQube,2023-11-16 04:32:17,16-11-2023 05:43:17,71.0,25.41,14.0,Cancelled,105.0,,272.4,10.72,upi,Individual,,Weekday,November,2023,Humid,34.4
SESS000395,STN0037,Noida Charge Point,Noida,UTTAR PRADESH,Hotel,CHG00870,ac,,,SUV,Tata Nexon EV,02-08-2024 07:16:15,,44.0,20.8,0.0,COMPLETED,,98.1,414.34,19.92,,,,Weekend,August,2024,Sunny,30.4
SESS001409,STN0035,Chennai Power Station,Chennai,Tamil Nadu,Mall,CHG00282,ac,CHAdeMO,30.0,2 Wheeler,Mahindra XUV400,13-11-2024 23:11:53,2024-11-14 00:08:53,57.0,5.81,,Completed,,,59.26,10.2,UPI,Fleet,Y,Holiday,November,2024,,28.9
SESS001975,STN0154,Gurugram Charge Point,Gurugram,Haryana,Parking,CHG00405,DC Ultra Fast,Type 2,30.0,Car,Citroen eC3,2022-01-10 16:47:08,10-01-2022 17:08:08,21.0,0.1,0.0,completed,105.0,,1.26,12.55,,Fleet,yes,Weekday,January,2022,Rainy,25.7
SESS001906,STN0004,Gurugram Fast Charge Center,Gurugram,Haryana,Office,CHG00545,,,30.0,SUV,Tata Nexon EV,2025-01-31 13:12:10,31-01-2025 14:23:10,71.0,-26.88,0.0,COMPLETED,,81.4,148.8,8.9,,,,Weekday,January,2025,Rainy,23.8
SESS001087,STN0187,Hyderabad Charge Point,Hyderabad,Telangana,highway,CHG00174,DC Fast,,,SUV,Tata Tiago EV,2021-03-05 14:07:07,05-03-2021 15:32:07,85.0,14.9,4.0,Completed,38.0,,189.23,12.7,UPI,Commercial,Yes,Holiday,March,2021,Sunny,25.7
SESS001900,STN0102,Delhi EV Hub,Delhi,Delhi,Office,CHG00439,,,150.0,3-Wheeler,Kia EV6,2025-12-15 02:42:49,15/12/2025 04:30,108.0,29.77,0.0,completed,39.9,,493.59,16.58,Card,,no,Weekday,December,2025,Rainy,19.5
SESS001310,STN0094,Gurugram EV Hub,Gurugram,Haryana,,CHG00028,DC Fast,GB/T,120.0,,Ola S1 Pro,23/08/2021 13:53,2021-08-23 14:39:57,46.0,11.28,0.0,Cancelled,18.3,150.0,115.17,10.21,Card,Individual,no,Weekday,August,2021,Foggy,36.2
SESS001953,STN0103,Patna Charge Point,Patna,Bihar,Office,CHG00659,DC Ultra Fast,ccs2,60.0,Car,Citroen eC3,2024-01-01 20:48:00,01/01/2024 21:21,33.0,50.49,2.0,Cancelled,18.1,76.8,969.91,19.21,Card,,,Holiday,January,2024,,25.9
SESS001180,STN0226,Bengaluru Power Station,BENGALURU,Karnataka,Highway,CHG00203,DC fast,CCS,30.0,,Ather 450X,07/06/2022 18:09,07-06-2022 18:58:48,49.0,28.18,4.0,completed,105.0,,494.56,17.55,Cash,Individual,Yes,Holiday,June,2022,Humid,35.7
SESS000279,STN0069,bengaluru Charge Point,bengaluru,Karnataka,Hotel,CHG00593,ac,ccs2,3.3,,Ola S1 Pro,2024-08-01 17:54:31,01/08/2024 19:21,87.0,12.56,0.0,Completed,-5.0,-13.0,236.25,18.81,Card,,,Weekday,August,2024,Foggy,
SESS001844,STN0089,Indore Power Station,Indore,Madhya Pradesh,highway,CHG00383,ac,,22.0,,,17-07-2024 19:59:55,17/07/2024 20:00,,4.12,,Completed,-5.0,,67.9,16.48,Cash,Individual,no,Weekday,July,2024,Humid,28.2
SESS000586,STN0144,Indore Power Station,Indore,Madhya Pradesh,Highway,CHG00765,DC Fast,CCS,120.0,2 Wheeler,BYD Atto 3,2024-03-19 07:35:27,19-03-2024 08:28:27,53.0,26.44,,Cancelled,,150.0,410.08,15.51,UPI,Commercial,Yes,Holiday,March,2024,Rainy,46.1
SESS000765,STN0196,Mumbai EV Hub,Mumbai,Maharashtra,Office,CHG00745,DC Fast,CHAdeMO,3.3,3-Wheeler,MG ZS EV,29/09/2025 16:11,29/09/2025 17:33,82.0,27.75,0.0,Failed,-5.0,,244.48,8.81,Card,Commercial,Y,Holiday,September,2025,,54.5
SESS000274,STN0183,Bhopal Power Station,Bhopal,Madhya Pradesh,Hotel,CHG00266,DC fast,CHAdeMO,7.2,,Hyundai Kona,09-09-2024 18:09:34,2024-09-09 18:10:34,1.0,17.31,2.0,Cancelled,,150.0,221.91,12.82,Cash,Individual,N,Weekend,September,2024,Cloudy,24.9
SESS000379,STN0070,Lucknow EV Hub,Lucknow,Uttar Pradesh,Mall,CHG00380,ac,ccs2,60.0,SUV,Kia EV6,15/02/2021 10:56,2021-02-15 11:19:10,23.0,8.4,0.0,COMPLETED,25.7,84.8,177.07,21.08,Card,Individual,yes,Weekday,February,2021,Rainy,
SESS000307,STN0238,Bengaluru EV Hub,Bengaluru,Karnataka,Office,CHG00171,DC Fast,GB/T,30.0,Bus,,16/10/2025 08:51,16/10/2025 09:54,63.0,28.7,,COMPLETED,,150.0,556.21,,Card,Individual,No,Weekend,October,2025,Humid,23.6
SESS001298,STN0047,Gurugram EV Hub,Gurugram,Haryana,,CHG00068,DC fast,Type 2,120.0,3-Wheeler,Ather 450X,17-12-2022 05:23:03,17-12-2022 07:08:03,105.0,41.9,20.0,COMPLETED,-5.0,150.0,385.48,9.2,Card,Fleet,Yes,Weekend,December,2022,Sunny,20.7
SESS000063,STN0001,Bengaluru Fast Charge Center,Bengaluru,Karnataka,Residential,CHG00756,ac,ccs2,3.3,2 Wheeler,,12/11/2022 23:22,12-11-2022 23:54:05,32.0,26.72,,Completed,17.8,150.0,512.76,19.19,upi,Commercial,no,Weekday,November,2022,Humid,34.0
SESS000261,STN0019,Mumbai EV Hub,Mumbai,Maharashtra,highway,CHG00262,AC,CCS,22.0,Car,Ola S1 Pro,18-03-2025 11:13:33,18/03/2025 12:36,83.0,36.8,,Failed,31.0,150.0,740.78,20.13,Wallet,Fleet,No,Weekday,March,2025,Rainy,30.9
SESS001759,STN0085,Noida Charge Point,Noida,Uttar Pradesh,Highway,CHG00036,DC Ultra Fast,CHAdeMO,120.0,3-Wheeler,,2024-04-30 18:59:44,2024-04-30 19:40:44,41.0,0.1,,Cancelled,105.0,65.7,0.91,9.11,upi,Fleet,N,Weekend,April,2024,Sunny,21.3
SESS000503,STN0196,patna Charge Point,patna,Bihar,Office,CHG00298,DC Fast,Type 2,60.0,Car,,05-02-2024 08:37:13,2024-02-05 09:22:13,45.0,30.46,0.0,COMPLETED,,,291.81,9.58,UPI,Commercial,No,Weekend,February,2024,,24.9
SESS001064,STN0017,Chennai Power Station,Chennai,Tamil Nadu,Parking,CHG00791,ac,ccs2,120.0,2 Wheeler,,2021-01-28 06:03:34,2021-01-28 06:36:34,33.0,0.1,0.0,Completed,-5.0,150.0,1.5,15.03,UPI,Individual,no,Weekday,January,2021,Sunny,25.9
SESS001254,STN0067,Patna Charge Point,PATNA,Bihar,Office,CHG00326,AC,,3.3,,MG ZS EV,14-12-2021 11:19:57,14-12-2021 12:10:57,,28.34,11.0,Cancelled,-5.0,64.1,613.84,21.66,App,Fleet,Y,Weekend,December,2021,Rainy,36.9
SESS001136,STN0159,Hyderabad EV Hub,Hyderabad,Telangana,Hotel,CHG00647,DC Ultra Fast,ccs2,3.3,2-Wheeler,Tata Tiago EV,19/08/2021 10:55,19-08-2021 12:13:30,78.0,4.8,15.0,Failed,21.5,150.0,93.55,19.49,UPI,Individual,Y,Holiday,August,2021,,32.3
SESS000820,STN0043,Bhopal Power Station,Bhopal,Madhya Pradesh,Highway,CHG00389,DC fast,GB/T,60.0,,Citroen eC3,2021-11-25 01:53:41,2021-11-25 02:49:41,56.0,17.13,,Completed,,,222.69,13.0,Card,Fleet,Yes,Weekend,November,2021,Humid,21.0
SESS001639,STN0097,Chandigarh Fast Charge Center,Chandigarh,Punjab,Mall,CHG00202,,ccs2,50.0,2 Wheeler,Tata Nexon EV,17/01/2024 12:03,2024-01-17 12:33:35,30.0,45.37,0.0,Cancelled,105.0,,365.23,8.05,,Fleet,No,Weekday,January,2024,,31.6
SESS001329,STN0008,Bhopal Fast Charge Center,Bhopal,Madhya Pradesh,Parking,CHG00005,DC Ultra Fast,CHAdeMO,30.0,3-Wheeler,Ather 450X,15/08/2021 18:37,15-08-2021 19:09:01,32.0,18.01,,Failed,28.2,150.0,335.17,18.61,Card,,No,Holiday,August,2021,Cloudy,23.0
SESS000253,STN0192,Hyderabad Charge Point,Hyderabad,Telangana,Parking,CHG00114,AC,ccs2,150.0,,Mahindra XUV400,05/03/2025 07:23,2025-03-05 07:51:06,28.0,27.81,,Failed,-5.0,150.0,239.72,8.62,,,no,Weekend,March,2025,,36.6
SESS000715,STN0219,Delhi Charge Point,Delhi,Delhi,Highway,CHG00405,,GB/T,,3-Wheeler,,2021-07-05 19:22:22,05-07-2021 20:06:22,44.0,18.16,0.0,Completed,105.0,150.0,177.6,9.78,,Commercial,Yes,Holiday,July,2021,Rainy,
SESS001754,STN0185,Mumbai Charge Point,Mumbai,MAHARASHTRA,Mall,CHG00273,,CCS,30.0,2 Wheeler,Bajaj Chetak,01-09-2022 09:41:49,01-09-2022 10:49:49,68.0,0.1,0.0,COMPLETED,105.0,150.0,2.2,21.96,,Fleet,no,Weekend,September,2022,Rainy,27.4
SESS000215,STN0091,Mumbai Power Station,Mumbai,Maharashtra,,CHG00782,ac,CHAdeMO,150.0,Bus,Kia EV6,25-10-2024 01:50:39,25/10/2024 02:13,23.0,27.15,6.0,COMPLETED,7.4,,,8.8,UPI,Fleet,No,Holiday,October,2024,,25.7
SESS000876,STN0179,Pune EV Hub,PUNE,Maharashtra,Parking,CHG00801,ac,CHAdeMO,150.0,2-Wheeler,MG ZS EV,2021-03-05 11:22:57,2021-03-05 12:44:57,82.0,18.66,17.0,Completed,,,323.75,17.35,upi,Fleet,yes,Weekend,March,2021,,
SESS001671,STN0123,Noida EV Hub,Noida,UTTAR PRADESH,Residential,CHG00354,AC,GB/T,30.0,Bus,Ather 450X,2024-01-13 21:24:51,13-01-2024 21:46:51,22.0,16.07,4.0,COMPLETED,-5.0,150.0,323.17,20.11,App,Fleet,No,Weekday,January,2024,Sunny,35.9
SESS001732,STN0181,kolkata EV Hub,kolkata,West Bengal,Residential,CHG00698,DC Ultra Fast,CHAdeMO,7.2,,TVS iQube,17/09/2024 11:08,17/09/2024 11:52,44.0,9.37,31.0,completed,,90.3,108.79,11.61,,,,Weekend,September,2024,Foggy,29.9
SESS001605,STN0246,Kochi Fast Charge Center,Kochi,Kerala,Mall,CHG00143,ac,CCS,,2 Wheeler,Bajaj Chetak,2024-02-06 01:40:27,2024-02-06 02:31:27,51.0,7.19,,completed,105.0,,61.76,8.59,,,,Weekend,February,2024,Sunny,33.0
SESS000326,STN0091,Jaipur EV Hub,Jaipur,Rajasthan,Residential,CHG00058,DC Ultra Fast,CCS,3.3,Bus,Ola S1 Pro,26/05/2021 01:58,26-05-2021 03:08:30,70.0,10.85,0.0,completed,,,168.83,15.56,,,Y,Weekend,May,2021,Sunny,23.4
SESS001222,STN0031,Gurugram Power Station,Gurugram,Haryana,highway,CHG00322,,CCS,3.3,3-Wheeler,Bajaj Chetak,27-02-2025 13:11:12,27/02/2025 13:21,10.0,43.58,,Failed,,95.5,854.6,19.61,UPI,,,Holiday,February,2025,Cloudy,29.5
SESS001702,STN0012,Chandigarh Charge Point,Chandigarh,Punjab,,CHG00731,AC,CHAdeMO,3.3,Bus,Kia EV6,25/01/2023 23:30,2023-01-26 00:37:00,67.0,,29.0,COMPLETED,105.0,,443.62,16.4,,Individual,no,Weekday,January,2023,Cloudy,39.3
SESS000069,STN0219,Lucknow Power Station,Lucknow,Uttar Pradesh,Residential,CHG00123,,CHAdeMO,22.0,2 Wheeler,BYD Atto 3,15-09-2025 13:00:35,15/09/2025 12:12,-48.0,24.83,0.0,Cancelled,11.7,,241.35,9.72,,Commercial,yes,Holiday,September,2025,Foggy,29.2
SESS000896,STN0156,Gurugram Power Station,Gurugram,Haryana,highway,CHG00417,DC fast,CCS,120.0,Bus,Tata Tiago EV,29-03-2021 03:42:12,29/03/2021 04:33,51.0,29.15,4.0,Completed,22.0,,451.24,,Wallet,Individual,Yes,Weekday,March,2021,Humid,
SESS001043,STN0195,Ahmedabad EV Hub,Ahmedabad,Gujarat,Parking,CHG00280,ac,ccs2,3.3,,BYD Atto 3,2023-10-01 06:47:12,2023-10-01 08:03:12,76.0,1.24,,Failed,,,12.71,10.25,App,Fleet,No,Holiday,October,2023,Rainy,33.7
SESS001212,STN0002,Ahmedabad EV Hub,Ahmedabad,Gujarat,,CHG00599,DC fast,CCS,,2 Wheeler,Hyundai Kona,20-06-2023 13:06:12,20-06-2023 13:47:12,41.0,24.7,2.0,Failed,29.4,,363.34,14.71,upi,Fleet,No,Weekend,June,2023,Rainy,21.0
SESS000397,STN0070,Bhopal Power Station,Bhopal,Madhya Pradesh,Highway,CHG00228,AC,,120.0,SUV,Ather 450X,30-01-2024 18:06:56,30-01-2024 18:42:56,36.0,,0.0,Failed,105.0,99.4,377.05,20.37,upi,,N,Weekend,January,2024,Humid,22.3
SESS001451,STN0173,Noida Fast Charge Center,Noida,Uttar Pradesh,Mall,CHG00755,AC,CHAdeMO,60.0,Bus,Kia EV6,11-10-2021 02:27:14,11-10-2021 04:04:14,97.0,23.0,,COMPLETED,105.0,,227.24,9.88,UPI,Individual,Y,Weekend,October,2021,Humid,35.7
SESS000065,STN0155,Patna EV Hub,patna,Bihar,highway,CHG00419,,GB/T,60.0,Car,Hyundai Kona,2022-10-20 07:40:26,20/10/2022 07:59,19.0,2.96,,Completed,18.4,150.0,51.89,17.53,upi,Commercial,Yes,Holiday,October,2022,,36.2
SESS001355,STN0085,Chennai Power Station,Chennai,Tamil Nadu,Office,CHG00302,DC fast,GB/T,3.3,2 Wheeler,TVS iQube,10/05/2021 15:56,2021-05-10 16:45:55,49.0,28.88,0.0,Failed,35.6,77.4,564.89,19.56,UPI,Individual,Yes,Holiday,May,2021,Rainy,29.5
SESS000855,STN0117,Hyderabad Charge Point,Hyderabad,Telangana,Parking,CHG00029,,,3.3,,Mahindra XUV400,19-08-2024 13:43:06,19-08-2024 14:47:06,64.0,27.76,,Cancelled,24.8,22.8,360.6,12.99,upi,Individual,No,Holiday,August,2024,Sunny,
SESS001140,STN0200,Jaipur EV Hub,  Jaipur ,RAJASTHAN,Office,CHG00679,ac,ccs2,,SUV,BYD Atto 3,2023-10-27 07:40:48,27/10/2023 08:43,63.0,7.79,,COMPLETED,15.2,,121.76,15.63,UPI,Fleet,No,Holiday,October,2023,Sunny,42.6
SESS001535,STN0244,Chandigarh Fast Charge Center,Chandigarh,Punjab,Residential,CHG00002,ac,,120.0,Bus,TVS iQube,2025-10-07 16:17:06,07-10-2025 16:39:06,22.0,28.03,3.0,Completed,105.0,150.0,589.19,21.02,Card,Individual,No,Holiday,October,2025,,35.2
SESS000364,STN0098,KOLKATA POWER STATION,Kolkata,West Bengal,Highway,CHG00621,ac,GB/T,50.0,,,01/01/2023 15:20,2023-01-01 15:46:23,26.0,14.76,0.0,Completed,-5.0,96.1,245.31,16.62,UPI,Fleet,yes,Weekend,January,2023,Cloudy,30.8
SESS001338,STN0207,Bengaluru EV Hub,Bengaluru,  Karnataka ,Office,CHG00046,,ccs2,120.0,2 Wheeler,,2023-08-01 00:29:31,01-08-2023 00:30:31,1.0,24.34,0.0,Failed,,,378.24,15.54,upi,Individual,N,Weekday,August,2023,Rainy,24.6
SESS000129,STN0058,Kolkata Fast Charge Center,Kolkata,West Bengal,Mall,CHG00015,ac,,120.0,2 Wheeler,Hyundai Kona,29/11/2023 10:11,29/11/2023 11:35,84.0,3.68,0.0,Failed,-5.0,77.7,48.91,13.29,App,,Yes,Weekend,November,2023,Foggy,30.7
SESS000761,STN0164,Kochi Fast Charge Center,Kochi,Kerala,Hotel,CHG00010,ac,CCS,30.0,2 Wheeler,,08/05/2025 03:39,2025-05-08 04:20:46,41.0,4.77,3.0,Failed,23.9,150.0,75.56,15.84,Card,Individual,,Weekend,May,2025,,31.6
SESS000441,STN0223,kolkata Fast Charge Center,kolkata,West Bengal,Parking,CHG00213,DC Ultra Fast,,7.2,3-Wheeler,,22-04-2025 09:36:42,22-04-2025 10:04:42,28.0,0.1,,COMPLETED,13.7,66.1,1.75,17.5,Wallet,Commercial,,Weekend,April,2025,Cloudy,
SESS001219,STN0130,Delhi Fast Charge Center,Delhi,Delhi,Office,CHG00891,,,30.0,Bus,Ola S1 Pro,30-07-2021 03:34:54,30-07-2021 04:11:54,37.0,47.56,11.0,Completed,,76.5,585.46,12.31,UPI,Individual,,Weekend,July,2021,Sunny,10.5
SESS001975,STN0154,Gurugram Charge Point,Gurugram,Haryana,Parking,CHG00405,DC Ultra Fast,Type 2,30.0,Car,Citroen eC3,2022-01-10 16:47:08,10-01-2022 17:08:08,21.0,0.1,0.0,completed,105.0,,1.26,12.55,,Fleet,yes,Weekday,January,2022,Rainy,25.7
SESS001942,STN0038,GURUGRAM EV HUB,Gurugram,Haryana,Residential,CHG00218,AC,GB/T,60.0,,Tata Tiago EV,2024-10-05 17:54:20,05/10/2024 19:16,82.0,36.69,,Completed,,76.3,493.11,,Cash,Fleet,,Weekend,October,2024,Foggy,21.9
SESS001044,STN0065,Gurugram Charge Point,Gurugram,Haryana,Hotel,CHG00731,AC,ccs2,22.0,2-Wheeler,Kia EV6,07-05-2021 07:16:33,2021-05-07 07:27:33,11.0,30.81,,Completed,36.2,150.0,335.83,10.9,Wallet,Fleet,,Holiday,May,2021,,34.9
SESS001249,STN0037,Chennai Charge Point,Chennai,Tamil Nadu,highway,CHG00170,,,120.0,Bus,Mahindra XUV400,2024-03-08 16:56:25,08/03/2024 17:00,4.0,0.1,0.0,completed,27.0,74.1,1.31,13.05,Wallet,Commercial,Y,Weekend,March,2024,Cloudy,22.2
SESS001764,STN0196,Ahmedabad EV Hub,Ahmedabad,Gujarat,Mall,CHG00361,DC Ultra Fast,CHAdeMO,,SUV,TVS iQube,17/05/2021 04:29,2021-05-17 05:10:24,41.0,38.61,30.0,Completed,105.0,72.4,765.25,19.82,Card,Individual,no,Holiday,May,2021,,40.2
SESS000564,STN0158,Gurugram Fast Charge Center,Gurugram,Haryana,Hotel,CHG00101,ac,CCS,3.3,Bus,MG ZS EV,2025-05-14 18:05:44,14/05/2025 18:06,1.0,2.63,,Failed,,,36.79,13.99,UPI,Commercial,Yes,Weekend,May,2025,Rainy,51.3
SESS000703,STN0126,Lucknow EV Hub,Lucknow,Uttar Pradesh,highway,CHG00252,DC fast,GB/T,60.0,2-Wheeler,Kia EV6,2024-04-15 19:16:36,15-04-2024 20:16:36,60.0,22.55,11.0,COMPLETED,-5.0,,336.45,14.92,App,Commercial,yes,Weekend,April,2024,Sunny,23.9
SESS000243,STN0103,Kochi EV Hub,Kochi,Kerala,highway,CHG00153,DC fast,,7.2,3-Wheeler,,20-12-2021 17:47:51,2021-12-20 18:58:51,71.0,10.73,0.0,Failed,-5.0,74.7,210.31,19.6,,Individual,Y,Weekday,December,2021,Sunny,24.0
SESS001100,STN0034,Jaipur Charge Point,Jaipur,Rajasthan,Hotel,CHG00370,DC Fast,,,Bus,Citroen eC3,23-11-2023 23:44:58,2023-11-24 00:07:58,23.0,24.82,,Cancelled,-5.0,,402.08,16.2,App,Commercial,No,Holiday,November,2023,Foggy,16.1
SESS000830,STN0138,Jaipur Fast Charge Center,Jaipur,Rajasthan,highway,CHG00143,,GB/T,7.2,Bus,Mahindra XUV400,27-03-2024 11:01:55,,114.0,9.52,,Failed,105.0,150.0,141.85,14.9,App,,No,Holiday,March,2024,,34.1
SESS001550,STN0249,Chandigarh Charge Point,Chandigarh,Punjab,Office,CHG00071,,ccs2,30.0,Car,Bajaj Chetak,23/05/2024 12:08,23/05/2024 13:22,,27.63,2.0,Failed,105.0,,486.29,,Card,Commercial,N,Weekday,May,2024,Cloudy,
SESS001854,STN0031,  Kolkata Power Station ,Kolkata,West Bengal,Highway,CHG00233,DC Ultra Fast,ccs2,22.0,Car,Hyundai Kona,17-06-2022 10:49:03,17/06/2022 11:06,17.0,28.09,0.0,Completed,105.0,91.7,341.86,12.17,,,No,Weekday,June,2022,Foggy,34.9
SESS000360,STN0051,Indore Fast Charge Center,indore,Madhya Pradesh,highway,CHG00285,DC fast,,3.3,3-Wheeler,MG ZS EV,2024-08-08 16:50:07,08-08-2024 17:34:07,44.0,7.5,0.0,completed,105.0,150.0,131.78,17.57,upi,,,Weekday,August,2024,Cloudy,35.6
SESS001248,STN0085,Delhi Charge Point,Delhi,Delhi,Residential,CHG00634,,Type 2,120.0,Bus,BYD Atto 3,26-11-2025 06:31:23,26/11/2025 06:32,1.0,23.51,0.0,Completed,,,438.7,,App,Individual,Y,Holiday,November,2025,Rainy,30.2
SESS000370,STN0047,  Chandigarh Power Station ,Chandigarh,Punjab,Mall,CHG00559,DC Ultra Fast,,30.0,,,27/11/2022 22:41,2022-11-27 23:18:36,37.0,33.17,2.0,COMPLETED,,150.0,614.97,18.54,Cash,,Y,Weekend,November,2022,Cloudy,20.2
SESS001660,STN0045,Surat Fast Charge Center,Surat,Gujarat,Parking,CHG00691,DC fast,Type 2,30.0,SUV,TVS iQube,2022-03-05 09:44:04,2022-03-05 10:20:04,36.0,20.93,,Completed,,150.0,402.07,19.21,App,,N,Weekend,March,2022,Humid,27.6
SESS001902,STN0129,Mumbai Fast Charge Center,Mumbai,Maharashtra,Parking,CHG00464,DC fast,,,,Bajaj Chetak,07-12-2021 19:04:05,,29.0,6.45,,Cancelled,,150.0,115.84,17.96,Wallet,,Yes,Weekday,December,2021,Cloudy,37.5
SESS000795,STN0001,Indore Charge Point,Indore,Madhya Pradesh,Residential,CHG00556,DC Ultra Fast,CCS,,2-Wheeler,Ola S1 Pro,2025-06-06 21:16:01,2025-06-06 22:09:01,53.0,12.28,4.0,Cancelled,16.2,80.7,228.65,18.62,UPI,,no,Holiday,June,2025,Rainy,31.0
SESS001031,STN0011,Bengaluru Charge Point,Bengaluru,KARNATAKA,Mall,CHG00073,DC fast,,50.0,3-Wheeler,Tata Nexon EV,26/07/2021 04:51,2021-07-26 05:45:55,54.0,30.36,,Failed,33.9,,377.98,12.45,upi,Fleet,No,Weekday,July,2021,Rainy,25.8
SESS001392,STN0182,Pune Power Station,Pune,Maharashtra,,CHG00033,ac,,60.0,,,01-08-2023 01:22:00,01-08-2023 03:05:00,103.0,20.97,4.0,Failed,14.1,,250.17,11.93,App,,,Weekend,August,2023,Humid,30.6
SESS001273,STN0054,Pune Charge Point,Pune,Maharashtra,Office,CHG00669,,GB/T,,2-Wheeler,,23-10-2024 22:05:33,2024-10-23 22:41:33,,24.12,16.0,completed,-5.0,67.1,405.22,16.8,App,,N,Weekend,October,2024,Cloudy,22.0
SESS001533,STN0101,Surat Charge Point,surat,Gujarat,Mall,CHG00165,ac,ccs2,30.0,3-Wheeler,Tata Nexon EV,15-12-2023 05:49:17,2023-12-15 06:31:17,42.0,26.94,,COMPLETED,-5.0,77.3,498.93,18.52,Card,Fleet,no,Weekday,December,2023,Foggy,54.9
SESS001918,STN0004,Ahmedabad Power Station,Ahmedabad,Gujarat,Residential,CHG00629,DC Ultra Fast,Type 2,150.0,SUV,TVS iQube,2021-01-16 07:14:47,16-01-2021 08:17:47,63.0,1.32,18.0,completed,-5.0,150.0,12.83,9.72,Card,Individual,no,Weekday,January,2021,Rainy,
SESS001877,STN0179,Pune Fast Charge Center,Pune,Maharashtra,Mall,CHG00782,DC fast,CCS,30.0,3-Wheeler,Kia EV6,19-08-2025 10:49:50,19/08/2025 12:11,82.0,0.1,0.0,completed,-5.0,,1.07,10.74,,Individual,Y,Weekday,August,2025,Sunny,28.7
SESS000537,STN0030,Patna EV Hub,PATNA,Bihar,highway,CHG00640,AC,CHAdeMO,150.0,3-Wheeler,,2025-12-23 15:38:11,23-12-2025 16:49:11,71.0,13.54,15.0,Cancelled,,150.0,117.39,8.67,Wallet,Fleet,N,Weekday,December,2025,Sunny,27.4
SESS001008,STN0019,Indore Charge Point,Indore,Madhya Pradesh,Parking,CHG00188,ac,ccs2,3.3,Bus,Mahindra XUV400,2022-08-08 18:26:09,08/08/2022 19:52,86.0,15.03,4.0,Cancelled,,,191.33,12.73,Card,Fleet,N,Holiday,August,2022,,27.4
SESS001694,STN0231,Patna EV Hub,patna,Bihar,Residential,CHG00442,,CCS,,2-Wheeler,,2021-08-19 21:14:37,2021-08-19 21:57:37,43.0,45.34,16.0,Failed,105.0,150.0,398.54,8.79,Cash,Commercial,no,Holiday,August,2021,Rainy,23.5
SESS001676,STN0148,Delhi Power Station,Delhi,Delhi,Highway,CHG00396,AC,CHAdeMO,3.3,3-Wheeler,Ather 450X,26-09-2022 02:00:05,26-09-2022 02:13:05,13.0,2.17,,Cancelled,,150.0,31.07,14.32,Card,Fleet,No,Holiday,September,2022,Humid,26.7
SESS000319,STN0177,Noida EV Hub,Noida,Uttar Pradesh,Office,CHG00878,,Type 2,22.0,Bus,Ather 450X,03/06/2022 22:28,03/06/2022 23:53,85.0,37.8,0.0,Completed,105.0,150.0,,8.93,Wallet,Fleet,Yes,Weekday,June,2022,Sunny,29.7
SESS001576,STN0040,Indore Charge Point,Indore,Madhya Pradesh,,CHG00695,,CHAdeMO,7.2,2-Wheeler,TVS iQube,2024-04-06 14:16:54,,56.0,12.21,0.0,COMPLETED,105.0,98.9,174.24,14.27,Wallet,,yes,Weekend,April,2024,Sunny,27.6
SESS000973,STN0059,Kolkata Power Station,Kolkata,West Bengal,Residential,CHG00312,ac,GB/T,7.2,,Mahindra XUV400,13/06/2021 09:56,13-06-2021 10:59:51,63.0,1.41,0.0,Cancelled,,150.0,14.83,10.52,upi,Individual,yes,Weekend,June,2021,,27.5
SESS000057,STN0216,Ahmedabad Charge Point,Ahmedabad,Gujarat,Highway,CHG00074,DC fast,,,2 Wheeler,Hyundai Kona,29-07-2022 19:59:52,,27.0,31.64,7.0,COMPLETED,-5.0,-7.0,496.12,15.68,UPI,Commercial,No,Holiday,July,2022,Humid,
SESS001408,STN0164,Delhi Fast Charge Center,Delhi,Delhi,Residential,CHG00312,AC,Type 2,7.2,2-Wheeler,Bajaj Chetak,21-10-2025 16:20:13,2025-10-21 16:35:13,15.0,7.06,23.0,Failed,105.0,,130.61,18.5,UPI,Fleet,Yes,Weekday,October,2025,Cloudy,31.1
SESS000358,STN0228,Surat Fast Charge Center,Surat,Gujarat,Hotel,CHG00791,DC Ultra Fast,CHAdeMO,150.0,Bus,TVS iQube,15-08-2022 14:18:34,15/08/2022 15:13,55.0,21.49,0.0,Cancelled,34.1,77.9,283.24,13.18,UPI,,N,Weekday,August,2022,Humid,26.1
SESS000511,STN0204,Delhi Power Station,Delhi,Delhi,Residential,CHG00393,ac,Type 2,7.2,SUV,,13-01-2021 23:37:30,14-01-2021 00:08:30,31.0,35.27,0.0,COMPLETED,5.8,,500.48,14.19,App,Fleet,No,Weekday,January,2021,Humid,28.2
SESS001527,STN0179,Patna Fast Charge Center,Patna,Bihar,Residential,CHG00623,DC Ultra Fast,CCS,120.0,3-Wheeler,Ola S1 Pro,2021-09-28 18:55:20,2021-09-28 19:11:20,16.0,7.92,,Cancelled,-5.0,83.4,114.13,14.41,Wallet,,yes,Weekend,September,2021,Cloudy,27.8
SESS001195,STN0011,Patna Fast Charge Center,Patna,BIHAR,Highway,CHG00424,DC Fast,Type 2,7.2,2-Wheeler,Hyundai Kona,12/01/2022 10:19,12-01-2022 11:10:48,,28.68,1.0,COMPLETED,-5.0,92.0,427.33,14.9,UPI,Commercial,yes,Holiday,January,2022,Foggy,40.9
SESS001879,STN0201,Surat Fast Charge Center,Surat,Gujarat,highway,CHG00345,AC,CCS,,2 Wheeler,Tata Tiago EV,14/08/2025 10:22,14-08-2025 10:46:09,24.0,24.62,0.0,COMPLETED,-5.0,76.1,360.44,14.64,Card,,N,Weekday,August,2025,Foggy,
SESS001250,STN0240,Chennai EV Hub,chennai,Tamil Nadu,Residential,CHG00536,DC Ultra Fast,CCS,50.0,3-Wheeler,Ola S1 Pro,2021-03-02 10:23:08,02/03/2021 11:12,49.0,25.82,19.0,Failed,7.5,86.3,256.91,9.95,UPI,Fleet,N,Weekend,March,2021,Humid,34.7
SESS001211,STN0216,Pune Power Station,Pune,Maharashtra,Parking,CHG00409,ac,,150.0,2 Wheeler,Mahindra XUV400,08/09/2024 00:23,08-09-2024 01:06:13,43.0,,0.0,Completed,,,183.62,18.02,upi,Individual,,Weekday,September,2024,Foggy,23.3
SESS000011,STN0163,Pune Charge Point,Pune,Maharashtra,Highway,CHG00022,ac,Type 2,60.0,Bus,,26/01/2025 14:48,2025-01-26 15:03:15,15.0,16.68,0.0,COMPLETED,33.7,,184.15,11.04,Cash,Fleet,Y,Holiday,January,2025,Sunny,38.1
SESS001790,STN0201,Kochi Power Station,kochi,Kerala,Office,CHG00322,ac,Type 2,,3-Wheeler,BYD Atto 3,02-04-2025 05:29:05,2025-04-02 06:08:05,39.0,0.1,,COMPLETED,-5.0,74.2,1.58,,Wallet,Fleet,Yes,Weekday,April,2025,Cloudy,37.6
SESS000183,STN0190,bengaluru Charge Point,bengaluru,Karnataka,highway,CHG00898,AC,Type 2,,2 Wheeler,Tata Tiago EV,04-08-2024 18:08:33,04/08/2024 19:18,,3.58,8.0,COMPLETED,,150.0,77.15,21.55,Cash,Individual,,Weekend,August,2024,Sunny,17.2
SESS001817,STN0249,Delhi Charge Point,Delhi,DELHI,,CHG00747,ac,Type 2,,Car,Tata Nexon EV,2023-10-16 05:51:48,16-10-2023 05:52:48,1.0,9.05,0.0,completed,-5.0,,101.81,11.25,Wallet,Fleet,yes,Weekday,October,2023,,41.0
SESS000628,STN0072,Delhi Power Station,Delhi,Delhi,Residential,CHG00580,DC fast,Type 2,,Car,BYD Atto 3,17/04/2023 21:40,17-04-2023 22:16:54,36.0,13.56,0.0,Completed,-5.0,,164.89,12.16,Card,Commercial,no,Holiday,April,2023,Sunny,30.2
SESS001041,STN0075,Indore EV Hub,Indore,Madhya Pradesh,Hotel,CHG00741,,GB/T,60.0,2 Wheeler,,29-10-2023 00:47:26,29/10/2023 01:35,48.0,31.84,0.0,Failed,105.0,,649.85,20.41,UPI,Commercial,,Holiday,October,2023,Rainy,
SESS001214,STN0003,Bengaluru Charge Point,Bengaluru,KARNATAKA,,CHG00076,,CHAdeMO,50.0,3-Wheeler,Kia EV6,29/08/2021 06:14,29-08-2021 07:07:12,53.0,30.5,20.0,Cancelled,,,337.33,11.06,Cash,Fleet,yes,Holiday,August,2021,Rainy,33.0
SESS001141,STN0048,Pune EV Hub,Pune,Maharashtra,Highway,CHG00217,ac,ccs2,,SUV,MG ZS EV,15/07/2021 08:35,15-07-2021 09:05:07,30.0,11.22,37.0,completed,105.0,150.0,245.94,21.92,Wallet,Commercial,No,Weekday,July,2021,Humid,30.7
SESS000947,STN0027,hyderabad Fast Charge Center,hyderabad,Telangana,Hotel,CHG00671,DC fast,CHAdeMO,3.3,Bus,MG ZS EV,2021-03-22 22:33:46,22/03/2021 23:38,65.0,15.07,,Completed,39.6,150.0,245.19,16.27,upi,,No,Weekday,March,2021,Cloudy,34.7
SESS000138,STN0108,Patna Power Station,Patna,BIHAR,Office,CHG00013,ac,CCS,60.0,Bus,,03/03/2022 12:28,03-03-2022 13:13:30,45.0,31.63,0.0,Failed,-5.0,80.3,462.75,14.63,,Fleet,No,Weekday,March,2022,Cloudy,28.1
SESS000866,STN0004,noida Charge Point,noida,Uttar Pradesh,highway,CHG00073,ac,,60.0,3-Wheeler,Ola S1 Pro,07/11/2025 12:31,2025-11-07 13:58:59,87.0,26.07,1.0,Completed,105.0,,467.44,,Cash,Commercial,no,Weekend,November,2025,Humid,26.2
SESS000908,STN0072,Noida Charge Point,Noida,Uttar Pradesh,Parking,CHG00055,,Type 2,7.2,,,01/06/2022 05:37,2022-06-01 06:10:54,33.0,6.86,,Failed,,98.1,116.89,17.04,upi,Individual,N,Weekend,June,2022,,29.0
SESS001494,STN0120,Kolkata Fast Charge Center,Kolkata,West Bengal,Parking,CHG00436,ac,ccs2,60.0,3-Wheeler,Mahindra XUV400,16/11/2022 21:54,16/11/2022 22:02,8.0,27.02,0.0,Completed,34.3,150.0,477.44,17.67,upi,Individual,Y,Weekend,November,2022,Rainy,18.3
SESS001707,STN0147,Chandigarh Charge Point,Chandigarh,  Punjab ,Office,CHG00666,,,120.0,2 Wheeler,Tata Tiago EV,2021-07-12 12:07:17,12-07-2021 12:57:17,50.0,18.29,0.0,Failed,105.0,150.0,172.66,9.44,upi,Commercial,No,Holiday,July,2021,Cloudy,22.4
SESS000701,STN0207,Jaipur Charge Point,Jaipur,Rajasthan,Mall,CHG00263,,CHAdeMO,50.0,Car,Hyundai Kona,06/11/2024 00:34,2024-11-06 01:40:23,66.0,,0.0,completed,105.0,95.7,435.84,13.3,upi,Commercial,Yes,Weekday,November,2024,Foggy,27.3
SESS000718,STN0206,Bengaluru Power Station,BENGALURU,Karnataka,highway,CHG00856,ac,ccs2,30.0,SUV,Citroen eC3,2022-11-21 05:13:04,21-11-2022 05:17:04,4.0,5.93,9.0,COMPLETED,-5.0,,91.2,15.38,Cash,,Y,Holiday,November,2022,Humid,30.7
SESS001713,STN0143,Lucknow Charge Point,Lucknow,Uttar Pradesh,,CHG00562,DC fast,,3.3,2-Wheeler,Bajaj Chetak,02-03-2023 20:20:04,2023-03-02 21:21:04,61.0,23.69,0.0,COMPLETED,,,393.49,16.61,App,Fleet,no,Weekday,March,2023,Humid,48.2
SESS001073,STN0113,Kolkata Charge Point,Kolkata,West Bengal,Parking,CHG00881,DC fast,CHAdeMO,50.0,2-Wheeler,MG ZS EV,20-03-2021 02:58:07,20-03-2021 03:50:07,52.0,,0.0,COMPLETED,-5.0,87.9,339.23,13.21,App,Commercial,,Holiday,March,2021,Humid,29.6
SESS001941,STN0092,Kolkata EV Hub,Kolkata,West Bengal,Mall,CHG00071,AC,ccs2,,,Tata Tiago EV,2022-12-06 13:43:20,06-12-2022 13:44:20,1.0,12.42,,completed,,150.0,161.96,13.04,,Commercial,no,Weekday,December,2022,Sunny,29.1
SESS000126,STN0058,Chennai Charge Point,Chennai,tamil nadu,Parking,CHG00009,,GB/T,30.0,2 Wheeler,BYD Atto 3,24/08/2025 00:13,2025-08-24 01:02:20,49.0,,,Failed,-5.0,,466.47,14.55,App,Commercial,Y,Weekday,August,2025,Humid,32.5
SESS000870,STN0193,Pune Fast Charge Center,Pune,Maharashtra,Office,CHG00341,,GB/T,50.0,,MG ZS EV,18/05/2025 10:31,2025-05-18 10:46:53,15.0,31.19,,Completed,-5.0,150.0,371.16,11.9,App,Individual,Y,Holiday,May,2025,Humid,19.9
SESS000879,STN0115,Patna Fast Charge Center,Patna,BIHAR,Office,CHG00464,DC fast,CHAdeMO,150.0,2 Wheeler,Bajaj Chetak,09/12/2023 10:28,09-12-2023 10:57:01,29.0,26.05,,Completed,-5.0,60.8,459.26,17.63,,Commercial,Yes,Holiday,December,2023,Cloudy,22.9
SESS001071,STN0206,Bhopal Charge Point,Bhopal,Madhya Pradesh,Hotel,CHG00688,DC fast,ccs2,22.0,3-Wheeler,,03/09/2024 11:56,2024-09-03 12:58:40,62.0,36.56,14.0,Failed,105.0,74.7,795.55,21.76,,Individual,Y,Weekend,September,2024,Foggy,26.3
SESS000257,STN0003,Indore Power Station,Indore,Madhya Pradesh,Parking,CHG00340,,Type 2,60.0,SUV,Ather 450X,04-11-2025 21:48:24,04-11-2025 23:12:24,84.0,18.63,,Failed,-5.0,-6.0,345.96,18.57,App,Individual,yes,Weekend,November,2025,Foggy,25.9
SESS001580,STN0157,Mumbai Fast Charge Center,Mumbai,Maharashtra,Office,CHG00863,AC,Type 2,30.0,3-Wheeler,Kia EV6,30/03/2024 21:53,30/03/2024 22:41,48.0,18.34,,Cancelled,32.1,150.0,148.37,8.09,upi,,No,Holiday,March,2024,Rainy,35.3
SESS000840,STN0230,  Ahmedabad Power Station ,Ahmedabad,Gujarat,highway,CHG00510,DC Fast,GB/T,120.0,3-Wheeler,Ather 450X,2021-12-20 20:00:21,,32.0,4.37,0.0,Failed,105.0,150.0,76.56,17.52,Card,Fleet,no,Holiday,December,2021,Rainy,25.2
SESS001572,STN0164,Ahmedabad Charge Point,Ahmedabad,Gujarat,Residential,CHG00213,DC Ultra Fast,CCS,,3-Wheeler,,2025-05-13 11:15:15,13/05/2025 11:44,29.0,26.57,0.0,COMPLETED,105.0,150.0,525.29,19.77,Cash,Fleet,no,Holiday,May,2025,Sunny,32.0
SESS000092,STN0095,Mumbai Charge Point,Mumbai,MAHARASHTRA,Hotel,CHG00824,DC Fast,,7.2,Bus,,12/11/2022 21:21,12/11/2022 22:00,39.0,47.76,1.0,completed,-5.0,150.0,744.1,15.58,upi,Individual,N,Weekday,November,2022,Foggy,22.4
SESS001987,STN0236,Hyderabad Fast Charge Center,Hyderabad,Telangana,Mall,CHG00877,DC fast,CCS,50.0,2-Wheeler,Kia EV6,2023-04-30 00:24:52,30-04-2023 00:33:52,9.0,7.61,17.0,Cancelled,105.0,65.9,79.75,10.48,Cash,Fleet,,Weekend,April,2023,Foggy,27.7
SESS000017,STN0095,Noida Fast Charge Center,Noida,Uttar Pradesh,,CHG00672,ac,ccs2,50.0,2 Wheeler,BYD Atto 3,30/06/2023 09:22,2023-06-30 10:15:34,53.0,15.57,0.0,Cancelled,10.3,,297.39,19.1,Card,Individual,yes,Weekend,June,2023,Foggy,39.4
SESS001509,STN0020,Kochi Fast Charge Center,Kochi,Kerala,Parking,CHG00427,,,120.0,Car,,16/08/2024 06:14,16/08/2024 04:52,-82.0,25.3,12.0,Cancelled,27.7,78.3,428.58,16.94,,,Y,Weekday,August,2024,Humid,38.0
SESS001430,STN0073,Hyderabad Power Station,Hyderabad,Telangana,Office,CHG00809,DC Ultra Fast,CHAdeMO,30.0,2 Wheeler,Citroen eC3,2025-09-06 05:32:48,2025-09-06 06:29:48,57.0,21.71,6.0,Completed,21.6,77.0,293.52,13.52,UPI,Individual,no,Weekday,September,2025,Sunny,23.1
SESS001607,STN0238,Lucknow EV Hub,Lucknow,Uttar Pradesh,highway,CHG00612,AC,CHAdeMO,7.2,3-Wheeler,Tata Nexon EV,2023-01-08 13:26:58,08-01-2023 14:27:58,61.0,4.56,,Cancelled,105.0,,95.35,20.91,Card,Commercial,no,Holiday,January,2023,,24.5
SESS001072,STN0005,Gurugram EV Hub,Gurugram,Haryana,Mall,CHG00822,DC Fast,CCS,50.0,Bus,BYD Atto 3,05-08-2025 08:29:31,2025-08-05 09:01:31,32.0,31.81,9.0,Cancelled,,68.2,659.74,20.74,,Fleet,Y,Weekday,August,2025,,20.1
SESS000158,STN0246,kolkata Charge Point,kolkata,West Bengal,Hotel,CHG00215,AC,CHAdeMO,22.0,,Bajaj Chetak,2021-03-17 04:01:50,2021-03-17 05:04:50,63.0,40.51,16.0,Completed,105.0,,428.6,10.58,,Commercial,Y,Weekday,March,2021,Foggy,19.7
SESS001689,STN0172,Bhopal EV Hub,Bhopal,Madhya Pradesh,Mall,CHG00058,,CCS,120.0,Car,Citroen eC3,2025-10-19 17:59:15,2025-10-19 18:34:15,35.0,8.24,13.0,Completed,30.9,150.0,109.26,13.26,UPI,Individual,Yes,Weekend,October,2025,Foggy,27.4
SESS001375,STN0066,Jaipur EV Hub,Jaipur,Rajasthan,Highway,CHG00717,DC Ultra Fast,,150.0,3-Wheeler,Kia EV6,04-04-2024 11:42:04,,45.0,32.04,11.0,Cancelled,-5.0,150.0,700.71,21.87,upi,Individual,Y,Weekday,April,2024,Rainy,27.8
SESS001816,STN0244,Jaipur Fast Charge Center,  Jaipur ,Rajasthan,Parking,CHG00348,AC,CCS,50.0,,MG ZS EV,2021-10-30 08:41:40,30-10-2021 09:32:40,51.0,-41.03,,completed,-5.0,150.0,188.77,10.55,Cash,Individual,Yes,Weekend,October,2021,Cloudy,29.4
SESS000884,STN0198,Surat Charge Point,Surat,Gujarat,,CHG00756,,CCS,,2-Wheeler,,02/06/2024 19:36,02/06/2024 20:32,56.0,10.6,0.0,completed,-5.0,98.5,96.57,9.11,Wallet,Fleet,Y,Holiday,June,2024,Humid,29.9
SESS000991,STN0105,Indore EV Hub,Indore,Madhya Pradesh,Office,CHG00466,ac,GB/T,22.0,,,18/08/2023 05:54,18-08-2023 06:31:00,37.0,26.63,,Cancelled,-5.0,98.5,217.83,8.18,UPI,Individual,yes,Holiday,August,2023,Humid,27.8
SESS000972,STN0161,Bengaluru Fast Charge Center,Bengaluru,Karnataka,Highway,CHG00833,,Type 2,7.2,3-Wheeler,Bajaj Chetak,2022-01-02 21:19:53,2022-01-02 21:59:53,40.0,36.72,,COMPLETED,-5.0,150.0,504.9,13.75,Cash,Commercial,no,Weekend,January,2022,Humid,28.0
SESS000659,STN0035,Surat Power Station,Surat,Gujarat,Parking,CHG00738,DC Fast,CHAdeMO,60.0,2-Wheeler,Citroen eC3,27/09/2024 04:07,2024-09-27 04:19:12,12.0,8.31,0.0,Failed,,150.0,156.31,18.81,UPI,Individual,N,Weekday,September,2024,Cloudy,30.2
SESS000383,STN0113,Indore EV Hub,Indore,  Madhya Pradesh ,Hotel,CHG00253,DC Fast,Type 2,22.0,2 Wheeler,Ather 450X,2025-03-16 17:52:45,,50.0,13.25,11.0,Failed,105.0,78.4,122.3,9.23,upi,Commercial,no,Weekday,March,2025,,13.9
SESS001243,STN0190,Bhopal Fast Charge Center,Bhopal,Madhya Pradesh,,CHG00169,ac,ccs2,30.0,SUV,TVS iQube,05/09/2022 07:00,05-09-2022 07:39:01,39.0,18.1,0.0,Cancelled,28.7,80.9,369.42,20.41,upi,Individual,,Weekday,September,2022,Foggy,39.8
SESS001924,STN0088,Lucknow EV Hub,Lucknow,UTTAR PRADESH,Parking,CHG00074,DC Ultra Fast,CCS,3.3,2 Wheeler,Kia EV6,02-03-2024 17:59:23,02/03/2024 18:31,32.0,19.4,,Completed,,98.4,333.1,,Cash,Individual,No,Weekday,March,2024,,34.6
SESS001821,STN0079,delhi EV Hub,delhi,Delhi,Highway,CHG00154,,CHAdeMO,7.2,3-Wheeler,MG ZS EV,27-02-2024 10:48:37,2024-02-27 11:26:37,38.0,,0.0,COMPLETED,-5.0,67.1,212.19,,App,Individual,Y,Weekend,February,2024,Foggy,31.2
SESS000091,STN0008,Noida Fast Charge Center,Noida,Uttar Pradesh,,CHG00313,,CHAdeMO,22.0,3-Wheeler,,2022-03-29 05:57:29,2022-03-29 06:47:29,50.0,16.24,0.0,Cancelled,,,328.86,20.25,upi,Individual,N,Weekday,March,2022,Cloudy,31.6
SESS000675,STN0189,CHENNAI FAST CHARGE CENTER,Chennai,Tamil Nadu,highway,CHG00813,DC fast,,,3-Wheeler,Mahindra XUV400,10/07/2024 15:50,10-07-2024 16:15:52,25.0,13.99,8.0,Failed,37.4,150.0,212.37,15.18,upi,Commercial,yes,Weekday,July,2024,Foggy,21.5
SESS000430,STN0166,Chandigarh Fast Charge Center,Chandigarh,Punjab,highway,CHG00175,ac,CHAdeMO,50.0,Car,BYD Atto 3,12/02/2021 00:27,2021-02-12 00:48:23,21.0,18.2,,COMPLETED,-5.0,150.0,376.19,20.67,Wallet,Commercial,Y,Weekend,February,2021,Humid,28.8
SESS000103,STN0208,  Kolkata Charge Point ,Kolkata,West Bengal,highway,CHG00851,,Type 2,,,BYD Atto 3,08/02/2023 01:52,2023-02-08 01:59:56,7.0,0.1,,completed,-5.0,67.5,1.2,11.99,Cash,Individual,Y,Holiday,February,2023,,32.8
SESS001079,STN0040,Ahmedabad Power Station,AHMEDABAD,Gujarat,Highway,CHG00102,ac,ccs2,22.0,Bus,Bajaj Chetak,19-06-2022 23:44:39,20/06/2022 01:19,95.0,17.95,0.0,completed,,150.0,201.76,11.24,,Individual,no,Weekend,June,2022,Foggy,49.2
SESS001688,STN0230,Noida Charge Point,noida,Uttar Pradesh,Parking,CHG00467,ac,CHAdeMO,3.3,Car,MG ZS EV,02/01/2023 11:31,2023-01-02 12:30:46,59.0,30.95,0.0,Failed,105.0,95.0,363.97,11.76,upi,Individual,no,Weekday,January,2023,Rainy,35.3
SESS000458,STN0201,Hyderabad EV Hub,Hyderabad,Telangana,Residential,CHG00071,,CHAdeMO,3.3,2 Wheeler,Tata Tiago EV,2021-07-15 10:15:13,15-07-2021 10:23:13,8.0,16.85,,Cancelled,105.0,150.0,155.53,9.23,Card,Commercial,no,Holiday,July,2021,,30.4
SESS001013,STN0126,Bengaluru Fast Charge Center,Bengaluru,Karnataka,Parking,CHG00538,DC fast,ccs2,30.0,Car,Ola S1 Pro,12-05-2021 10:45:57,12/05/2021 11:17,32.0,-20.02,,Completed,105.0,150.0,117.38,13.1,upi,,yes,Weekend,May,2021,Cloudy,47.9
SESS000615,STN0164,Bengaluru Fast Charge Center,Bengaluru,Karnataka,Office,CHG00228,AC,Type 2,3.3,3-Wheeler,,28-10-2025 16:53:21,28/10/2025 17:36,43.0,,0.0,completed,-5.0,71.9,425.38,16.82,Card,Commercial,yes,Weekend,October,2025,Foggy,28.2
SESS000914,STN0052,Delhi Power Station,Delhi,Delhi,Mall,CHG00120,DC Ultra Fast,GB/T,150.0,2 Wheeler,TVS iQube,2024-04-30 20:28:44,2024-04-30 20:42:44,14.0,29.51,10.0,COMPLETED,105.0,99.3,325.79,11.04,App,Fleet,No,Weekend,April,2024,Foggy,27.0
SESS001152,STN0082,Noida Fast Charge Center,Noida,Uttar Pradesh,Highway,CHG00083,ac,ccs2,150.0,2-Wheeler,TVS iQube,02-11-2024 05:58:35,02-11-2024 07:13:35,75.0,25.03,19.0,COMPLETED,-5.0,63.0,321.13,12.83,UPI,,No,Weekday,November,2024,Rainy,27.9
SESS001134,STN0190,patna charge point,Patna,Bihar,,CHG00108,ac,,,3-Wheeler,Ather 450X,29/09/2023 19:25,29/09/2023 20:03,38.0,29.62,16.0,COMPLETED,13.1,150.0,331.45,11.19,App,,,Holiday,September,2023,Rainy,
SESS000485,STN0045,Noida Charge Point,Noida,Uttar Pradesh,,CHG00261,AC,,150.0,3-Wheeler,Bajaj Chetak,2025-01-22 20:37:52,2025-01-22 21:10:52,33.0,17.4,,Cancelled,35.7,,371.14,21.33,Card,Individual,No,Holiday,January,2025,,
SESS000044,STN0128,Bengaluru Charge Point,Bengaluru,Karnataka,Office,CHG00106,DC Fast,GB/T,150.0,3-Wheeler,,2022-09-16 17:23:49,16/09/2022 18:47,84.0,17.91,,Failed,,,392.77,21.93,App,,Yes,Weekday,September,2022,Sunny,24.1
SESS000423,STN0034,Jaipur Charge Point,Jaipur,Rajasthan,Office,CHG00540,DC Fast,GB/T,,2-Wheeler,Bajaj Chetak,06-04-2023 02:30:17,06/04/2023 03:30,60.0,19.5,15.0,Failed,-5.0,64.6,157.56,8.08,,,No,Weekend,April,2023,Sunny,22.5
SESS000594,STN0058,  Bhopal Power Station ,Bhopal,Madhya Pradesh,Hotel,CHG00758,DC Fast,Type 2,7.2,SUV,Ola S1 Pro,22/03/2023 05:20,22-03-2023 05:29:49,9.0,12.52,0.0,Cancelled,105.0,92.2,266.55,21.29,Wallet,Individual,,Weekend,March,2023,Sunny,31.6
SESS000039,STN0180,Indore Charge Point,Indore,Madhya Pradesh,highway,CHG00825,DC Ultra Fast,GB/T,,2-Wheeler,,2023-09-16 07:24:57,,65.0,40.7,,completed,35.8,,758.24,,upi,,no,Weekend,September,2023,Sunny,31.5
SESS001137,STN0205,Surat EV Hub,Surat,Gujarat,,CHG00188,DC fast,CCS,3.3,,,25/08/2024 13:58,2024-08-25 14:43:08,45.0,,0.0,Cancelled,105.0,78.0,454.07,12.79,Card,,No,Weekday,August,2024,Sunny,26.4
SESS000589,STN0124,Jaipur EV Hub,Jaipur,Rajasthan,Office,CHG00650,,CCS,7.2,Bus,Kia EV6,2023-09-12 04:01:36,2023-09-12 05:03:36,62.0,18.04,12.0,COMPLETED,,72.1,278.18,,App,,Y,Holiday,September,2023,Sunny,44.3
SESS000810,STN0015,  Ahmedabad Fast Charge Center ,Ahmedabad,Gujarat,Residential,CHG00178,,,3.3,2 Wheeler,,24/12/2024 14:24,2024-12-24 14:36:58,12.0,17.21,27.0,Failed,31.0,73.8,241.63,14.04,Cash,,no,Weekday,December,2024,Foggy,29.1
SESS000999,STN0086,Indore EV Hub,Indore,Madhya Pradesh,Highway,CHG00429,,ccs2,120.0,Car,,09-02-2025 20:47:45,09/02/2025 21:52,65.0,,,Cancelled,-5.0,150.0,104.52,13.61,Cash,Commercial,N,Weekend,February,2025,Humid,25.3
SESS000454,STN0212,Kolkata Power Station,Kolkata,West Bengal,highway,CHG00284,ac,Type 2,22.0,SUV,,2021-06-11 21:04:10,2021-06-11 22:17:10,73.0,16.77,23.0,Cancelled,27.7,99.7,174.07,10.38,Cash,Individual,,Holiday,June,2021,Sunny,28.0
SESS000818,STN0019,Bhopal Charge Point,Bhopal,Madhya Pradesh,,CHG00588,DC Fast,ccs2,3.3,2 Wheeler,Mahindra XUV400,2022-11-05 22:21:43,05-11-2022 22:22:43,1.0,19.29,0.0,Completed,105.0,150.0,277.2,14.37,Wallet,,Yes,Holiday,November,2022,Foggy,12.1
SESS001370,STN0232,Mumbai Charge Point,Mumbai,Maharashtra,,CHG00253,,,150.0,Car,Hyundai Kona,08-10-2021 22:13:25,08-10-2021 23:38:25,85.0,0.1,,Failed,105.0,,1.96,19.56,Card,Commercial,yes,Weekday,October,2021,Foggy,18.2
SESS001764,STN0196,Ahmedabad EV Hub,Ahmedabad,Gujarat,Mall,CHG00361,DC Ultra Fast,CHAdeMO,,SUV,TVS iQube,17/05/2021 04:29,2021-05-17 05:10:24,41.0,38.61,30.0,Completed,105.0,72.4,765.25,19.82,Card,Individual,no,Holiday,May,2021,,40.2
SESS000161,STN0037,Surat EV Hub,Surat,Gujarat,Highway,CHG00075,DC Fast,CCS,50.0,2 Wheeler,Citroen eC3,12/12/2021 08:05,12/12/2021 08:37,,36.61,,Completed,105.0,150.0,577.34,,UPI,Individual,Y,Holiday,December,2021,Cloudy,25.3
SESS001958,STN0053,Bhopal Charge Point,Bhopal,MADHYA PRADESH,Mall,CHG00115,DC Fast,,50.0,2-Wheeler,,16/12/2021 23:07,16-12-2021 23:40:55,33.0,21.18,0.0,COMPLETED,8.4,,453.89,21.43,upi,Individual,N,Weekday,December,2021,,23.8
SESS001170,STN0052,  Chandigarh Power Station ,Chandigarh,Punjab,Residential,CHG00724,,CCS,120.0,2 Wheeler,Bajaj Chetak,2021-06-14 07:13:24,2021-06-14 08:45:24,92.0,13.98,25.0,Completed,,150.0,240.32,17.19,Cash,Commercial,N,Holiday,June,2021,Sunny,41.8
SESS001103,STN0181,Surat Power Station,  Surat ,Gujarat,Residential,CHG00824,DC Fast,GB/T,22.0,2 Wheeler,Citroen eC3,27/03/2021 01:39,27-03-2021 01:58:21,19.0,30.03,0.0,Cancelled,105.0,,271.77,9.05,Wallet,,yes,Weekday,March,2021,Foggy,17.0
SESS000475,STN0046,Pune Power Station,Pune,MAHARASHTRA,,CHG00299,DC fast,,,,Kia EV6,2021-12-25 03:22:06,2021-12-25 04:35:06,73.0,16.29,,Cancelled,105.0,,296.32,18.19,App,Individual,Y,Weekend,December,2021,Cloudy,23.8
SESS001282,STN0187,Patna Fast Charge Center,patna,bihar,Hotel,CHG00462,DC Fast,CCS,120.0,2-Wheeler,Mahindra XUV400,22-06-2021 13:08:47,2021-06-22 14:05:47,57.0,0.1,,COMPLETED,-5.0,150.0,,19.36,App,Commercial,yes,Weekday,June,2021,Foggy,20.8
SESS000097,STN0199,Indore Power Station,Indore,Madhya Pradesh,Parking,CHG00062,,CHAdeMO,3.3,3-Wheeler,BYD Atto 3,01/03/2023 16:24,01/03/2023 17:03,39.0,54.33,18.0,COMPLETED,105.0,,945.89,17.41,Wallet,Commercial,N,Holiday,March,2023,Foggy,26.9
SESS001314,STN0169,Bengaluru EV Hub,Bengaluru,Karnataka,,CHG00110,DC Ultra Fast,ccs2,150.0,2-Wheeler,BYD Atto 3,2023-09-13 23:41:26,14/09/2023 01:21,100.0,7.85,,Cancelled,22.2,,150.48,19.17,,Commercial,Y,Holiday,September,2023,Rainy,34.2
SESS001210,STN0249,Kochi Power Station,Kochi,Kerala,Office,CHG00243,ac,Type 2,120.0,,Tata Tiago EV,15-08-2024 19:18:01,15-08-2024 20:07:01,49.0,32.51,0.0,Failed,,150.0,366.06,,App,Individual,no,Holiday,August,2024,Foggy,30.0
SESS001340,STN0181,Kolkata EV Hub,Kolkata,West Bengal,,CHG00613,DC fast,GB/T,60.0,3-Wheeler,Tata Nexon EV,2024-03-22 15:36:59,,60.0,20.77,,Completed,,,295.14,14.21,upi,,No,Weekend,March,2024,Foggy,29.0
SESS000750,STN0074,Jaipur Charge Point,Jaipur,Rajasthan,Parking,CHG00525,DC Fast,CCS,22.0,SUV,MG ZS EV,20/12/2023 17:51,20-12-2023 18:52:39,61.0,12.18,0.0,Cancelled,29.2,61.0,189.76,15.58,Cash,,yes,Weekday,December,2023,Cloudy,28.8
SESS001571,STN0037,Surat EV Hub,Surat,Gujarat,Hotel,CHG00804,ac,,150.0,2 Wheeler,Hyundai Kona,2025-12-17 10:21:44,17-12-2025 10:49:44,28.0,17.52,,Failed,105.0,,329.9,18.83,,,No,Weekday,December,2025,Cloudy,31.0
SESS000789,STN0057,AHMEDABAD POWER STATION,AHMEDABAD,Gujarat,Parking,CHG00423,DC fast,GB/T,50.0,SUV,Kia EV6,20-09-2021 13:06:20,20-09-2021 13:21:20,15.0,17.13,,Failed,105.0,,175.41,10.24,upi,,N,Weekend,September,2021,Rainy,48.6
SESS001493,STN0090,Indore Charge Point,Indore,Madhya Pradesh,,CHG00575,DC Fast,CCS,,SUV,Citroen eC3,05/05/2024 03:57,05/05/2024 03:58,1.0,28.36,0.0,Failed,105.0,,460.0,,UPI,Individual,Y,Weekday,May,2024,Cloudy,
SESS001123,STN0131,Kolkata Fast Charge Center,Kolkata,West Bengal,highway,CHG00305,ac,CCS,3.3,2-Wheeler,MG ZS EV,29/10/2024 23:50,2024-10-30 01:20:50,90.0,4.58,0.0,completed,-5.0,150.0,83.49,18.23,,Commercial,No,Weekend,October,2024,Rainy,40.5
SESS000227,STN0205,Pune Charge Point,Pune,Maharashtra,highway,CHG00539,DC Ultra Fast,Type 2,60.0,SUV,Tata Nexon EV,2021-07-03 10:07:46,2021-07-03 10:44:46,37.0,1.74,,Cancelled,-5.0,89.8,16.77,9.64,Wallet,Commercial,N,Weekend,July,2021,Sunny,22.7
SESS000857,STN0027,Kochi Fast Charge Center,Kochi,Kerala,,CHG00598,ac,GB/T,50.0,2-Wheeler,,2025-04-17 05:19:34,2025-04-17 06:06:34,47.0,21.12,,Completed,105.0,90.9,247.95,11.74,App,Fleet,,Holiday,April,2025,Cloudy,27.2
SESS000877,STN0014,Patna Power Station,Patna,Bihar,highway,CHG00337,ac,GB/T,,Bus,,11-10-2024 10:23:32,11/10/2024 11:18,55.0,29.33,7.0,COMPLETED,29.2,69.0,272.48,9.29,upi,Individual,Yes,Weekday,October,2024,Sunny,29.7
SESS001944,STN0116,Delhi Power Station,Delhi,Delhi,Office,CHG00380,AC,GB/T,7.2,,Tata Tiago EV,26/11/2024 23:09,27/11/2024 00:23,74.0,23.83,,Cancelled,,150.0,372.94,15.65,UPI,,Yes,Holiday,November,2024,Sunny,17.6
SESS000382,STN0072,Chennai EV Hub,chennai,Tamil Nadu,Parking,CHG00406,,GB/T,50.0,Bus,Bajaj Chetak,11-12-2024 14:40:03,11/12/2024 15:26,46.0,29.69,0.0,Cancelled,105.0,100.0,249.69,8.41,UPI,Commercial,,Holiday,December,2024,Foggy,21.5
SESS001985,STN0132,Ahmedabad Fast Charge Center,Ahmedabad,Gujarat,Hotel,CHG00052,AC,ccs2,,SUV,,06-05-2022 07:14:38,06/05/2022 07:47,33.0,5.69,,completed,39.5,150.0,72.26,12.7,upi,Commercial,no,Weekday,May,2022,Rainy,31.7
SESS001486,STN0105,gurugram Power Station,gurugram,Haryana,Parking,CHG00657,,GB/T,120.0,2-Wheeler,Tata Nexon EV,2021-06-02 22:10:14,02/06/2021 22:29,19.0,-0.1,4.0,Failed,,,54.17,19.21,UPI,Fleet,no,Weekday,June,2021,Foggy,
SESS000816,STN0207,Patna Fast Charge Center,Patna,Bihar,Hotel,CHG00897,,GB/T,50.0,Car,Bajaj Chetak,2021-11-16 02:49:50,16-11-2021 02:50:50,1.0,16.44,0.0,Completed,-5.0,,,20.34,,Individual,yes,Weekday,November,2021,Foggy,19.1
SESS001666,STN0023,Pune EV Hub,Pune,Maharashtra,Office,CHG00548,AC,CHAdeMO,3.3,Car,Hyundai Kona,17-09-2025 12:46:03,17/09/2025 11:45,-61.0,17.1,22.0,Cancelled,105.0,150.0,176.13,10.3,App,Fleet,,Weekday,September,2025,Humid,29.7
SESS001056,STN0068,Noida Charge Point,Noida,uttar pradesh,Highway,CHG00524,DC Ultra Fast,,3.3,2 Wheeler,TVS iQube,2022-08-25 06:04:43,2022-08-25 07:34:43,90.0,21.54,0.0,completed,29.4,81.6,450.19,20.9,UPI,,Y,Weekend,August,2022,Humid,24.8
SESS000649,STN0197,Patna Charge Point,Patna,Bihar,Residential,CHG00787,DC fast,GB/T,60.0,SUV,MG ZS EV,2022-04-04 11:34:10,2022-04-04 12:25:10,51.0,26.78,,Failed,105.0,150.0,492.22,18.38,upi,Commercial,yes,Weekday,April,2022,Foggy,28.0
SESS001302,STN0230,Pune Power Station,Pune,MAHARASHTRA,Highway,CHG00589,DC fast,Type 2,50.0,2 Wheeler,,03/08/2023 19:21,03-08-2023 20:29:36,,,16.0,COMPLETED,,150.0,216.85,20.4,Card,Fleet,yes,Weekend,August,2023,,26.0
SESS000322,STN0029,Chandigarh Fast Charge Center,Chandigarh,Punjab,Hotel,CHG00848,,Type 2,3.3,2 Wheeler,Kia EV6,17/11/2022 09:47,2022-11-17 11:13:26,86.0,12.9,0.0,COMPLETED,-5.0,-10.0,260.32,20.18,upi,Fleet,no,Weekday,November,2022,Rainy,19.5
SESS000652,STN0054,Jaipur Fast Charge Center,Jaipur,RAJASTHAN,Mall,CHG00728,,CHAdeMO,30.0,Bus,TVS iQube,28/10/2024 20:01,28/10/2024 20:56,55.0,22.18,,Failed,,,336.91,15.19,App,Individual,N,Weekend,October,2024,Sunny,22.8
SESS001806,STN0015,Indore Power Station,Indore,Madhya Pradesh,,CHG00862,ac,Type 2,,2-Wheeler,Hyundai Kona,25-02-2022 03:13:34,25/02/2022 04:12,59.0,19.82,15.0,Failed,,90.1,183.53,,,Individual,N,Holiday,February,2022,Sunny,30.4
SESS001742,STN0041,  Pune Charge Point ,Pune,Maharashtra,Mall,CHG00177,AC,CHAdeMO,7.2,Car,Ola S1 Pro,2025-04-05 15:37:44,05-04-2025 16:22:44,45.0,1.55,,Completed,,,25.45,16.42,UPI,Fleet,No,Weekend,April,2025,,30.3
SESS001961,STN0008,CHENNAI EV HUB,Chennai,Tamil Nadu,Residential,CHG00008,AC,ccs2,120.0,2-Wheeler,TVS iQube,12/03/2023 06:18,,39.0,4.64,0.0,completed,,150.0,66.17,14.26,Cash,,Yes,Weekday,March,2023,Sunny,24.4
SESS001508,STN0239,Noida Power Station,Noida,Uttar Pradesh,highway,CHG00857,,Type 2,120.0,Bus,Mahindra XUV400,12-09-2021 16:17:13,12/09/2021 17:01,44.0,12.39,23.0,completed,,150.0,136.66,11.03,Cash,,,Weekend,September,2021,Rainy,
SESS000949,STN0207,Surat EV Hub,Surat,Gujarat,Office,CHG00704,DC Ultra Fast,CHAdeMO,,SUV,TVS iQube,16-07-2022 18:47:30,2022-07-16 19:27:30,40.0,22.42,,Failed,,,200.21,,UPI,Commercial,N,Weekday,July,2022,,31.7
SESS000443,STN0218,Jaipur Charge Point,Jaipur,Rajasthan,Highway,CHG00800,AC,CCS,50.0,2-Wheeler,Bajaj Chetak,2023-08-09 04:51:51,09/08/2023 05:45,54.0,14.98,0.0,Completed,-5.0,65.9,223.95,14.95,Wallet,,yes,Weekend,August,2023,Cloudy,31.5
SESS001528,STN0214,Bengaluru EV Hub,bengaluru,KARNATAKA,Mall,CHG00395,DC fast,,,3-Wheeler,Mahindra XUV400,2023-04-11 02:19:24,2023-04-11 02:55:24,36.0,16.94,,Cancelled,,,303.56,17.92,upi,Commercial,,Weekend,April,2023,Foggy,
SESS000583,STN0116,Bengaluru Power Station,Bengaluru,  Karnataka ,Residential,CHG00481,,ccs2,50.0,SUV,,2023-05-30 01:57:58,30-05-2023 02:48:58,51.0,4.02,,completed,105.0,,62.07,,Wallet,Commercial,no,Weekend,May,2023,,25.7
SESS001664,STN0240,Chennai Fast Charge Center,Chennai,Tamil Nadu,Office,CHG00122,DC Ultra Fast,CCS,7.2,Bus,TVS iQube,18/05/2021 00:07,18-05-2021 00:57:59,50.0,21.63,41.0,COMPLETED,31.4,60.2,443.2,20.49,,Commercial,no,Holiday,May,2021,Sunny,25.8
SESS000751,STN0111,Ahmedabad Power Station,ahmedabad,Gujarat,Hotel,CHG00163,DC Fast,Type 2,22.0,Bus,Tata Nexon EV,14/12/2024 20:26,14/12/2024 20:43,17.0,28.48,0.0,completed,,81.0,401.85,14.11,upi,Commercial,Y,Holiday,December,2024,Humid,34.3
SESS001640,STN0247,Hyderabad EV Hub,HYDERABAD,Telangana,Highway,CHG00779,ac,Type 2,,Car,BYD Atto 3,22-05-2021 23:38:08,23-05-2021 00:37:08,59.0,11.09,24.0,completed,-5.0,,180.77,16.3,,Individual,Yes,Holiday,May,2021,Rainy,22.7
SESS001011,STN0110,Indore Power Station,  Indore ,Madhya Pradesh,Hotel,CHG00639,AC,GB/T,120.0,,Tata Tiago EV,2021-03-18 05:22:16,18-03-2021 06:26:16,64.0,24.48,,COMPLETED,105.0,150.0,376.75,15.39,upi,Commercial,Y,Holiday,March,2021,Rainy,21.1
SESS000874,STN0229,Jaipur EV Hub,  Jaipur ,Rajasthan,Mall,CHG00114,AC,,,,Ola S1 Pro,17-06-2021 05:06:01,2021-06-17 06:06:01,,42.37,25.0,Failed,35.3,150.0,740.2,17.47,App,Individual,no,Holiday,June,2021,Cloudy,22.0
SESS000714,STN0183,Surat Charge Point,Surat,  Gujarat ,,CHG00846,,ccs2,60.0,Bus,,2023-09-07 00:14:51,07-09-2023 01:22:51,68.0,25.49,0.0,COMPLETED,-5.0,99.4,470.29,,Card,Fleet,,Weekday,September,2023,Rainy,18.2
SESS000372,STN0180,Ahmedabad Fast Charge Center,Ahmedabad,Gujarat,Residential,CHG00571,AC,CHAdeMO,150.0,3-Wheeler,Tata Nexon EV,18-05-2023 05:06:51,2023-05-18 05:31:51,25.0,0.1,0.0,Completed,,150.0,2.13,21.31,Cash,Commercial,N,Weekend,May,2023,,27.4
SESS000398,STN0142,Mumbai Fast Charge Center,mumbai,Maharashtra,Highway,CHG00022,DC Fast,Type 2,50.0,2 Wheeler,,24-07-2021 19:57:05,24/07/2021 21:03,66.0,30.44,0.0,Completed,-5.0,64.7,518.7,,App,Individual,,Weekday,July,2021,Rainy,29.5
SESS001668,STN0056,Gurugram Charge Point,Gurugram,Haryana,Highway,CHG00126,DC fast,CCS,50.0,3-Wheeler,Ola S1 Pro,04/04/2025 04:57,2025-04-04 05:22:43,25.0,24.17,,Failed,,150.0,273.85,11.33,upi,Individual,yes,Holiday,April,2025,Rainy,30.6
SESS001189,STN0106,Surat Charge Point,Surat,Gujarat,Hotel,CHG00676,DC Ultra Fast,,,Bus,,2024-05-20 04:29:15,20/05/2024 05:52,83.0,10.34,0.0,Completed,-5.0,150.0,124.39,12.03,Wallet,,No,Holiday,May,2024,,32.6
SESS000189,STN0215,Jaipur EV Hub,jaipur,Rajasthan,Highway,CHG00688,AC,ccs2,30.0,2-Wheeler,Citroen eC3,15-06-2022 15:42:43,15/06/2022 17:09,87.0,31.27,0.0,COMPLETED,105.0,103.0,266.11,8.51,App,Commercial,yes,Weekday,June,2022,,28.1
SESS000922,STN0083,Mumbai EV Hub,Mumbai,Maharashtra,Residential,CHG00299,DC Ultra Fast,Type 2,150.0,2 Wheeler,,18/04/2021 03:58,18/04/2021 04:58,,20.64,10.0,Failed,-5.0,,374.62,18.15,upi,Fleet,,Weekday,April,2021,Humid,37.1
SESS001833,STN0112,Lucknow Fast Charge Center,Lucknow,Uttar Pradesh,Mall,CHG00573,DC Fast,,150.0,3-Wheeler,Hyundai Kona,07-02-2022 15:45:03,07-02-2022 16:46:03,61.0,0.89,37.0,COMPLETED,105.0,93.5,8.87,9.97,App,Individual,yes,Weekend,February,2022,,20.5
SESS001515,STN0120,Delhi Fast Charge Center,Delhi,Delhi,,CHG00685,DC Ultra Fast,,120.0,,BYD Atto 3,28/08/2025 04:47,28-08-2025 05:44:22,57.0,,0.0,COMPLETED,105.0,,384.2,18.33,UPI,Individual,No,Weekend,August,2025,Humid,24.6
SESS001866,STN0152,Patna Charge Point,Patna,Bihar,Hotel,CHG00841,AC,,60.0,2 Wheeler,,01/03/2023 12:21,01/03/2023 12:51,30.0,33.17,0.0,completed,105.0,150.0,276.31,8.33,,Individual,yes,Holiday,March,2023,Humid,25.5
SESS001807,STN0019,Jaipur EV Hub,Jaipur,Rajasthan,Residential,CHG00856,ac,Type 2,50.0,,MG ZS EV,21-09-2021 00:25:22,2021-09-21 00:55:22,30.0,14.87,23.0,Completed,,72.6,323.42,21.75,App,Fleet,Yes,Weekend,September,2021,Sunny,19.0
SESS001200,STN0111,Bengaluru Charge Point,Bengaluru,Karnataka,Hotel,CHG00153,DC fast,CHAdeMO,3.3,Bus,Mahindra XUV400,22/01/2021 22:42,22-01-2021 23:22:48,40.0,16.36,28.0,Failed,-5.0,150.0,285.81,17.47,App,Fleet,,Weekday,January,2021,Humid,28.4
SESS000123,STN0006,Bhopal Power Station,Bhopal,MADHYA PRADESH,Hotel,CHG00626,ac,Type 2,120.0,Car,Citroen eC3,2022-05-31 07:04:03,31-05-2022 07:39:03,35.0,-24.02,,Completed,-5.0,150.0,382.11,12.66,App,Individual,Y,Weekend,May,2022,Sunny,19.4
SESS000010,STN0135,Ahmedabad Fast Charge Center,Ahmedabad,Gujarat,,CHG00483,DC Fast,CHAdeMO,,SUV,Tata Tiago EV,19/04/2023 00:25,2023-04-19 01:22:58,57.0,26.72,0.0,COMPLETED,105.0,150.0,240.21,,,Fleet,Yes,Holiday,April,2023,Rainy,31.4
SESS001729,STN0189,Surat Fast Charge Center,Surat,Gujarat,,CHG00432,DC fast,GB/T,150.0,SUV,TVS iQube,10/07/2025 21:22,10-07-2025 22:03:46,41.0,22.48,,Failed,14.9,66.4,285.05,,UPI,Fleet,,Weekday,July,2025,Rainy,21.8
,STN0231,Patna Power Station,Patna,Bihar,Office,CHG00594,DC Ultra Fast,GB/T,150.0,2-Wheeler,Hyundai Kona,22-03-2023 16:16:01,22/03/2023 17:50,94.0,27.05,6.0,Cancelled,105.0,,339.48,12.55,Cash,,,Weekday,March,2023,Rainy,19.9
SESS000805,STN0183,  Hyderabad Charge Point ,Hyderabad,Telangana,Office,CHG00709,DC Fast,,3.3,,Kia EV6,15/11/2023 11:51,15-11-2023 12:05:34,14.0,24.69,,COMPLETED,105.0,150.0,323.93,13.12,UPI,,N,Weekday,November,2023,,28.1
SESS001126,STN0108,Hyderabad Fast Charge Center,Hyderabad,Telangana,highway,CHG00641,DC Ultra Fast,CHAdeMO,7.2,Bus,Hyundai Kona,12/04/2025 15:25,2025-04-12 15:55:53,30.0,11.47,,completed,,,203.82,17.77,App,,no,Weekday,April,2025,Sunny,31.0
SESS000232,STN0247,Delhi Charge Point,Delhi,Delhi,Hotel,CHG00621,DC fast,,22.0,2 Wheeler,,14/08/2022 23:43,2022-08-15 00:39:31,56.0,38.71,,Cancelled,19.4,150.0,424.26,10.96,,Commercial,Y,Holiday,August,2022,Cloudy,25.6
SESS001376,STN0179,Surat Power Station,Surat,Gujarat,Parking,CHG00101,DC Fast,GB/T,150.0,Bus,Bajaj Chetak,2024-11-07 11:19:38,07-11-2024 11:48:38,,27.17,0.0,completed,26.4,,260.02,9.57,upi,Commercial,N,Weekday,November,2024,Cloudy,46.6
SESS000374,STN0017,Gurugram EV Hub,Gurugram,Haryana,Highway,CHG00160,ac,ccs2,50.0,SUV,Hyundai Kona,17/06/2022 08:04,17/06/2022 09:52,108.0,10.89,17.0,completed,8.4,150.0,203.1,18.65,App,Fleet,Yes,Weekday,June,2022,Sunny,
SESS000572,STN0085,BENGALURU CHARGE POINT,Bengaluru,Karnataka,Highway,CHG00038,AC,Type 2,50.0,2 Wheeler,Citroen eC3,21/04/2024 19:26,21/04/2024 19:32,6.0,20.81,,completed,,150.0,230.37,11.07,Card,Individual,yes,Weekday,April,2024,Sunny,26.5
SESS001819,STN0250,Kochi Fast Charge Center,Kochi,Kerala,Highway,CHG00256,DC Ultra Fast,,150.0,Bus,Bajaj Chetak,2023-01-12 09:48:06,,23.0,30.49,0.0,Cancelled,,74.1,654.32,21.46,upi,Fleet,,Weekday,January,2023,,31.6
SESS001585,STN0159,Kochi Charge Point,Kochi,Kerala,Mall,CHG00590,DC fast,,,Car,Citroen eC3,16/04/2021 02:14,16-04-2021 03:06:16,52.0,36.85,16.0,Cancelled,105.0,150.0,378.45,10.27,Card,Individual,Y,Weekday,April,2021,Humid,22.6
SESS000727,STN0185,Hyderabad Power Station,Hyderabad,Telangana,Mall,CHG00750,AC,ccs2,120.0,Bus,TVS iQube,2023-09-13 23:25:21,2023-09-14 00:24:21,59.0,0.1,,Completed,-5.0,,1.54,15.38,Wallet,Individual,no,Weekday,September,2023,Rainy,36.6
SESS000272,STN0120,noida Power Station,noida,Uttar Pradesh,Office,CHG00709,,CHAdeMO,120.0,2 Wheeler,TVS iQube,2022-04-19 14:57:50,19-04-2022 15:20:50,23.0,24.62,,COMPLETED,105.0,76.4,511.36,20.77,upi,Fleet,N,Weekday,April,2022,Cloudy,33.6
SESS001709,STN0231,Ahmedabad Fast Charge Center,Ahmedabad,Gujarat,Highway,CHG00597,DC fast,Type 2,50.0,Car,Tata Tiago EV,2023-06-28 21:01:34,28/06/2023 21:13,12.0,26.92,0.0,completed,105.0,150.0,383.88,14.26,upi,Fleet,No,Weekday,June,2023,Humid,35.2
SESS000240,STN0098,Kolkata Fast Charge Center,Kolkata,west bengal,,CHG00829,ac,CHAdeMO,50.0,2-Wheeler,Tata Tiago EV,27-01-2022 21:16:50,,45.0,24.21,7.0,Cancelled,11.9,,307.95,12.72,App,Individual,no,Holiday,January,2022,Rainy,29.3
SESS000935,STN0174,Bengaluru Power Station,Bengaluru,Karnataka,Highway,CHG00807,,GB/T,,,Hyundai Kona,21/11/2021 09:50,2021-11-21 10:34:02,44.0,8.32,17.0,Completed,,150.0,105.91,12.73,,Commercial,Y,Weekend,November,2021,Rainy,46.4
SESS001208,STN0033,Hyderabad EV Hub,Hyderabad,Telangana,Office,CHG00438,,CHAdeMO,30.0,Bus,,2022-04-12 05:43:34,12-04-2022 06:48:34,65.0,13.72,0.0,Failed,-5.0,150.0,282.08,20.56,upi,Commercial,Yes,Weekend,April,2022,Rainy,27.7
SESS000077,STN0131,Kolkata EV Hub,Kolkata,WEST BENGAL,Highway,CHG00136,ac,,3.3,,Citroen eC3,15/01/2021 06:23,15/01/2021 06:46,23.0,0.1,0.0,COMPLETED,13.9,150.0,2.07,,Card,Commercial,N,Weekend,January,2021,Cloudy,24.1
SESS000224,STN0192,Indore EV Hub,indore,Madhya Pradesh,Residential,CHG00687,DC fast,ccs2,3.3,SUV,,02-10-2023 03:33:41,02/10/2023 03:35,2.0,5.95,,COMPLETED,22.5,77.2,125.13,21.03,,Commercial,yes,Weekday,October,2023,Sunny,16.5
SESS000663,STN0120,Mumbai Power Station,Mumbai,Maharashtra,Hotel,CHG00445,ac,ccs2,150.0,3-Wheeler,Kia EV6,05/06/2021 20:12,2021-06-05 20:56:16,44.0,8.81,,COMPLETED,-5.0,62.9,97.17,11.03,Card,,N,Weekday,June,2021,Foggy,39.6
SESS000643,STN0083,Bhopal Fast Charge Center,Bhopal,Madhya Pradesh,Parking,CHG00044,DC fast,CHAdeMO,50.0,3-Wheeler,,30/08/2024 07:44,30-08-2024 09:21:15,97.0,29.98,,Cancelled,-5.0,,611.59,20.4,Wallet,,Yes,Weekend,August,2024,Humid,28.0
SESS001595,STN0073,Kochi EV Hub,Kochi,Kerala,Office,CHG00847,,CCS,60.0,2 Wheeler,Hyundai Kona,2025-02-06 19:50:24,06-02-2025 20:58:24,68.0,0.1,,Failed,32.7,,0.81,8.1,App,Individual,no,Weekday,February,2025,,24.6
SESS000982,STN0203,Mumbai EV Hub,mumbai,Maharashtra,Parking,CHG00154,DC Fast,Type 2,7.2,Bus,Hyundai Kona,14/09/2025 14:05,14/09/2025 15:19,74.0,20.93,3.0,Cancelled,-5.0,150.0,444.13,21.22,upi,Commercial,no,Weekend,September,2025,Cloudy,45.3
SESS001543,STN0075,Bengaluru EV Hub,Bengaluru,Karnataka,Hotel,CHG00603,,CHAdeMO,120.0,Car,Bajaj Chetak,04/02/2023 22:01,04-02-2023 22:23:48,22.0,18.63,0.0,completed,105.0,,149.79,8.04,Wallet,Fleet,no,Weekday,February,2023,Humid,32.3
SESS001653,STN0135,Kolkata Charge Point,Kolkata,  West Bengal ,Mall,CHG00880,DC fast,CHAdeMO,50.0,Bus,Citroen eC3,20-05-2025 22:39:36,2025-05-20 23:43:36,64.0,15.36,6.0,Failed,,,288.92,18.81,UPI,Fleet,Yes,Weekend,May,2025,Humid,23.5
SESS000461,STN0177,Noida Fast Charge Center,Noida,Uttar Pradesh,Residential,CHG00854,,ccs2,50.0,2-Wheeler,Hyundai Kona,2024-11-20 13:59:21,20/11/2024 15:09,70.0,9.54,8.0,Completed,16.0,92.2,192.8,,Wallet,Fleet,no,Holiday,November,2024,Foggy,
SESS000312,STN0007,Noida Power Station,Noida,Uttar Pradesh,Residential,CHG00012,DC Ultra Fast,CHAdeMO,7.2,Bus,Bajaj Chetak,03/05/2025 11:25,03-05-2025 11:26:29,1.0,34.05,34.0,completed,27.0,150.0,392.6,11.53,App,Commercial,,Weekend,May,2025,Foggy,27.9
SESS001043,STN0195,Ahmedabad EV Hub,Ahmedabad,Gujarat,Parking,CHG00280,ac,ccs2,3.3,,BYD Atto 3,2023-10-01 06:47:12,2023-10-01 08:03:12,76.0,1.24,,Failed,,,12.71,10.25,App,Fleet,No,Holiday,October,2023,Rainy,33.7
SESS001216,STN0246,kochi Fast Charge Center,kochi,Kerala,Parking,CHG00829,ac,GB/T,22.0,Car,Hyundai Kona,2023-12-14 21:21:04,14-12-2023 22:44:04,83.0,25.24,,Cancelled,105.0,,517.17,20.49,UPI,Fleet,,Holiday,December,2023,Humid,33.3
SESS000414,STN0036,Jaipur Power Station,Jaipur,Rajasthan,Mall,CHG00248,DC Ultra Fast,GB/T,22.0,Bus,BYD Atto 3,26/06/2023 06:45,26-06-2023 07:43:34,58.0,20.9,28.0,Failed,24.2,,306.81,14.68,,Individual,No,Weekend,June,2023,Foggy,19.9
SESS001030,STN0115,Delhi EV Hub,Delhi,delhi,Parking,CHG00719,DC fast,CCS,30.0,Car,Ola S1 Pro,2025-09-27 07:04:53,2025-09-27 08:41:53,97.0,24.77,,Completed,105.0,66.3,521.16,21.04,Card,Commercial,No,Holiday,September,2025,Rainy,23.9
SESS001179,STN0129,Bhopal Charge Point,Bhopal,Madhya Pradesh,Parking,CHG00864,ac,CCS,7.2,2-Wheeler,,01/10/2022 20:28,2022-10-01 20:50:22,22.0,26.02,47.0,COMPLETED,105.0,150.0,380.15,14.61,upi,Individual,,Weekday,October,2022,Rainy,36.3
SESS000281,STN0240,Chandigarh Charge Point,Chandigarh,Punjab,highway,CHG00697,DC Fast,Type 2,60.0,2-Wheeler,Mahindra XUV400,2022-05-03 16:44:46,03-05-2022 17:36:46,52.0,27.67,,Failed,105.0,150.0,469.84,,Cash,,no,Holiday,May,2022,Humid,17.8
SESS000500,STN0220,surat power station,Surat,Gujarat,highway,CHG00215,DC fast,CCS,3.3,2-Wheeler,Ather 450X,26-04-2024 04:45:57,26-04-2024 05:38:57,53.0,43.74,0.0,Failed,,,439.15,10.04,Cash,Commercial,N,Holiday,April,2024,Cloudy,20.2
SESS000329,STN0044,Hyderabad Power Station,Hyderabad,Telangana,Hotel,CHG00134,DC fast,,7.2,Car,,22/07/2022 23:44,2022-07-23 00:31:02,47.0,20.09,,Failed,105.0,150.0,350.37,17.44,App,Commercial,yes,Holiday,July,2022,Rainy,28.8
SESS000001,STN0073,Hyderabad Fast Charge Center,Hyderabad,Telangana,Hotel,CHG00864,ac,ccs2,30.0,Car,Kia EV6,12/05/2025 03:30,,43.0,-32.5,,Cancelled,,60.9,242.69,21.06,UPI,,No,Holiday,May,2025,Sunny,20.5
SESS000573,STN0056,Indore Fast Charge Center,Indore,Madhya Pradesh,Parking,CHG00095,AC,,,2 Wheeler,TVS iQube,16-09-2022 20:20:17,16-09-2022 20:47:17,27.0,18.92,,Cancelled,105.0,82.8,368.94,,Wallet,Commercial,,Weekend,September,2022,Rainy,35.7
SESS000933,STN0172,kolkata Power Station,kolkata,West Bengal,Mall,CHG00061,DC Fast,ccs2,,3-Wheeler,Bajaj Chetak,2024-01-16 11:59:33,2024-01-16 12:56:33,57.0,18.11,0.0,Failed,105.0,,386.11,21.32,Card,,Y,Weekday,January,2024,Foggy,42.8
SESS000610,STN0190,Kolkata Charge Point,Kolkata,West Bengal,Mall,CHG00457,DC Ultra Fast,CCS,3.3,2-Wheeler,Mahindra XUV400,2024-07-06 07:56:35,06-07-2024 08:57:35,61.0,44.35,29.0,COMPLETED,-5.0,62.8,534.42,12.05,Wallet,Fleet,,Holiday,July,2024,Sunny,34.5
SESS000742,STN0026,Indore Power Station,Indore,Madhya Pradesh,highway,CHG00375,ac,CCS,150.0,SUV,Citroen eC3,2022-03-07 15:24:14,2022-03-07 15:11:14,-13.0,22.58,,completed,11.4,90.0,445.28,19.72,App,Commercial,No,Weekday,March,2022,Rainy,29.2
SESS001186,STN0224,Surat Charge Point,Surat,GUJARAT,Parking,CHG00822,DC fast,Type 2,120.0,2-Wheeler,Mahindra XUV400,02-05-2022 17:23:09,02/05/2022 18:03,40.0,28.98,30.0,Cancelled,,61.3,384.85,13.28,UPI,,,Weekend,May,2022,Rainy,25.9
SESS000340,STN0199,LUCKNOW EV HUB,Lucknow,Uttar Pradesh,Parking,CHG00018,DC fast,Type 2,60.0,3-Wheeler,Bajaj Chetak,2024-10-10 16:58:17,10-10-2024 17:52:17,54.0,32.93,0.0,completed,105.0,,542.03,16.46,Cash,Individual,Y,Holiday,October,2024,Sunny,29.8
SESS001207,STN0019,Pune Power Station,Pune,Maharashtra,Parking,CHG00507,AC,CHAdeMO,7.2,Car,,06/09/2023 12:04,2023-09-06 12:54:32,50.0,-9.31,18.0,Cancelled,-5.0,,60.53,13.22,,,,Weekend,September,2023,Humid,23.1
SESS000494,STN0238,bengaluru Charge Point,  bengaluru ,Karnataka,Mall,CHG00208,,ccs2,50.0,Bus,TVS iQube,02/02/2022 13:43,02-02-2022 14:13:40,30.0,0.1,8.0,COMPLETED,34.0,,1.51,,Wallet,Commercial,N,Weekend,February,2022,,31.3
SESS000146,STN0063,Noida Power Station,Noida,Uttar Pradesh,Parking,CHG00807,ac,GB/T,3.3,3-Wheeler,Hyundai Kona,2025-02-09 23:50:41,2025-02-10 01:08:41,78.0,18.62,0.0,Failed,,69.7,379.48,20.38,App,,Y,Holiday,February,2025,Cloudy,30.6
SESS000782,STN0003,Chennai EV Hub,Chennai,Tamil Nadu,Residential,CHG00039,AC,,120.0,2 Wheeler,Ather 450X,28-05-2022 05:10:31,,68.0,21.95,8.0,completed,,85.6,292.37,13.32,,Individual,yes,Holiday,May,2022,,35.8
SESS001121,STN0230,Mumbai Fast Charge Center,Mumbai,Maharashtra,Office,CHG00444,DC Fast,CCS,150.0,Bus,,06-08-2021 11:59:23,06/08/2021 12:44,45.0,17.45,,Cancelled,17.9,95.4,163.33,9.36,Card,Individual,yes,Weekday,August,2021,Foggy,31.2
SESS000928,STN0204,Surat Power Station,Surat,Gujarat,Highway,CHG00518,DC fast,,50.0,Car,Citroen eC3,15-02-2024 03:29:54,2024-02-15 04:21:54,52.0,21.88,0.0,Failed,,150.0,330.83,15.12,upi,Commercial,yes,Weekend,February,2024,,33.1
SESS000056,STN0209,Mumbai Power Station,Mumbai,Maharashtra,Parking,CHG00838,DC Ultra Fast,GB/T,30.0,,TVS iQube,24/04/2021 11:10,2021-04-24 11:30:17,20.0,25.66,6.0,Failed,30.8,99.7,210.93,8.22,UPI,Commercial,N,Weekend,April,2021,Rainy,31.9
SESS000351,STN0113,DELHI FAST CHARGE CENTER,Delhi,Delhi,highway,CHG00053,ac,Type 2,,3-Wheeler,,05/09/2023 17:53,05/09/2023 19:02,69.0,11.03,11.0,Failed,,,96.73,8.77,Card,Commercial,no,Weekday,September,2023,,35.0
SESS000941,STN0170,Bengaluru EV Hub,  Bengaluru ,Karnataka,Mall,CHG00682,DC fast,CHAdeMO,3.3,,BYD Atto 3,27-09-2021 04:57:59,27/09/2021 06:18,81.0,30.61,0.0,COMPLETED,105.0,,479.05,15.65,App,,no,Holiday,September,2021,Humid,29.1
SESS000772,STN0150,Chennai Charge Point,Chennai,Tamil Nadu,Highway,CHG00546,DC Fast,Type 2,150.0,,BYD Atto 3,01-12-2021 06:59:52,2021-12-01 07:38:52,39.0,16.68,,Completed,105.0,,293.07,17.57,App,Individual,,Holiday,December,2021,Humid,
SESS000040,STN0107,Lucknow Fast Charge Center,Lucknow,Uttar Pradesh,Highway,CHG00846,,CHAdeMO,120.0,2 Wheeler,Hyundai Kona,2022-05-01 16:57:14,2022-05-01 18:08:14,71.0,18.85,,completed,29.2,150.0,373.04,19.79,App,Fleet,yes,Weekday,May,2022,Rainy,26.3
SESS000523,STN0091,Indore Charge Point,Indore,Madhya Pradesh,Mall,CHG00605,DC Fast,CCS,,SUV,,2022-04-20 17:51:31,20/04/2022 18:13,22.0,10.9,,Failed,,79.7,124.48,11.42,,Commercial,N,Weekday,April,2022,Rainy,27.4
SESS001289,STN0234,Surat EV Hub,Surat,Gujarat,Highway,CHG00666,DC fast,CHAdeMO,22.0,2-Wheeler,Mahindra XUV400,2024-09-07 19:08:03,07/09/2024 19:09,1.0,20.2,0.0,Cancelled,6.5,82.8,184.02,9.11,Card,Commercial,,Weekend,September,2024,Rainy,31.4
SESS001856,STN0208,Surat Power Station,Surat,Gujarat,Parking,CHG00678,DC Fast,ccs2,7.2,2 Wheeler,Mahindra XUV400,2025-11-16 06:35:57,,90.0,27.39,,Cancelled,,150.0,524.52,19.15,upi,,,Holiday,November,2025,,31.5
SESS000305,STN0105,Bengaluru EV Hub,Bengaluru,Karnataka,Office,CHG00705,DC Ultra Fast,CHAdeMO,,2-Wheeler,BYD Atto 3,03-06-2024 17:03:24,03-06-2024 17:28:24,25.0,24.53,23.0,Cancelled,27.4,150.0,257.07,10.48,Cash,Individual,Y,Holiday,June,2024,Sunny,18.4
SESS000216,STN0127,Bhopal Power Station,Bhopal,Madhya Pradesh,,CHG00469,DC Ultra Fast,Type 2,50.0,,Kia EV6,16/12/2022 09:35,2022-12-16 10:34:06,59.0,0.1,13.0,Failed,105.0,150.0,1.24,12.39,upi,Individual,no,Weekday,December,2022,Rainy,31.7
SESS001323,STN0059,Chandigarh EV Hub,Chandigarh,Punjab,Highway,CHG00669,AC,,,Bus,,13/03/2024 22:33,13/03/2024 23:20,47.0,38.42,0.0,Completed,21.4,77.0,737.66,19.2,Card,,No,Holiday,March,2024,Sunny,21.5
SESS001396,STN0221,Patna Fast Charge Center,Patna,Bihar,Hotel,CHG00756,DC fast,ccs2,150.0,2 Wheeler,Kia EV6,16/11/2022 18:42,2022-11-16 19:54:28,72.0,38.83,10.0,Cancelled,105.0,150.0,532.36,13.71,Wallet,,no,Weekday,November,2022,,25.6
SESS000539,STN0246,Bengaluru EV Hub,Bengaluru,  Karnataka ,Office,CHG00218,DC Fast,GB/T,150.0,Bus,Ather 450X,19/09/2024 09:59,19-09-2024 10:30:03,31.0,28.97,0.0,COMPLETED,,150.0,318.09,10.98,upi,Commercial,Yes,Weekend,September,2024,Sunny,32.2
SESS001774,STN0155,ahmedabad Charge Point,  ahmedabad ,Gujarat,Residential,CHG00828,DC Fast,CCS,22.0,,Mahindra XUV400,04-10-2023 02:50:41,04/10/2023 03:22,32.0,18.16,,completed,35.5,81.6,384.63,21.18,Cash,,Y,Holiday,October,2023,Sunny,29.9
SESS001262,STN0115,indore power station,Indore,Madhya Pradesh,Highway,CHG00800,DC Ultra Fast,CCS,30.0,SUV,MG ZS EV,13-11-2021 00:34:42,2021-11-13 01:13:42,39.0,23.29,7.0,Cancelled,-5.0,86.1,352.61,15.14,upi,Commercial,Yes,Weekend,November,2021,Sunny,
SESS001401,STN0158,Chandigarh Power Station,Chandigarh,Punjab,,CHG00716,DC Ultra Fast,CCS,,SUV,Ola S1 Pro,2021-03-22 15:33:01,2021-03-22 16:06:01,,23.09,0.0,completed,6.9,150.0,261.38,11.32,,Individual,Y,Holiday,March,2021,,29.9
SESS001113,STN0001,Pune Charge Point,Pune,Maharashtra,Hotel,CHG00169,ac,ccs2,120.0,SUV,Bajaj Chetak,10-10-2021 15:55:46,10-10-2021 17:26:46,91.0,21.32,3.0,Completed,105.0,84.6,321.08,15.06,UPI,Fleet,yes,Weekend,October,2021,Humid,31.5
SESS000051,STN0135,Patna Power Station,Patna,Bihar,Office,CHG00225,DC Fast,Type 2,,Bus,MG ZS EV,2021-11-03 18:59:29,03-11-2021 19:52:29,53.0,7.73,0.0,Cancelled,,150.0,105.59,13.66,upi,Commercial,No,Holiday,November,2021,Humid,28.4
SESS001554,STN0215,Noida EV Hub,Noida,UTTAR PRADESH,,CHG00465,AC,,7.2,2-Wheeler,Kia EV6,17-04-2025 10:27:26,,83.0,25.44,0.0,Failed,37.1,,373.71,14.69,Wallet,Commercial,Y,Weekday,April,2025,Foggy,13.6
SESS001916,STN0088,Bengaluru Fast Charge Center,Bengaluru,Karnataka,highway,CHG00840,DC Ultra Fast,GB/T,120.0,,Bajaj Chetak,22/04/2024 11:30,22-04-2024 11:40:05,10.0,33.18,8.0,Cancelled,37.8,150.0,552.45,16.65,,Fleet,Yes,Weekday,April,2024,Foggy,30.2
SESS001835,STN0247,  Noida Power Station ,Noida,Uttar Pradesh,Highway,CHG00085,DC Fast,CHAdeMO,3.3,2 Wheeler,Hyundai Kona,2024-01-05 09:27:48,05-01-2024 11:05:48,98.0,29.0,,Cancelled,105.0,,637.71,21.99,Wallet,Commercial,No,Holiday,January,2024,Cloudy,38.8
SESS000269,STN0196,Surat Fast Charge Center,surat,Gujarat,Parking,CHG00203,DC Ultra Fast,GB/T,,3-Wheeler,Ather 450X,24/07/2021 17:54,24-07-2021 18:20:24,26.0,8.55,21.0,Failed,105.0,,,18.7,,Fleet,N,Holiday,July,2021,,11.7
SESS001063,STN0055,Kochi Fast Charge Center,Kochi,Kerala,Highway,CHG00796,,Type 2,60.0,Car,,2021-07-06 23:06:44,06/07/2021 23:21,15.0,30.25,0.0,Completed,13.5,150.0,644.93,21.32,upi,Fleet,yes,Weekday,July,2021,,34.7
SESS000153,STN0076,Bengaluru Charge Point,Bengaluru,Karnataka,,CHG00689,DC Ultra Fast,CHAdeMO,22.0,Bus,Ola S1 Pro,2022-02-01 20:49:12,01/02/2022 22:07,78.0,14.13,0.0,Completed,25.0,150.0,131.13,9.28,Card,,No,Weekday,February,2022,Rainy,25.2
SESS000080,STN0033,Kochi Charge Point,Kochi,  Kerala ,Residential,CHG00663,DC Ultra Fast,Type 2,22.0,,Tata Nexon EV,03-04-2021 18:38:51,03-04-2021 19:50:51,,14.14,0.0,Failed,21.5,150.0,125.7,8.89,,Commercial,No,Weekend,April,2021,Cloudy,32.1
SESS001454,STN0008,Chennai Charge Point,chennai,Tamil Nadu,highway,CHG00240,ac,,120.0,,Kia EV6,22/09/2025 05:17,,27.0,28.44,9.0,Cancelled,105.0,84.1,367.73,12.93,UPI,Fleet,no,Weekday,September,2025,Foggy,25.9
SESS001266,STN0239,Patna Fast Charge Center,Patna,Bihar,Highway,CHG00248,ac,GB/T,3.3,2-Wheeler,,27-04-2025 05:15:03,27-04-2025 06:37:03,82.0,34.11,,Failed,7.3,,616.71,18.08,App,Fleet,Y,Holiday,April,2025,,46.3
SESS001791,STN0010,Chandigarh Fast Charge Center,Chandigarh,Punjab,Highway,CHG00544,ac,Type 2,30.0,Car,Mahindra XUV400,09/04/2021 23:55,10-04-2021 01:19:18,84.0,33.68,,Cancelled,,150.0,471.18,13.99,Wallet,,,Holiday,April,2021,,29.8
SESS000845,STN0020,DELHI CHARGE POINT,Delhi,Delhi,highway,CHG00075,AC,Type 2,22.0,3-Wheeler,Citroen eC3,12-03-2024 15:18:01,12-03-2024 16:48:01,90.0,23.71,,Failed,105.0,95.0,511.42,21.57,upi,Individual,Y,Weekend,March,2024,Cloudy,29.0
SESS000390,STN0132,Ahmedabad Charge Point,Ahmedabad,Gujarat,Residential,CHG00227,DC fast,ccs2,22.0,2-Wheeler,Ather 450X,04/03/2021 02:35,2021-03-04 03:08:24,33.0,40.79,,Completed,,,674.26,16.53,upi,,Yes,Weekday,March,2021,,30.9
SESS000346,STN0171,Chennai Charge Point,Chennai,Tamil Nadu,Office,CHG00607,,CCS,50.0,SUV,,2025-07-18 19:00:06,2025-07-18 19:49:06,49.0,34.23,0.0,Failed,-5.0,84.9,479.56,14.01,,Commercial,,Weekday,July,2025,Foggy,42.7
SESS000175,STN0165,Kolkata EV Hub,Kolkata,West Bengal,Office,CHG00517,DC fast,GB/T,7.2,Car,Ather 450X,18/09/2023 17:00,18/09/2023 17:21,21.0,21.1,,Cancelled,,,217.12,10.29,Cash,Commercial,no,Weekday,September,2023,,28.8
SESS001914,STN0062,Chandigarh EV Hub,Chandigarh,  Punjab ,Mall,CHG00112,AC,CHAdeMO,,2 Wheeler,MG ZS EV,23/04/2022 09:17,23/04/2022 09:44,27.0,33.25,34.0,completed,-5.0,150.0,385.37,,upi,,,Weekday,April,2022,,30.3
SESS001531,STN0181,Lucknow EV Hub,Lucknow,Uttar Pradesh,Highway,CHG00443,AC,,120.0,SUV,Tata Tiago EV,12-08-2025 23:51:15,2025-08-13 00:21:15,30.0,11.54,,Cancelled,-5.0,62.2,185.33,16.06,Card,Fleet,Y,Weekday,August,2025,Humid,27.1
SESS001761,STN0041,Ahmedabad Charge Point,Ahmedabad,Gujarat,Residential,CHG00294,ac,CCS,7.2,,Ola S1 Pro,19-11-2023 06:46:32,2023-11-19 07:12:32,26.0,-18.73,59.0,Failed,18.1,150.0,437.74,,UPI,Individual,,Weekday,November,2023,Humid,31.5
SESS000025,STN0047,Gurugram Charge Point,Gurugram,  Haryana ,Hotel,CHG00407,DC Ultra Fast,CCS,120.0,2-Wheeler,,11-12-2024 19:35:04,11-12-2024 19:49:04,14.0,39.91,24.0,Cancelled,,95.2,531.6,13.32,Cash,Individual,no,Weekend,December,2024,Cloudy,29.6
SESS000162,STN0029,Surat Power Station,Surat,Gujarat,Mall,CHG00759,ac,GB/T,3.3,2-Wheeler,Citroen eC3,29-10-2025 01:11:58,29-10-2025 02:03:58,52.0,26.45,,COMPLETED,105.0,85.1,403.63,15.26,upi,,N,Weekend,October,2025,Sunny,23.5
SESS001750,STN0057,BHOPAL CHARGE POINT,Bhopal,Madhya Pradesh,highway,CHG00740,,Type 2,,3-Wheeler,Kia EV6,19-03-2022 14:08:54,2022-03-19 14:21:54,13.0,25.94,0.0,Failed,105.0,,,8.14,,Fleet,no,Holiday,March,2022,,32.5
SESS000695,STN0013,Indore Power Station,Indore,Madhya Pradesh,,CHG00791,DC Fast,Type 2,22.0,3-Wheeler,BYD Atto 3,2023-10-28 23:22:32,29/10/2023 00:28,66.0,6.91,0.0,Completed,,,65.64,9.5,UPI,Fleet,yes,Weekday,October,2023,Cloudy,
SESS001836,STN0067,Bengaluru EV Hub,Bengaluru,Karnataka,Hotel,CHG00776,DC Ultra Fast,,,2 Wheeler,Ather 450X,18/12/2022 00:01,2022-12-18 00:32:41,31.0,0.1,3.0,COMPLETED,,150.0,0.98,,App,Fleet,N,Holiday,December,2022,Rainy,34.4
SESS000120,STN0203,Bengaluru Fast Charge Center,Bengaluru,Karnataka,highway,CHG00349,DC Ultra Fast,GB/T,3.3,2-Wheeler,Tata Nexon EV,2022-11-02 10:17:47,2022-11-02 09:12:47,-65.0,1.1,10.0,COMPLETED,13.0,73.3,16.7,15.18,Cash,Fleet,N,Weekday,November,2022,Foggy,14.7
SESS001083,STN0194,Surat Fast Charge Center,Surat,Gujarat,Highway,CHG00626,,,22.0,3-Wheeler,Bajaj Chetak,12/02/2021 04:34,12-02-2021 05:52:44,78.0,29.68,,completed,26.6,66.3,468.94,15.8,Wallet,Fleet,Yes,Holiday,February,2021,Cloudy,
SESS000263,STN0072,Delhi Power Station,Delhi,Delhi,highway,CHG00064,ac,CCS,120.0,Bus,TVS iQube,26-06-2025 04:06:05,2025-06-26 04:59:05,53.0,16.03,21.0,Failed,,64.7,338.87,21.14,Cash,Individual,yes,Holiday,June,2025,Rainy,22.9
SESS000571,STN0216,  Noida Charge Point ,Noida,uttar pradesh,Residential,CHG00126,DC fast,CCS,60.0,2-Wheeler,,2025-04-19 02:07:26,19-04-2025 03:36:26,89.0,9.21,0.0,completed,36.2,,90.63,9.84,App,Individual,no,Holiday,April,2025,Foggy,22.7
SESS001712,STN0161,Mumbai EV Hub,Mumbai,Maharashtra,Highway,CHG00151,DC Ultra Fast,,3.3,Bus,Bajaj Chetak,16/09/2024 04:04,16-09-2024 04:38:28,34.0,27.95,22.0,COMPLETED,-5.0,,365.59,13.08,App,,N,Holiday,September,2024,Foggy,30.5
SESS001193,STN0027,Patna Charge Point,Patna,Bihar,Residential,CHG00240,DC fast,,3.3,2 Wheeler,Bajaj Chetak,2022-12-11 10:00:43,2022-12-11 10:53:43,53.0,9.06,,Cancelled,105.0,72.8,116.24,12.83,Wallet,,Y,Weekend,December,2022,Rainy,39.1
SESS000082,STN0021,Pune Power Station,Pune,Maharashtra,,CHG00293,ac,CHAdeMO,120.0,2 Wheeler,Mahindra XUV400,20-11-2023 11:55:04,20/11/2023 12:59,64.0,32.95,0.0,COMPLETED,-5.0,,616.82,18.72,App,Individual,yes,Holiday,November,2023,Sunny,22.8
SESS001700,STN0137,Bhopal EV Hub,Bhopal,Madhya Pradesh,Parking,CHG00425,ac,CHAdeMO,,Bus,Hyundai Kona,31-07-2022 04:40:11,2022-07-31 06:03:11,83.0,14.79,,completed,,,148.34,10.03,UPI,Fleet,no,Weekday,July,2022,Rainy,27.3
SESS000739,STN0091,Mumbai EV Hub,MUMBAI,Maharashtra,Highway,CHG00228,DC fast,CHAdeMO,60.0,2 Wheeler,TVS iQube,2023-05-12 10:35:58,12/05/2023 10:36,1.0,21.11,,Completed,-5.0,82.1,217.86,10.32,upi,Individual,no,Weekday,May,2023,Cloudy,35.5
SESS001823,STN0009,Ahmedabad Fast Charge Center,Ahmedabad,Gujarat,,CHG00170,,CCS,150.0,3-Wheeler,Tata Tiago EV,01/06/2023 23:02,01-06-2023 23:22:42,20.0,26.92,0.0,completed,-5.0,95.3,504.21,18.73,Cash,Fleet,Y,Weekday,June,2023,Cloudy,20.3
SESS001246,STN0104,Mumbai EV Hub,Mumbai,Maharashtra,Residential,CHG00870,AC,CCS,50.0,SUV,,05/11/2024 17:51,2024-11-05 18:13:54,22.0,0.1,0.0,Cancelled,,74.6,1.19,,Cash,,yes,Holiday,November,2024,Rainy,24.5
SESS001969,STN0085,Gurugram Power Station,Gurugram,Haryana,Residential,CHG00364,AC,CHAdeMO,22.0,Car,Hyundai Kona,04-11-2023 01:04:00,04-11-2023 01:25:00,21.0,7.39,0.0,completed,39.8,,153.86,20.82,App,Individual,Yes,Weekday,November,2023,,25.9
SESS000411,STN0048,Indore EV Hub,Indore,Madhya Pradesh,Office,CHG00821,ac,ccs2,22.0,SUV,Citroen eC3,2024-01-12 20:54:02,2024-01-12 21:49:02,55.0,27.97,0.0,completed,-5.0,-14.0,295.08,10.55,Wallet,Individual,no,Weekday,January,2024,Humid,25.1
SESS000114,STN0241,Chandigarh Power Station,Chandigarh,Punjab,Parking,CHG00154,DC Fast,CHAdeMO,3.3,,Kia EV6,2022-05-30 06:18:57,30-05-2022 06:25:57,7.0,39.81,6.0,completed,105.0,86.8,748.43,18.8,upi,Individual,Y,Weekend,May,2022,Sunny,22.3
SESS001735,STN0029,Hyderabad EV Hub,Hyderabad,TELANGANA,Residential,CHG00796,AC,Type 2,7.2,2-Wheeler,Bajaj Chetak,2023-11-16 15:49:31,16-11-2023 17:00:31,71.0,38.16,0.0,COMPLETED,,150.0,704.05,18.45,UPI,,Yes,Weekday,November,2023,Rainy,23.9
SESS000436,STN0067,Noida Charge Point,Noida,UTTAR PRADESH,Mall,CHG00153,DC Fast,GB/T,3.3,Car,Tata Tiago EV,2024-05-05 20:07:19,2024-05-05 20:41:19,34.0,3.62,29.0,COMPLETED,33.5,150.0,78.3,21.63,App,Individual,N,Weekend,May,2024,Rainy,41.5
SESS000084,STN0080,Jaipur Charge Point,Jaipur,Rajasthan,Residential,CHG00358,ac,GB/T,,3-Wheeler,Tata Tiago EV,04/06/2022 01:49,04-06-2022 02:20:45,31.0,,,completed,23.6,150.0,538.48,13.01,,Individual,,Weekend,June,2022,,37.8
SESS000093,STN0129,Indore Charge Point,Indore,Madhya Pradesh,Mall,CHG00023,ac,CCS,3.3,,,18-08-2024 09:29:06,18/08/2024 09:37,8.0,34.34,0.0,COMPLETED,-5.0,150.0,653.15,19.02,Wallet,Commercial,N,Holiday,August,2024,Humid,26.3
SESS000302,STN0009,Hyderabad EV Hub,Hyderabad,Telangana,Highway,CHG00583,AC,ccs2,150.0,Car,Tata Tiago EV,2023-01-16 05:00:25,,39.0,0.1,39.0,COMPLETED,-5.0,150.0,2.05,,UPI,Commercial,N,Weekday,January,2023,Rainy,26.4
SESS000020,STN0090,Kolkata Charge Point,Kolkata,West Bengal,Residential,CHG00543,,CHAdeMO,60.0,3-Wheeler,Citroen eC3,2023-12-31 20:38:03,31-12-2023 21:41:03,63.0,5.48,20.0,Completed,30.9,,56.22,10.26,Cash,,No,Weekend,December,2023,,22.5
SESS001583,STN0087,Bengaluru Fast Charge Center,Bengaluru,Karnataka,Mall,CHG00849,ac,ccs2,150.0,2-Wheeler,,18/09/2022 00:57,2022-09-18 02:15:31,78.0,47.56,,completed,29.4,,1028.25,21.62,upi,Commercial,no,Holiday,September,2022,,49.1
SESS000186,STN0095,Lucknow Power Station,Lucknow,  Uttar Pradesh ,Office,CHG00860,AC,,30.0,Car,Hyundai Kona,2022-10-14 00:34:07,,74.0,5.76,0.0,Cancelled,,150.0,89.8,15.59,UPI,Commercial,Y,Holiday,October,2022,Foggy,29.9
SESS000228,STN0143,Mumbai EV Hub,mumbai,Maharashtra,,CHG00132,AC,GB/T,120.0,2 Wheeler,,2025-11-22 01:09:17,2025-11-22 01:41:17,32.0,21.09,,COMPLETED,-5.0,,300.32,14.24,Card,Commercial,no,Holiday,November,2025,Foggy,32.2
SESS001234,STN0110,Gurugram EV Hub,Gurugram,Haryana,Mall,CHG00582,DC Ultra Fast,CHAdeMO,150.0,3-Wheeler,TVS iQube,21/10/2021 20:38,21-10-2021 21:22:26,,29.38,0.0,Cancelled,105.0,150.0,384.0,13.07,Cash,Commercial,yes,Weekend,October,2021,Sunny,23.5
SESS000334,STN0002,Surat Power Station,surat,Gujarat,Office,CHG00895,DC Ultra Fast,CHAdeMO,22.0,SUV,BYD Atto 3,2021-04-03 16:00:54,03-04-2021 16:25:54,25.0,4.17,,completed,,,50.37,12.08,Cash,,yes,Weekday,April,2021,,25.6
SESS001632,STN0036,Delhi EV Hub,Delhi,Delhi,Residential,CHG00770,DC Ultra Fast,,60.0,3-Wheeler,Ather 450X,2021-05-12 16:49:34,12-05-2021 17:25:34,36.0,10.0,11.0,completed,,62.6,213.3,21.33,Card,Fleet,no,Weekend,May,2021,,41.2
SESS001552,STN0008,Hyderabad Charge Point,Hyderabad,Telangana,Mall,CHG00186,DC Fast,Type 2,22.0,2-Wheeler,TVS iQube,16/06/2025 08:19,2025-06-16 08:50:06,,12.77,13.0,completed,,99.2,243.01,19.03,Wallet,Commercial,No,Holiday,June,2025,Sunny,21.7
SESS001256,STN0208,Kochi Charge Point,kochi,KERALA,Highway,CHG00324,AC,GB/T,,SUV,Kia EV6,10-02-2021 09:11:05,10/02/2021 09:31,20.0,0.1,16.0,Failed,-5.0,,0.86,8.57,upi,,,Weekend,February,2021,Foggy,32.1
SESS000509,STN0085,Jaipur EV Hub,Jaipur,Rajasthan,,CHG00201,ac,GB/T,150.0,3-Wheeler,Ola S1 Pro,01/06/2022 05:46,01/06/2022 06:09,23.0,28.56,0.0,completed,17.8,77.6,580.91,20.34,Cash,Individual,,Holiday,June,2022,Sunny,27.6
SESS001453,STN0178,Noida EV Hub,NOIDA,Uttar Pradesh,highway,CHG00782,,Type 2,120.0,SUV,,23/06/2021 09:41,23-06-2021 11:52:31,131.0,11.77,,COMPLETED,25.7,,178.2,15.14,upi,Commercial,Yes,Weekday,June,2021,Sunny,20.7
SESS000315,STN0209,Bhopal Power Station,Bhopal,Madhya Pradesh,Hotel,CHG00464,,Type 2,120.0,Bus,,01-09-2025 11:32:58,01-09-2025 11:54:58,22.0,35.75,0.0,Cancelled,-5.0,-14.0,630.99,17.65,UPI,Commercial,,Weekday,September,2025,,36.3
SESS001736,STN0030,Patna Fast Charge Center,Patna,Bihar,Highway,CHG00820,,CHAdeMO,60.0,Bus,Bajaj Chetak,03/05/2022 06:01,03/05/2022 07:25,84.0,0.1,27.0,Cancelled,-5.0,64.9,1.27,12.72,,,,Weekend,May,2022,Rainy,35.5
SESS000791,STN0063,Kochi Fast Charge Center,kochi,Kerala,Parking,CHG00222,DC Ultra Fast,GB/T,30.0,Car,Ola S1 Pro,19-08-2023 15:18:47,19/08/2023 15:58,40.0,-23.49,,Failed,-5.0,99.8,141.39,17.24,,Fleet,no,Weekend,August,2023,Cloudy,22.9
SESS001867,STN0217,Gurugram Fast Charge Center,Gurugram,Haryana,,CHG00545,DC Ultra Fast,CCS,120.0,2 Wheeler,Bajaj Chetak,04-12-2025 21:13:16,2025-12-04 22:28:16,75.0,13.87,0.0,Completed,,150.0,195.71,14.11,Card,,no,Holiday,December,2025,,30.4
SESS001642,STN0212,Delhi Charge Point,Delhi,Delhi,Highway,CHG00059,DC Ultra Fast,CHAdeMO,150.0,SUV,MG ZS EV,11-06-2023 23:02:01,12/06/2023 00:05,63.0,20.01,11.0,Completed,-5.0,,219.11,10.95,App,Commercial,Y,Weekday,June,2023,Rainy,28.5
SESS000552,STN0074,Surat EV Hub,SURAT,Gujarat,Highway,CHG00055,DC fast,Type 2,120.0,Car,Mahindra XUV400,2025-03-05 21:43:15,05/03/2025 22:56,73.0,19.82,25.0,Failed,-5.0,,264.6,13.35,upi,Fleet,N,Holiday,March,2025,Rainy,29.7
SESS000672,STN0106,PUNE EV HUB,Pune,Maharashtra,highway,CHG00084,AC,,60.0,,Tata Tiago EV,08/07/2022 17:27,08-07-2022 18:03:06,36.0,23.43,16.0,Failed,-5.0,,191.42,8.17,UPI,Commercial,,Weekday,July,2022,Sunny,22.8
SESS001263,STN0221,indore Power Station,indore,Madhya Pradesh,highway,CHG00208,ac,CHAdeMO,7.2,SUV,Mahindra XUV400,07-06-2022 11:44:38,07/06/2022 11:45,1.0,8.9,0.0,Cancelled,36.3,,134.03,15.06,App,Individual,Y,Weekday,June,2022,Foggy,32.1
SESS001162,STN0046,Ahmedabad EV Hub,Ahmedabad,Gujarat,highway,CHG00321,DC Fast,CHAdeMO,3.3,SUV,MG ZS EV,24/07/2022 15:26,24-07-2022 16:02:00,36.0,13.97,0.0,Failed,38.3,,243.64,17.44,Card,,Yes,Weekday,July,2022,Humid,32.2
SESS001050,STN0040,Kolkata EV Hub,Kolkata,West Bengal,Mall,CHG00183,,CHAdeMO,50.0,Bus,Ather 450X,26-06-2021 20:11:21,26/06/2021 21:52,101.0,37.11,,Failed,-5.0,,648.31,17.47,,,No,Holiday,June,2021,,45.3
SESS001800,STN0138,  Mumbai Fast Charge Center ,Mumbai,Maharashtra,highway,CHG00607,DC fast,CCS,60.0,SUV,Mahindra XUV400,17-05-2021 01:15:54,17/05/2021 02:14,59.0,28.75,,Completed,,,262.78,9.14,UPI,Fleet,No,Holiday,May,2021,Foggy,25.6
SESS001205,STN0101,Hyderabad Charge Point,Hyderabad,Telangana,Hotel,CHG00443,AC,Type 2,120.0,,TVS iQube,19-05-2023 06:13:51,2023-05-19 07:04:51,51.0,19.63,0.0,completed,-5.0,150.0,354.71,18.07,Cash,,yes,Weekday,May,2023,Foggy,32.4
SESS000341,STN0054,Surat Power Station,Surat,Gujarat,Highway,CHG00271,AC,CHAdeMO,7.2,,BYD Atto 3,02/03/2025 08:17,02/03/2025 09:26,69.0,23.99,0.0,Completed,-5.0,150.0,271.09,11.3,,Fleet,N,Weekday,March,2025,Rainy,29.0
SESS001086,STN0107,Kolkata EV Hub,Kolkata,West Bengal,,CHG00749,ac,,3.3,2-Wheeler,Bajaj Chetak,22-06-2025 07:55:49,22-06-2025 06:23:49,-92.0,26.44,27.0,completed,105.0,79.2,526.68,19.92,Wallet,Individual,N,Weekend,June,2025,Sunny,34.2
SESS000308,STN0154,Bengaluru Fast Charge Center,Bengaluru,  Karnataka ,Hotel,CHG00302,ac,,60.0,SUV,Bajaj Chetak,16-11-2025 17:39:20,16-11-2025 18:12:20,33.0,0.1,24.0,Cancelled,,,1.03,10.35,UPI,Commercial,No,Holiday,November,2025,Sunny,22.2
SESS000923,STN0047,Chandigarh Charge Point,Chandigarh,Punjab,highway,CHG00758,,GB/T,3.3,Bus,BYD Atto 3,2023-01-06 13:12:00,06-01-2023 13:50:00,38.0,42.29,18.0,Cancelled,105.0,89.3,842.84,19.93,UPI,Commercial,N,Weekday,January,2023,Humid,37.8
SESS001183,STN0130,Bhopal EV Hub,Bhopal,Madhya Pradesh,highway,CHG00575,DC Ultra Fast,CHAdeMO,,SUV,Hyundai Kona,24/04/2021 17:59,24/04/2021 19:15,76.0,39.94,,Completed,-5.0,66.2,836.34,20.94,Wallet,,N,Weekend,April,2021,,30.9
SESS001548,STN0057,Chandigarh Charge Point,Chandigarh,Punjab,Highway,CHG00188,DC fast,CHAdeMO,7.2,Bus,BYD Atto 3,29/03/2022 09:06,2022-03-29 09:48:36,42.0,15.43,0.0,completed,105.0,95.0,143.19,9.28,Cash,Individual,no,Weekday,March,2022,Foggy,28.8
SESS001496,STN0169,gurugram Power Station,gurugram,Haryana,,CHG00796,AC,GB/T,7.2,SUV,Citroen eC3,11/09/2023 16:28,2023-09-11 17:25:33,57.0,9.46,0.0,COMPLETED,,150.0,104.15,11.01,UPI,Fleet,,Weekday,September,2023,,34.4
SESS000018,STN0043,Ahmedabad Power Station,Ahmedabad,Gujarat,Mall,CHG00014,,CCS,30.0,Bus,Tata Tiago EV,2024-10-30 20:18:58,2024-10-30 21:08:58,50.0,11.67,0.0,completed,-5.0,86.9,229.32,19.65,,Fleet,No,Weekend,October,2024,Cloudy,43.6
SESS000068,STN0015,Lucknow EV Hub,Lucknow,Uttar Pradesh,Highway,CHG00541,DC fast,CHAdeMO,60.0,3-Wheeler,Kia EV6,20-06-2022 12:06:02,20-06-2022 12:28:02,22.0,25.03,22.0,COMPLETED,-5.0,150.0,274.08,,Cash,,no,Weekday,June,2022,,29.5
SESS001786,STN0015,Noida Power Station,Noida,Uttar Pradesh,Highway,CHG00281,AC,CHAdeMO,,SUV,Hyundai Kona,22-10-2023 01:59:43,22-10-2023 02:36:43,37.0,29.25,5.0,COMPLETED,10.2,150.0,481.46,16.46,Wallet,,no,Weekend,October,2023,,30.8
SESS001757,STN0042,Gurugram Fast Charge Center,Gurugram,Haryana,Hotel,CHG00348,,,150.0,SUV,Hyundai Kona,29-08-2024 02:00:22,29-08-2024 01:08:22,-52.0,0.1,0.0,Cancelled,,,0.86,8.64,UPI,Fleet,No,Weekday,August,2024,Cloudy,22.2
SESS000722,STN0246,Chennai Power Station,Chennai,Tamil Nadu,Highway,CHG00223,ac,GB/T,3.3,Bus,BYD Atto 3,16-04-2024 10:41:51,2024-04-16 11:10:51,29.0,33.26,2.0,completed,22.1,150.0,474.95,14.28,Cash,Commercial,No,Holiday,April,2024,Sunny,26.9
SESS000113,STN0023,Kolkata EV Hub,Kolkata,West Bengal,Office,CHG00557,DC Ultra Fast,ccs2,,2-Wheeler,BYD Atto 3,27/08/2025 13:43,2025-08-27 15:23:20,100.0,1.85,0.0,Completed,105.0,,19.79,,Wallet,Fleet,yes,Holiday,August,2025,Sunny,18.4
SESS001865,STN0135,Bhopal Fast Charge Center,Bhopal,MADHYA PRADESH,Office,CHG00829,DC Ultra Fast,GB/T,120.0,Bus,Bajaj Chetak,18/12/2022 22:14,18/12/2022 23:12,58.0,26.71,7.0,COMPLETED,,,422.55,15.82,App,,N,Weekend,December,2022,Humid,31.3
SESS000726,STN0070,Surat EV Hub,Surat,Gujarat,Office,CHG00401,AC,Type 2,3.3,Car,Bajaj Chetak,27/06/2021 15:46,2021-06-27 16:46:23,60.0,2.27,,Cancelled,105.0,70.5,31.92,14.06,Wallet,Individual,,Weekend,June,2021,Foggy,31.2
SESS001643,STN0011,Delhi Power Station,Delhi,Delhi,Mall,CHG00801,AC,ccs2,120.0,Bus,Mahindra XUV400,2025-07-17 21:15:48,17/07/2025 21:42,27.0,62.16,,Failed,,,1069.15,17.2,upi,Individual,Y,Weekday,July,2025,Foggy,28.2
SESS000517,STN0064,Indore Fast Charge Center,indore,Madhya Pradesh,,CHG00479,ac,CCS,,Bus,Tata Nexon EV,2023-07-31 00:46:38,31-07-2023 01:40:38,54.0,18.58,0.0,COMPLETED,-5.0,,376.62,20.27,Cash,Commercial,Y,Weekend,July,2023,,28.4
SESS001968,STN0202,Delhi EV Hub,Delhi,Delhi,Mall,CHG00453,ac,Type 2,60.0,3-Wheeler,Ola S1 Pro,08-03-2023 04:20:35,2023-03-08 05:04:35,44.0,17.57,5.0,completed,,,309.23,17.6,App,,,Weekend,March,2023,Sunny,
SESS001127,STN0065,Delhi Power Station,Delhi,  Delhi ,Residential,CHG00080,AC,CHAdeMO,50.0,2-Wheeler,Hyundai Kona,26-03-2025 19:40:51,26-03-2025 21:14:51,,21.94,0.0,Completed,,150.0,360.25,16.42,upi,Commercial,no,Weekend,March,2025,Sunny,35.0
SESS000416,STN0075,Ahmedabad Power Station,Ahmedabad,gujarat,,CHG00565,AC,GB/T,120.0,Bus,Bajaj Chetak,25/01/2024 05:10,,38.0,18.75,22.0,Failed,,,188.81,10.07,upi,Individual,Y,Weekday,January,2024,Rainy,47.7
SESS001591,STN0067,Delhi EV Hub,Delhi,Delhi,Office,CHG00166,DC fast,,120.0,Car,Tata Tiago EV,2024-04-18 01:10:43,2024-04-18 00:20:43,-50.0,8.8,,Cancelled,105.0,,151.71,17.24,,Fleet,No,Holiday,April,2024,Foggy,24.6
SESS001512,STN0010,Hyderabad EV Hub,Hyderabad,Telangana,,CHG00201,DC Fast,CHAdeMO,22.0,SUV,Tata Nexon EV,26-03-2022 04:25:41,2022-03-26 05:05:41,40.0,13.5,44.0,COMPLETED,-5.0,150.0,119.61,8.86,Wallet,Individual,Yes,Holiday,March,2022,Humid,25.7
SESS001498,STN0114,Ahmedabad Power Station,Ahmedabad,Gujarat,Highway,CHG00546,ac,CHAdeMO,7.2,Car,Ather 450X,08/02/2025 15:37,2025-02-08 16:33:58,56.0,20.65,,Cancelled,24.4,,357.45,17.31,UPI,,No,Weekend,February,2025,Sunny,29.2
SESS000264,STN0175,Patna Fast Charge Center,Patna,Bihar,Hotel,CHG00446,AC,CHAdeMO,7.2,Bus,BYD Atto 3,20-02-2022 14:45:11,20/02/2022 13:16,-89.0,31.54,,Cancelled,-5.0,60.4,416.64,13.21,Card,Commercial,Y,Holiday,February,2022,Rainy,25.0
SESS001883,STN0032,Pune EV Hub,pune,Maharashtra,Residential,CHG00031,DC Ultra Fast,,,Car,Kia EV6,2024-11-27 06:29:22,27-11-2024 06:57:22,28.0,3.56,0.0,Failed,-5.0,150.0,62.76,17.63,UPI,Individual,,Weekend,November,2024,Humid,34.4
SESS000847,STN0065,Bhopal Power Station,Bhopal,Madhya Pradesh,Parking,CHG00045,AC,ccs2,3.3,2-Wheeler,,12-07-2024 04:43:35,12-07-2024 05:50:35,67.0,36.39,,Cancelled,,150.0,330.79,9.09,UPI,Individual,N,Holiday,July,2024,Foggy,23.8
SESS000292,STN0245,Pune Fast Charge Center,Pune,Maharashtra,Residential,CHG00156,,Type 2,150.0,2 Wheeler,Kia EV6,03-05-2022 06:39:39,2022-05-03 07:29:39,50.0,23.25,8.0,Cancelled,,,186.7,8.03,App,Fleet,Y,Weekday,May,2022,,25.3
SESS001288,STN0095,Chandigarh EV Hub,Chandigarh,  PUNJAB ,Highway,CHG00487,ac,CCS,30.0,Car,,22-05-2025 04:20:50,2025-05-22 05:04:50,44.0,12.51,0.0,Cancelled,105.0,150.0,116.09,9.28,App,Individual,yes,Weekday,May,2025,Humid,34.6
SESS000252,STN0220,Jaipur Charge Point,Jaipur,RAJASTHAN,Mall,CHG00878,,CCS,,Car,BYD Atto 3,12/08/2023 12:04,2023-08-12 12:51:22,47.0,15.67,0.0,completed,105.0,63.5,171.59,10.95,UPI,Fleet,no,Weekday,August,2023,,30.0
SESS000606,STN0162,Hyderabad Power Station,Hyderabad,TELANGANA,Parking,CHG00857,,ccs2,,2-Wheeler,Ola S1 Pro,26/07/2022 01:33,26-07-2022 02:58:13,85.0,12.42,4.0,COMPLETED,,69.4,213.75,,,Individual,Y,Weekend,July,2022,Cloudy,31.0
SESS001696,STN0196,Pune Fast Charge Center,  Pune ,Maharashtra,Residential,CHG00881,DC Fast,Type 2,22.0,2 Wheeler,MG ZS EV,10/06/2025 20:04,10/06/2025 20:07,3.0,14.38,0.0,completed,,150.0,235.69,16.39,App,Fleet,N,Weekday,June,2025,Cloudy,32.1
SESS001825,STN0207,Gurugram Power Station,Gurugram,Haryana,Office,CHG00330,,CCS,50.0,,Hyundai Kona,29/04/2023 20:49,29/04/2023 19:47,-62.0,21.28,,Cancelled,-5.0,150.0,253.44,11.91,upi,,No,Weekend,April,2023,Cloudy,
SESS001439,STN0243,Chandigarh EV Hub,Chandigarh,Punjab,,CHG00824,DC fast,GB/T,,2 Wheeler,Ather 450X,07-05-2025 17:42:48,2025-05-07 18:50:48,68.0,36.21,0.0,Completed,105.0,150.0,587.33,16.22,Wallet,,Yes,Weekend,May,2025,,31.5
SESS001026,STN0142,Lucknow EV Hub,Lucknow,Uttar Pradesh,Residential,CHG00483,DC fast,ccs2,60.0,SUV,Tata Nexon EV,24/05/2022 06:31,,29.0,21.11,,Failed,105.0,150.0,300.4,14.23,App,Commercial,no,Weekend,May,2022,Sunny,21.7
SESS001574,STN0238,Indore Fast Charge Center,Indore,Madhya Pradesh,Hotel,CHG00050,DC fast,ccs2,150.0,Car,MG ZS EV,2024-10-07 21:30:02,07-10-2024 22:19:02,49.0,-4.91,,Cancelled,105.0,83.1,455.53,12.55,upi,Fleet,Y,Holiday,October,2024,Foggy,
SESS001400,STN0201,Pune Fast Charge Center,Pune,Maharashtra,highway,CHG00055,AC,CHAdeMO,3.3,SUV,,09/06/2021 17:11,09-06-2021 17:42:35,31.0,13.81,23.0,Cancelled,15.3,65.2,184.23,13.34,Wallet,Commercial,Yes,Weekend,June,2021,Foggy,30.4
SESS000381,STN0177,Chennai Power Station,Chennai,tamil nadu,Office,CHG00180,AC,ccs2,60.0,3-Wheeler,Bajaj Chetak,01-10-2024 21:53:07,,47.0,12.2,,Cancelled,,150.0,164.33,13.47,UPI,,no,Weekday,October,2024,Rainy,33.6
SESS001780,STN0038,Indore Power Station,Indore,Madhya Pradesh,Office,CHG00745,ac,GB/T,150.0,,Hyundai Kona,05/05/2022 07:23,05-05-2022 07:35:05,12.0,32.26,,Cancelled,-5.0,72.4,321.95,9.98,,,No,Holiday,May,2022,Rainy,21.7
SESS000968,STN0056,Kolkata Fast Charge Center,  Kolkata ,West Bengal,Residential,CHG00067,DC fast,GB/T,3.3,2-Wheeler,Tata Nexon EV,10/04/2024 21:36,10-04-2024 22:27:14,51.0,10.15,27.0,COMPLETED,105.0,70.5,126.27,12.44,Wallet,Individual,Yes,Weekend,April,2024,Rainy,23.4
SESS000368,STN0100,Bhopal Fast Charge Center,Bhopal,Madhya Pradesh,Highway,CHG00366,DC fast,GB/T,,3-Wheeler,BYD Atto 3,15-01-2023 16:17:55,15-01-2023 16:23:55,6.0,19.79,,COMPLETED,-5.0,150.0,379.57,19.18,,Commercial,no,Weekday,January,2023,Sunny,49.8
SESS000403,STN0141,Indore EV Hub,Indore,Madhya Pradesh,Highway,CHG00099,DC Ultra Fast,,30.0,,Citroen eC3,20/01/2022 19:39,20-01-2022 20:19:46,40.0,14.81,11.0,Failed,-5.0,,313.08,21.14,App,Commercial,,Weekend,January,2022,Sunny,27.4
SESS000679,STN0200,Indore EV Hub,Indore,Madhya Pradesh,Office,CHG00752,ac,GB/T,30.0,Bus,Bajaj Chetak,12/03/2024 05:36,2024-03-12 06:57:13,81.0,37.22,0.0,Failed,23.3,,815.86,21.92,Card,Fleet,yes,Weekday,March,2024,Rainy,21.5
SESS001963,STN0016,Bhopal EV Hub,  Bhopal ,Madhya Pradesh,Highway,CHG00222,DC Fast,CHAdeMO,7.2,3-Wheeler,Kia EV6,2023-06-18 16:35:47,2023-06-18 16:57:47,22.0,27.28,,Completed,12.2,,593.34,21.75,App,,Y,Weekday,June,2023,Foggy,36.1
SESS001027,STN0023,Delhi EV Hub,Delhi,Delhi,Hotel,CHG00081,,CCS,150.0,2-Wheeler,Hyundai Kona,10/12/2021 19:59,10-12-2021 21:06:58,67.0,17.57,,Failed,105.0,150.0,298.69,17.0,upi,Commercial,N,Weekday,December,2021,,30.4
SESS001120,STN0092,Hyderabad Charge Point,Hyderabad,TELANGANA,Mall,CHG00370,,Type 2,30.0,Bus,MG ZS EV,06/03/2022 14:16,06-03-2022 14:24:55,8.0,15.88,4.0,COMPLETED,10.7,5.699999999999999,267.42,16.84,App,,no,Holiday,March,2022,Rainy,21.2
SESS000900,STN0014,noida Power Station,noida,Uttar Pradesh,Highway,CHG00836,DC Fast,Type 2,150.0,3-Wheeler,Tata Tiago EV,2025-03-02 11:25:30,02-03-2025 12:05:30,40.0,24.21,0.0,Failed,,63.3,304.56,12.58,,,,Weekday,March,2025,Cloudy,19.9
SESS000536,STN0073,Bhopal Fast Charge Center,Bhopal,MADHYA PRADESH,Hotel,CHG00838,DC Ultra Fast,CHAdeMO,150.0,Bus,Hyundai Kona,07/10/2024 19:36,07-10-2024 21:05:15,,26.13,0.0,COMPLETED,18.6,61.3,321.14,12.29,upi,Commercial,Y,Holiday,October,2024,Rainy,21.4
SESS000952,STN0132,Chennai Fast Charge Center,Chennai,Tamil Nadu,Mall,CHG00366,ac,GB/T,60.0,2 Wheeler,Hyundai Kona,10-04-2021 17:13:20,10/04/2021 17:52,39.0,20.18,0.0,Completed,-5.0,,262.95,13.03,upi,,N,Holiday,April,2021,Humid,34.8
SESS000980,STN0037,Surat Charge Point,SURAT,Gujarat,Office,CHG00332,DC Fast,CHAdeMO,50.0,Car,BYD Atto 3,04/12/2021 19:15,2021-12-04 20:27:07,72.0,42.93,36.0,Failed,20.0,150.0,770.16,17.94,UPI,,no,Weekday,December,2021,Foggy,26.9
SESS000497,STN0184,Pune Fast Charge Center,Pune,Maharashtra,highway,CHG00682,,GB/T,60.0,Bus,Kia EV6,16/10/2023 13:15,16-10-2023 14:08:15,53.0,6.24,0.0,COMPLETED,,150.0,117.75,18.87,UPI,,N,Holiday,October,2023,Rainy,31.8
SESS001858,STN0112,Kochi Fast Charge Center,Kochi,Kerala,highway,CHG00444,,,,Bus,Kia EV6,2022-10-24 09:24:13,2022-10-24 10:06:13,42.0,6.73,,Completed,,79.0,102.7,15.26,Cash,,Y,Weekday,October,2022,Foggy,14.5
SESS000460,STN0044,Indore Fast Charge Center,Indore,Madhya Pradesh,Office,CHG00794,DC Fast,CCS,3.3,3-Wheeler,,2025-05-13 03:57:04,,60.0,13.7,,COMPLETED,105.0,,187.83,,Cash,Individual,No,Holiday,May,2025,Cloudy,32.1
SESS001309,STN0111,Mumbai Power Station,Mumbai,Maharashtra,,CHG00282,DC Fast,CHAdeMO,,Bus,Ather 450X,26/03/2023 00:10,26-03-2023 01:25:35,75.0,28.07,,completed,,150.0,397.19,14.15,Wallet,Individual,no,Weekday,March,2023,Humid,25.4
SESS000212,STN0055,SURAT POWER STATION,Surat,Gujarat,Highway,CHG00582,DC Ultra Fast,CCS,3.3,,BYD Atto 3,25-12-2021 19:21:19,2021-12-25 20:13:19,52.0,18.91,0.0,Failed,,150.0,291.78,15.43,,Fleet,Yes,Weekend,December,2021,Sunny,25.3
SESS000938,STN0247,Bengaluru Power Station,Bengaluru,KARNATAKA,highway,CHG00036,,ccs2,60.0,,Ola S1 Pro,20/02/2025 15:34,2025-02-20 15:58:00,24.0,30.58,,Failed,,150.0,471.24,,UPI,,yes,Weekend,February,2025,,
SESS001435,STN0015,Surat Charge Point,Surat,Gujarat,Parking,CHG00521,DC fast,CHAdeMO,120.0,SUV,Ola S1 Pro,2025-08-30 21:22:26,30/08/2025 22:20,58.0,20.48,,Failed,-5.0,150.0,188.01,9.18,Card,Fleet,,Weekday,August,2025,Sunny,
SESS001670,STN0147,Jaipur Fast Charge Center,Jaipur,Rajasthan,Hotel,CHG00426,,ccs2,120.0,2-Wheeler,Ather 450X,15-03-2021 09:28:29,2021-03-15 09:56:29,28.0,28.62,0.0,Failed,105.0,,352.03,12.3,upi,Individual,No,Weekend,March,2021,Humid,20.3
SESS000174,STN0212,Gurugram EV Hub,Gurugram,Haryana,highway,CHG00763,ac,CHAdeMO,22.0,Bus,MG ZS EV,19-03-2024 14:34:38,2024-03-19 15:18:38,44.0,11.11,,Completed,12.7,150.0,126.32,11.37,App,,,Weekend,March,2024,Foggy,28.3
SESS001312,STN0100,lucknow ev hub,Lucknow,Uttar Pradesh,Residential,CHG00185,ac,GB/T,30.0,2-Wheeler,Ola S1 Pro,14-01-2021 15:18:34,14-01-2021 16:48:34,90.0,0.1,33.0,Cancelled,35.9,,1.89,18.94,Wallet,Individual,No,Holiday,January,2021,Foggy,22.9
SESS000193,STN0213,INDORE FAST CHARGE CENTER,Indore,Madhya Pradesh,Residential,CHG00327,,GB/T,120.0,2 Wheeler,Tata Tiago EV,2024-08-14 13:57:29,14/08/2024 14:44,,32.51,14.0,Failed,-5.0,84.7,646.62,19.89,App,,No,Holiday,August,2024,Foggy,27.8
SESS000143,STN0043,Ahmedabad EV Hub,Ahmedabad,Gujarat,,CHG00092,ac,CCS,120.0,Bus,Hyundai Kona,01/11/2025 23:40,02/11/2025 00:17,37.0,0.1,0.0,Failed,,150.0,1.66,16.55,,,yes,Holiday,November,2025,Cloudy,20.2
SESS001437,STN0122,Noida Charge Point,Noida,Uttar Pradesh,Mall,CHG00182,AC,GB/T,50.0,Bus,Citroen eC3,04-10-2025 12:03:16,04-10-2025 12:05:16,2.0,24.3,0.0,Cancelled,105.0,,285.77,11.76,App,Fleet,,Weekend,October,2025,Humid,33.9
SESS001217,STN0201,Chennai Fast Charge Center,  Chennai ,Tamil Nadu,Office,CHG00555,AC,CHAdeMO,3.3,Bus,Tata Tiago EV,14/07/2024 08:47,2024-07-14 09:30:36,43.0,35.77,,Failed,105.0,,505.43,14.13,Wallet,Fleet,Y,Weekday,July,2024,Rainy,
SESS000168,STN0036,Patna Fast Charge Center,Patna,Bihar,Office,CHG00274,,GB/T,150.0,2 Wheeler,,2024-04-17 07:26:06,17-04-2024 08:00:06,34.0,22.17,,Failed,27.6,98.4,349.62,15.77,UPI,,Yes,Holiday,April,2024,Cloudy,24.1
SESS001426,STN0177,Surat EV Hub,Surat,Gujarat,highway,CHG00552,,,50.0,2-Wheeler,Kia EV6,31-01-2021 19:04:12,2021-01-31 19:53:12,49.0,37.42,12.0,Cancelled,,150.0,499.56,13.35,Card,Commercial,Yes,Holiday,January,2021,,21.3
SESS000230,STN0058,Ahmedabad EV Hub,ahmedabad,Gujarat,highway,CHG00357,DC Fast,ccs2,120.0,2-Wheeler,Bajaj Chetak,2025-09-26 12:32:09,26-09-2025 13:22:09,50.0,27.2,0.0,Cancelled,-5.0,-7.0,,14.82,Cash,Commercial,Yes,Holiday,September,2025,Rainy,33.3
SESS000570,STN0028,Jaipur Fast Charge Center,Jaipur,Rajasthan,Mall,CHG00156,AC,Type 2,30.0,2-Wheeler,Citroen eC3,24-06-2022 00:11:33,2022-06-24 01:10:33,59.0,21.13,0.0,completed,-5.0,93.2,423.23,20.03,Cash,Commercial,no,Weekend,June,2022,Cloudy,24.5
SESS000759,STN0200,Noida Fast Charge Center,Noida,uttar pradesh,highway,CHG00774,DC fast,,22.0,3-Wheeler,Tata Nexon EV,27-11-2023 01:30:51,2023-11-27 03:06:51,96.0,29.62,,completed,-5.0,,514.8,17.38,,Fleet,no,Weekday,November,2023,Humid,31.6
SESS001242,STN0162,Jaipur Fast Charge Center,Jaipur,  Rajasthan ,Parking,CHG00523,,CCS,,Bus,,08-09-2024 03:13:33,08-09-2024 04:39:33,86.0,24.93,,COMPLETED,,150.0,528.02,21.18,upi,Commercial,N,Weekday,September,2024,Humid,26.4
SESS000598,STN0133,Mumbai Charge Point,Mumbai,Maharashtra,Parking,CHG00507,AC,CCS,7.2,2 Wheeler,Mahindra XUV400,11-04-2025 16:27:34,2025-04-11 17:07:34,40.0,29.68,,completed,105.0,150.0,337.46,11.37,,,,Weekday,April,2025,,22.9
SESS000762,STN0053,Chennai EV Hub,Chennai,Tamil Nadu,Mall,CHG00686,ac,Type 2,60.0,3-Wheeler,,11-02-2024 19:20:00,11/02/2024 20:30,70.0,15.25,0.0,COMPLETED,,85.5,330.62,21.68,,Individual,yes,Holiday,February,2024,Sunny,22.1
SESS000155,STN0222,Bhopal Fast Charge Center,Bhopal,Madhya Pradesh,highway,CHG00105,,,120.0,3-Wheeler,Bajaj Chetak,14/11/2025 20:45,14/11/2025 21:39,54.0,21.8,0.0,completed,,80.3,435.78,,Cash,Fleet,Yes,Weekend,November,2025,Cloudy,32.6
SESS001455,STN0135,  Kochi EV Hub ,Kochi,Kerala,Parking,CHG00791,DC Fast,GB/T,120.0,,Hyundai Kona,02/11/2023 05:19,02/11/2023 05:49,30.0,11.43,23.0,Failed,37.1,,,12.33,Card,Individual,no,Weekday,November,2023,Rainy,17.8
SESS001428,STN0012,Indore EV Hub,Indore,Madhya Pradesh,,CHG00149,DC Fast,CCS,60.0,2-Wheeler,Ola S1 Pro,2023-10-12 01:06:06,12/10/2023 02:13,67.0,22.5,23.0,Failed,105.0,63.9,248.17,11.03,Card,Individual,,Weekend,October,2023,Rainy,32.3
SESS000885,STN0129,Indore Power Station,Indore,Madhya Pradesh,Highway,CHG00153,DC fast,GB/T,7.2,Bus,Citroen eC3,28-07-2023 03:12:14,2023-07-28 04:16:14,64.0,3.8,,completed,-5.0,98.6,,17.44,Wallet,Individual,Y,Holiday,July,2023,Humid,36.4
SESS001206,STN0187,Noida Fast Charge Center,Noida,Uttar Pradesh,Residential,CHG00148,,Type 2,120.0,SUV,Kia EV6,06/10/2021 10:30,2021-10-06 10:39:51,9.0,30.41,,Completed,8.9,97.8,339.98,11.18,App,Fleet,Yes,Weekday,October,2021,Sunny,27.8
SESS001360,STN0224,Patna Power Station,Patna,BIHAR,highway,CHG00641,ac,ccs2,,Car,Tata Tiago EV,15-07-2025 17:32:11,15-07-2025 17:44:11,12.0,9.08,,Failed,-5.0,,185.96,20.48,UPI,Individual,No,Weekend,July,2025,,
SESS001019,STN0016,Patna Fast Charge Center,Patna,BIHAR,Residential,CHG00212,DC Ultra Fast,GB/T,60.0,,Ather 450X,27-08-2023 20:29:49,27/08/2023 21:03,34.0,9.56,3.0,Cancelled,,,192.06,20.09,,Fleet,yes,Weekend,August,2023,Rainy,20.8
SESS001859,STN0129,Gurugram Power Station,Gurugram,Haryana,Office,CHG00848,,Type 2,7.2,2-Wheeler,TVS iQube,04/06/2024 12:28,2024-06-04 12:41:57,13.0,27.27,0.0,Completed,105.0,150.0,268.88,9.86,App,Individual,No,Weekend,June,2024,,23.8
SESS000075,STN0076,Noida Fast Charge Center,noida,uttar pradesh,Hotel,CHG00277,DC fast,ccs2,30.0,3-Wheeler,,29/07/2024 20:38,29-07-2024 20:40:59,2.0,23.12,,completed,105.0,,226.11,9.78,UPI,Individual,No,Weekend,July,2024,Cloudy,45.4
SESS000809,STN0235,Noida EV Hub,Noida,Uttar Pradesh,,CHG00244,ac,Type 2,30.0,Car,Bajaj Chetak,2023-11-21 15:03:21,2023-11-21 15:51:21,48.0,9.35,,Failed,105.0,89.1,129.4,13.84,Cash,Fleet,No,Weekday,November,2023,Sunny,
SESS000415,STN0150,Patna Fast Charge Center,Patna,Bihar,Residential,CHG00872,DC fast,GB/T,150.0,Bus,Ola S1 Pro,07/12/2021 01:55,07/12/2021 01:47,-8.0,19.3,,completed,,150.0,349.33,18.1,App,Fleet,Y,Weekend,December,2021,Foggy,26.1
SESS001460,STN0228,Patna Power Station,Patna,Bihar,Office,CHG00229,,CHAdeMO,22.0,Bus,Bajaj Chetak,15/06/2021 01:26,15/06/2021 02:51,85.0,33.33,,Failed,,,714.6,21.44,Wallet,Commercial,yes,Weekday,June,2021,Humid,41.8
SESS001231,STN0168,Bhopal Power Station,Bhopal,Madhya Pradesh,Parking,CHG00866,DC Ultra Fast,,30.0,Car,Bajaj Chetak,12-06-2021 06:58:40,2021-06-12 07:53:40,55.0,9.39,,completed,105.0,99.2,160.57,17.1,Cash,Individual,no,Holiday,June,2021,Sunny,
SESS000931,STN0052,Chandigarh Power Station,Chandigarh,Punjab,highway,CHG00015,AC,CCS,30.0,2-Wheeler,Mahindra XUV400,22-02-2021 15:48:24,2021-02-22 15:55:24,7.0,21.02,,Completed,105.0,78.4,170.05,8.09,Cash,Fleet,Y,Holiday,February,2021,Rainy,22.8
SESS001650,STN0176,Kolkata Charge Point,Kolkata,West Bengal,Residential,CHG00102,ac,Type 2,,Bus,Tata Nexon EV,23-08-2022 19:14:11,23/08/2022 19:42,28.0,23.12,0.0,Completed,,,436.97,,Card,Individual,yes,Holiday,August,2022,Humid,31.4
SESS000641,STN0030,Delhi Power Station,delhi,Delhi,Residential,CHG00681,DC Ultra Fast,,,Car,Bajaj Chetak,2021-09-27 13:46:30,27-09-2021 14:48:30,62.0,0.1,0.0,Cancelled,,150.0,0.93,9.26,App,Individual,Yes,Holiday,September,2021,,32.5
SESS000234,STN0142,Noida Charge Point,Noida,Uttar Pradesh,highway,CHG00339,AC,Type 2,,Car,Mahindra XUV400,2022-12-13 18:44:35,2022-12-13 19:04:35,20.0,6.76,6.0,Failed,,150.0,127.76,18.9,,Individual,no,Weekend,December,2022,Foggy,42.0
SESS000021,STN0063,Lucknow Power Station,Lucknow,Uttar Pradesh,highway,CHG00329,DC Ultra Fast,CHAdeMO,30.0,Car,Bajaj Chetak,08-09-2024 08:13:38,08/09/2024 08:33,20.0,20.38,14.0,Cancelled,9.8,150.0,294.49,,UPI,,No,Holiday,September,2024,Humid,21.9
SESS001895,STN0167,Chennai Fast Charge Center,CHENNAI,Tamil Nadu,Parking,CHG00522,DC fast,CHAdeMO,,2-Wheeler,Citroen eC3,2025-06-18 03:47:31,18/06/2025 04:58,71.0,23.98,,Completed,34.5,,275.53,11.49,Wallet,,no,Holiday,June,2025,Sunny,29.8
SESS001794,STN0187,Bhopal Power Station,Bhopal,Madhya Pradesh,Hotel,CHG00798,ac,GB/T,,SUV,Citroen eC3,03/01/2025 16:57,03/01/2025 17:45,48.0,0.1,1.0,Cancelled,105.0,99.0,1.42,14.18,Cash,Individual,yes,Weekday,January,2025,Cloudy,21.7
SESS000030,STN0102,Gurugram Charge Point,Gurugram,Haryana,Office,CHG00002,AC,CHAdeMO,,Bus,Hyundai Kona,31/01/2025 09:09,31/01/2025 09:44,35.0,7.18,24.0,COMPLETED,,61.5,61.53,8.57,,Commercial,No,Weekend,January,2025,,27.2
SESS000804,STN0181,Kochi Power Station,Kochi,KERALA,highway,CHG00427,ac,ccs2,50.0,SUV,MG ZS EV,2024-03-26 08:21:54,2024-03-26 08:56:54,35.0,32.04,0.0,Cancelled,-5.0,98.7,420.69,,Card,,yes,Weekend,March,2024,Sunny,19.6
SESS000883,STN0227,Bhopal EV Hub,Bhopal,Madhya Pradesh,Office,CHG00706,,ccs2,120.0,Bus,Tata Tiago EV,02-03-2021 20:37:40,2021-03-02 21:29:40,52.0,21.65,0.0,Failed,105.0,150.0,218.45,10.09,UPI,Commercial,no,Weekend,March,2021,,27.4
SESS001634,STN0056,Surat Fast Charge Center,Surat,GUJARAT,highway,CHG00802,,ccs2,120.0,,Hyundai Kona,13/05/2022 18:47,13-05-2022 19:51:19,,22.67,7.0,Cancelled,105.0,150.0,330.76,14.59,UPI,Fleet,,Weekend,May,2022,Rainy,27.5
SESS001614,STN0208,Indore Power Station,Indore,Madhya Pradesh,,CHG00777,AC,GB/T,60.0,2-Wheeler,Citroen eC3,20/01/2024 22:19,2024-01-20 22:34:11,15.0,13.62,0.0,Completed,8.1,150.0,208.52,15.31,UPI,Individual,Y,Weekend,January,2024,Foggy,24.9
SESS001055,STN0238,jaipur Charge Point,jaipur,Rajasthan,highway,CHG00612,DC Ultra Fast,CCS,60.0,Bus,Mahindra XUV400,2025-11-09 17:34:04,09/11/2025 17:58,24.0,0.1,0.0,Completed,,85.7,1.9,18.99,UPI,,Yes,Holiday,November,2025,Humid,24.8
SESS000291,STN0132,Jaipur Fast Charge Center,Jaipur,Rajasthan,Office,CHG00244,,CHAdeMO,150.0,Bus,Hyundai Kona,2025-12-21 12:07:01,21/12/2025 12:08,1.0,0.1,6.0,completed,-5.0,94.1,2.01,,upi,Individual,yes,Holiday,December,2025,Cloudy,11.8
SESS000915,STN0195,Indore Charge Point,Indore,Madhya Pradesh,Highway,CHG00041,DC Fast,Type 2,50.0,,Ather 450X,07/03/2022 18:20,07/03/2022 19:43,83.0,3.93,15.0,Failed,105.0,150.0,55.85,14.21,Wallet,,no,Weekend,March,2022,Rainy,
SESS001277,STN0169,Kolkata Charge Point,Kolkata,WEST BENGAL,Highway,CHG00445,DC fast,CHAdeMO,60.0,3-Wheeler,Kia EV6,2025-02-02 21:36:04,2025-02-02 21:59:04,23.0,12.28,33.0,Cancelled,,150.0,255.42,20.8,App,Individual,No,Holiday,February,2025,Sunny,32.6
SESS001094,STN0123,Kolkata Fast Charge Center,Kolkata,West Bengal,Office,CHG00336,,CCS,3.3,2-Wheeler,,25/06/2024 23:38,26/06/2024 00:45,67.0,10.27,11.0,Completed,,84.0,128.48,12.51,upi,Fleet,Y,Holiday,June,2024,Foggy,22.6
SESS001112,STN0010,Gurugram EV Hub,Gurugram,Haryana,highway,CHG00599,,ccs2,7.2,2-Wheeler,,2024-05-30 09:09:13,2024-05-30 10:09:13,60.0,1.74,,completed,,75.6,32.57,,UPI,Fleet,No,Weekend,May,2024,Cloudy,33.1
SESS000115,STN0201,Delhi Fast Charge Center,delhi,Delhi,,CHG00268,AC,,150.0,Bus,Hyundai Kona,2024-03-10 05:07:56,10-03-2024 04:21:56,-46.0,15.5,0.0,Cancelled,18.1,69.6,299.61,19.33,upi,,N,Weekend,March,2024,Sunny,18.0
SESS001573,STN0048,Ahmedabad Charge Point,Ahmedabad,Gujarat,Mall,CHG00581,DC Fast,CCS,3.3,SUV,Bajaj Chetak,2021-04-05 14:50:20,05-04-2021 15:25:20,35.0,34.88,0.0,Completed,28.1,150.0,680.86,19.52,Card,,No,Holiday,April,2021,Sunny,33.7
SESS001116,STN0250,Chandigarh Charge Point,Chandigarh,Punjab,Residential,CHG00788,,GB/T,22.0,2-Wheeler,Ola S1 Pro,08-02-2025 23:04:46,08-02-2025 23:32:46,,21.53,31.0,Completed,18.9,,412.08,19.14,Cash,Individual,Y,Weekend,February,2025,Sunny,21.1
SESS000466,STN0212,Kochi Power Station,Kochi,Kerala,Parking,CHG00212,DC Ultra Fast,GB/T,60.0,2-Wheeler,,04-07-2023 05:44:28,2023-07-04 05:45:28,1.0,16.17,,Failed,105.0,69.1,184.34,,,Individual,No,Weekend,July,2023,,20.9
SESS001776,STN0165,Kolkata EV Hub,Kolkata,West Bengal,Hotel,CHG00123,DC Ultra Fast,CCS,,,,2023-05-15 18:15:20,2023-05-15 18:47:20,32.0,46.05,0.0,Completed,-5.0,,891.53,19.36,App,Fleet,Y,Holiday,May,2023,Humid,21.0
SESS001733,STN0149,hyderabad Power Station,hyderabad,Telangana,highway,CHG00261,,CHAdeMO,30.0,SUV,Ather 450X,2024-12-08 06:04:44,2024-12-08 06:50:44,46.0,18.44,,Completed,105.0,150.0,167.62,9.09,,,,Holiday,December,2024,Sunny,32.9
SESS000890,STN0226,Hyderabad Power Station,hyderabad,Telangana,,CHG00630,DC fast,CCS,22.0,Car,BYD Atto 3,15-05-2023 19:28:50,15-05-2023 20:14:50,46.0,43.37,,Cancelled,105.0,,646.21,14.9,App,Commercial,Y,Weekend,May,2023,Cloudy,18.0
SESS000168,STN0036,Patna Fast Charge Center,Patna,Bihar,Office,CHG00274,,GB/T,150.0,2 Wheeler,,2024-04-17 07:26:06,17-04-2024 08:00:06,34.0,22.17,,Failed,27.6,98.4,349.62,15.77,UPI,,Yes,Holiday,April,2024,Cloudy,24.1
SESS000408,STN0086,Hyderabad EV Hub,Hyderabad,Telangana,Residential,CHG00151,DC Ultra Fast,ccs2,7.2,Bus,Ola S1 Pro,12-07-2025 11:09:50,12-07-2025 12:14:50,65.0,,0.0,Completed,105.0,97.0,458.21,17.61,,Fleet,yes,Weekday,July,2025,Humid,16.9
SESS001641,STN0081,Noida Power Station,Noida,uttar pradesh,Highway,CHG00345,DC Ultra Fast,CHAdeMO,3.3,Car,Mahindra XUV400,2025-09-09 08:01:40,09-09-2025 08:41:40,40.0,,0.0,completed,6.9,-2.0999999999999996,50.25,10.76,Card,Fleet,,Weekend,September,2025,Humid,28.7
SESS000321,STN0109,Kolkata Fast Charge Center,  Kolkata ,west bengal,Mall,CHG00571,,CCS,22.0,Bus,Ola S1 Pro,28-12-2023 14:31:05,2023-12-28 15:06:05,35.0,28.38,,Completed,16.7,73.6,584.63,20.6,Cash,Commercial,no,Weekday,December,2023,Humid,24.2
SESS001965,STN0120,Hyderabad Charge Point,hyderabad,Telangana,Mall,CHG00180,ac,GB/T,7.2,2-Wheeler,,08-10-2024 22:56:50,08/10/2024 23:36,40.0,14.5,28.0,COMPLETED,105.0,,143.55,9.9,Card,,Y,Weekday,October,2024,Rainy,26.3
SESS000898,STN0248,Delhi Fast Charge Center,Delhi,Delhi,Mall,CHG00275,DC Ultra Fast,Type 2,30.0,,,2022-11-16 13:05:16,16-11-2022 14:15:16,70.0,31.82,,completed,105.0,,285.43,8.97,Cash,Individual,yes,Weekend,November,2022,,31.8
SESS001610,STN0091,Chennai Fast Charge Center,Chennai,Tamil Nadu,highway,CHG00153,AC,Type 2,150.0,Car,,13-01-2024 02:14:15,13-01-2024 02:46:15,32.0,18.79,24.0,Failed,-5.0,80.2,298.39,15.88,Cash,Commercial,No,Holiday,January,2024,Foggy,31.1
SESS001102,STN0153,Patna Power Station,Patna,BIHAR,,CHG00067,,Type 2,120.0,2 Wheeler,Tata Tiago EV,20/05/2025 11:29,20-05-2025 12:13:16,,,0.0,Cancelled,105.0,,602.12,16.16,Cash,Commercial,Yes,Holiday,May,2025,Sunny,30.4
SESS000705,STN0136,Ahmedabad Power Station,Ahmedabad,GUJARAT,Mall,CHG00619,,,7.2,Car,,2025-10-26 00:42:01,26-10-2025 01:47:01,65.0,23.76,,completed,39.1,,,,Cash,,N,Holiday,October,2025,Sunny,29.9
SESS000921,STN0213,  Kochi EV Hub ,Kochi,Kerala,Highway,CHG00859,ac,ccs2,,Car,TVS iQube,2021-06-17 19:41:31,2021-06-17 19:42:31,1.0,0.1,,Completed,105.0,150.0,1.42,14.16,,,N,Weekend,June,2021,Sunny,25.2
SESS000567,STN0102,Bengaluru Power Station,Bengaluru,Karnataka,Highway,CHG00795,ac,ccs2,150.0,SUV,Kia EV6,2021-11-08 00:59:49,08/11/2021 01:32,33.0,4.82,4.0,Cancelled,7.8,150.0,64.01,13.28,App,Commercial,Yes,Holiday,November,2021,Sunny,28.9
SESS001556,STN0212,Lucknow EV Hub,Lucknow,Uttar Pradesh,,CHG00383,DC Fast,GB/T,150.0,2 Wheeler,Ola S1 Pro,09/05/2021 14:08,09/05/2021 14:30,22.0,25.14,,COMPLETED,-5.0,,549.81,21.87,UPI,,Y,Holiday,May,2021,Rainy,30.0
SESS000599,STN0002,Noida Power Station,Noida,Uttar Pradesh,Office,CHG00255,ac,CCS,3.3,,Bajaj Chetak,22/02/2022 09:28,2022-02-22 10:02:39,34.0,11.45,,Completed,-5.0,,112.21,9.8,Cash,Fleet,yes,Weekend,February,2022,Rainy,26.4
SESS001715,STN0115,Gurugram Power Station,Gurugram,Haryana,Office,CHG00378,ac,CCS,30.0,2 Wheeler,,18/12/2025 15:29,18-12-2025 16:33:30,64.0,18.77,0.0,Completed,-5.0,85.6,264.84,14.11,Wallet,,No,Holiday,December,2025,Foggy,42.7
SESS000258,STN0095,Patna Charge Point,Patna,Bihar,Mall,CHG00217,DC Fast,Type 2,,2 Wheeler,Kia EV6,27-04-2022 19:02:46,27/04/2022 20:10,68.0,39.44,0.0,Failed,,91.4,392.43,9.95,Card,Individual,,Weekend,April,2022,Humid,38.1
SESS000256,STN0038,Pune Power Station,Pune,Maharashtra,Highway,CHG00757,DC fast,CCS,3.3,Bus,Tata Tiago EV,18-11-2023 20:38:57,2023-11-18 21:23:57,45.0,1.55,36.0,Completed,105.0,150.0,28.35,18.29,upi,,,Weekend,November,2023,Sunny,25.5
SESS000728,STN0049,Indore Power Station,Indore,Madhya Pradesh,Highway,CHG00285,DC fast,CCS,150.0,Car,Bajaj Chetak,18-09-2021 09:35:20,18-09-2021 10:05:20,30.0,39.95,0.0,Failed,-5.0,,558.9,13.99,UPI,,Y,Weekend,September,2021,,33.5
SESS001710,STN0046,Ahmedabad Power Station,Ahmedabad,Gujarat,Highway,CHG00563,DC Ultra Fast,Type 2,120.0,Bus,,14/05/2022 00:04,,55.0,0.1,0.0,Failed,-5.0,93.3,1.76,17.59,App,Fleet,yes,Holiday,May,2022,Foggy,29.3
SESS000706,STN0075,Jaipur Power Station,Jaipur,RAJASTHAN,Hotel,CHG00701,DC Fast,,3.3,Car,Kia EV6,09-04-2024 20:18:59,,44.0,20.71,,COMPLETED,16.8,13.8,311.48,15.04,Cash,,,Holiday,April,2024,Cloudy,26.7
SESS000988,STN0099,Noida Power Station,noida,Uttar Pradesh,Office,CHG00551,DC fast,CHAdeMO,150.0,2-Wheeler,Citroen eC3,19-07-2025 04:54:34,19-07-2025 05:56:34,62.0,28.6,,Completed,33.4,,447.02,15.63,Wallet,Individual,N,Weekend,July,2025,Cloudy,31.9
SESS000498,STN0115,Ahmedabad Charge Point,Ahmedabad,  Gujarat ,Office,CHG00407,DC fast,CCS,,Car,BYD Atto 3,21/06/2024 07:37,21-06-2024 08:40:12,63.0,19.29,,Completed,-5.0,150.0,249.81,12.95,App,Commercial,no,Weekend,June,2024,Cloudy,
SESS000899,STN0162,Bengaluru Power Station,Bengaluru,Karnataka,Mall,CHG00493,DC Ultra Fast,ccs2,50.0,2 Wheeler,Tata Tiago EV,24-06-2023 15:02:56,2023-06-24 16:27:56,85.0,23.31,12.0,Completed,-5.0,61.8,510.49,21.9,UPI,,N,Holiday,June,2023,Cloudy,22.8
SESS000131,STN0136,patna EV Hub,patna,Bihar,Office,CHG00334,ac,ccs2,7.2,,Bajaj Chetak,03/12/2025 16:22,2025-12-03 16:58:59,36.0,10.0,,Failed,36.2,,178.1,17.81,,Commercial,Yes,Holiday,December,2025,Humid,23.7
SESS001268,STN0170,Bhopal Power Station,Bhopal,Madhya Pradesh,Office,CHG00111,DC Fast,CCS,3.3,2 Wheeler,,2025-04-06 19:38:23,,45.0,4.6,,Failed,17.1,94.8,87.86,19.1,UPI,Commercial,,Weekend,April,2025,Sunny,27.7
SESS000101,STN0160,Jaipur Fast Charge Center,Jaipur,rajasthan,Mall,CHG00712,DC Fast,GB/T,22.0,Car,TVS iQube,06-04-2023 17:58:35,06-04-2023 18:38:35,40.0,2.97,0.0,Cancelled,105.0,89.6,52.9,17.81,UPI,,N,Weekend,April,2023,Sunny,12.9
SESS000172,STN0178,Surat Charge Point,Surat,Gujarat,,CHG00114,,GB/T,150.0,2 Wheeler,Ola S1 Pro,2023-12-05 12:05:23,,30.0,0.1,0.0,Failed,31.5,80.3,1.25,12.51,,Fleet,no,Holiday,December,2023,,24.4
SESS000492,STN0213,Surat Fast Charge Center,SURAT,Gujarat,Mall,CHG00322,DC Fast,GB/T,3.3,3-Wheeler,Tata Tiago EV,20-05-2024 19:36:52,20/05/2024 19:45,9.0,,0.0,Failed,,71.8,300.67,,UPI,Individual,Yes,Weekend,May,2024,Rainy,
SESS001727,STN0084,Ahmedabad Charge Point,Ahmedabad,Gujarat,Highway,CHG00412,ac,CCS,150.0,Bus,Mahindra XUV400,15/07/2025 17:52,2025-07-15 18:31:59,39.0,34.65,0.0,Cancelled,-5.0,150.0,698.89,,Card,Commercial,,Weekday,July,2025,Humid,
SESS001916,STN0088,Bengaluru Fast Charge Center,Bengaluru,Karnataka,highway,CHG00840,DC Ultra Fast,GB/T,120.0,,Bajaj Chetak,22/04/2024 11:30,22-04-2024 11:40:05,10.0,33.18,8.0,Cancelled,37.8,150.0,552.45,16.65,,Fleet,Yes,Weekday,April,2024,Foggy,30.2
SESS001478,STN0118,hyderabad ev hub,Hyderabad,Telangana,highway,CHG00302,ac,Type 2,30.0,,Tata Tiago EV,18/03/2024 15:38,,69.0,24.21,0.0,COMPLETED,,,316.67,13.08,Cash,,Yes,Weekday,March,2024,,26.4
SESS000111,STN0230,Bengaluru EV Hub,Bengaluru,Karnataka,,CHG00220,,Type 2,50.0,2 Wheeler,Bajaj Chetak,23-04-2023 22:53:23,23-04-2023 22:55:23,2.0,30.46,5.0,completed,-5.0,,668.9,21.96,Cash,,yes,Holiday,April,2023,,
SESS001680,STN0214,Patna Charge Point,Patna,BIHAR,Residential,CHG00627,AC,GB/T,7.2,SUV,Ola S1 Pro,07/12/2022 00:02,07/12/2022 00:52,50.0,,4.0,Cancelled,25.8,,327.03,9.28,Cash,Individual,Y,Holiday,December,2022,Cloudy,39.6
SESS001910,STN0213,Bhopal Power Station,Bhopal,Madhya Pradesh,Parking,CHG00011,DC Fast,ccs2,3.3,2 Wheeler,Citroen eC3,29/05/2024 00:07,2024-05-29 00:38:20,31.0,36.55,9.0,Cancelled,-5.0,95.6,675.08,18.47,,Fleet,yes,Weekday,May,2024,Sunny,35.2
SESS001225,STN0154,bhopal Fast Charge Center,bhopal,Madhya Pradesh,Parking,CHG00893,AC,Type 2,120.0,2 Wheeler,Kia EV6,24/07/2025 14:14,24/07/2025 14:40,26.0,19.09,51.0,Failed,,,328.54,17.21,Wallet,Fleet,,Weekend,July,2025,Foggy,21.6
SESS001021,STN0034,Jaipur Power Station,Jaipur,Rajasthan,Hotel,CHG00033,,GB/T,60.0,Bus,Tata Nexon EV,14/04/2022 13:21,14/04/2022 13:40,19.0,10.35,0.0,Failed,-5.0,69.8,129.89,12.55,UPI,Commercial,N,Weekend,April,2022,Cloudy,
SESS001227,STN0104,Pune Charge Point,Pune,MAHARASHTRA,,CHG00449,AC,ccs2,,,Bajaj Chetak,30/07/2021 15:44,30-07-2021 16:15:38,31.0,28.99,22.0,Failed,,,,11.45,Cash,Individual,Y,Weekend,July,2021,Humid,30.6
SESS000713,STN0058,Mumbai Power Station,Mumbai,Maharashtra,Hotel,CHG00376,DC Fast,GB/T,120.0,Bus,MG ZS EV,24/10/2024 15:45,2024-10-24 16:14:43,29.0,0.39,0.0,Cancelled,105.0,,3.86,9.9,Wallet,Fleet,Y,Holiday,October,2024,,38.7
SESS000828,STN0009,Patna Charge Point,Patna,Bihar,Office,CHG00180,DC Fast,ccs2,60.0,2-Wheeler,BYD Atto 3,2024-05-16 01:20:40,2024-05-16 02:41:40,81.0,19.35,,Completed,105.0,150.0,394.35,,Card,,No,Weekend,May,2024,Cloudy,
SESS001685,STN0104,PATNA FAST CHARGE CENTER,Patna,Bihar,Residential,CHG00076,,CCS,50.0,Bus,Ather 450X,2022-09-28 13:34:50,28/09/2022 14:25,,29.25,0.0,Completed,,97.7,281.68,9.63,,Individual,,Holiday,September,2022,Rainy,
SESS001805,STN0093,Gurugram Power Station,Gurugram,Haryana,,CHG00293,AC,CCS,3.3,2-Wheeler,Tata Nexon EV,10/11/2021 11:35,10-11-2021 12:28:55,53.0,11.81,0.0,Completed,6.7,,227.81,19.29,Card,Individual,yes,Holiday,November,2021,Humid,25.0
SESS001480,STN0145,Delhi Power Station,Delhi,Delhi,,CHG00199,ac,Type 2,22.0,SUV,Ola S1 Pro,2021-10-28 15:44:36,2021-10-28 17:30:36,106.0,25.0,,Cancelled,,93.0,231.5,,,Fleet,no,Weekend,October,2021,Foggy,41.3
SESS001658,STN0086,Hyderabad Charge Point,Hyderabad,Telangana,Parking,CHG00757,DC Fast,GB/T,7.2,SUV,Tata Nexon EV,2024-08-31 10:40:09,31/08/2024 11:04,24.0,11.94,2.0,Failed,105.0,,157.37,13.18,,,,Weekday,August,2024,Foggy,28.0
SESS001020,STN0129,Indore Power Station,Indore,MADHYA PRADESH,Highway,CHG00192,ac,CHAdeMO,22.0,SUV,Tata Tiago EV,2024-02-19 08:55:46,19/02/2024 09:58,63.0,45.94,,COMPLETED,16.5,150.0,548.52,11.94,App,,,Weekend,February,2024,Cloudy,34.4
SESS001161,STN0193,Ahmedabad Charge Point,Ahmedabad,Gujarat,Residential,CHG00533,DC Ultra Fast,CHAdeMO,50.0,2-Wheeler,TVS iQube,01-02-2025 13:01:01,2025-02-01 13:47:01,46.0,13.41,,completed,105.0,150.0,204.37,15.24,Card,,N,Holiday,February,2025,Cloudy,34.2
SESS001545,STN0186,Hyderabad EV Hub,Hyderabad,Telangana,Parking,CHG00820,AC,CHAdeMO,60.0,Car,MG ZS EV,2023-10-15 12:48:27,15/10/2023 13:18,30.0,26.62,,Completed,105.0,150.0,490.61,18.43,Cash,Fleet,,Weekday,October,2023,Cloudy,26.7
SESS000961,STN0211,Mumbai Power Station,  Mumbai ,Maharashtra,Parking,CHG00119,DC fast,GB/T,30.0,2-Wheeler,Kia EV6,2023-03-23 18:23:12,23/03/2023 19:46,83.0,16.39,14.0,completed,105.0,81.8,215.69,,Cash,Commercial,,Weekend,March,2023,Humid,27.3
SESS000660,STN0101,Hyderabad Charge Point,hyderabad,Telangana,Mall,CHG00143,AC,ccs2,30.0,3-Wheeler,BYD Atto 3,2025-09-26 05:40:52,26-09-2025 06:24:52,44.0,20.86,,Cancelled,,,195.88,,UPI,,Y,Weekend,September,2025,Rainy,26.1
SESS001594,STN0163,Mumbai EV Hub,Mumbai,Maharashtra,Highway,CHG00095,DC Ultra Fast,CHAdeMO,3.3,Bus,MG ZS EV,31/08/2021 15:46,31/08/2021 16:33,47.0,18.06,0.0,completed,105.0,150.0,234.24,12.97,Card,Commercial,No,Weekday,August,2021,Rainy,29.5
SESS001403,STN0153,Chandigarh Charge Point,chandigarh,Punjab,highway,CHG00060,DC fast,ccs2,7.2,2 Wheeler,Citroen eC3,20-07-2024 20:05:12,2024-07-20 21:08:12,63.0,15.43,11.0,COMPLETED,31.6,150.0,239.32,15.51,App,Individual,No,Holiday,July,2024,,28.7
SESS001731,STN0164,Chennai EV Hub,Chennai,Tamil Nadu,highway,CHG00879,DC fast,Type 2,7.2,Car,,2025-05-01 08:26:03,01/05/2025 09:36,70.0,-22.59,0.0,completed,,150.0,379.66,9.69,Cash,,,Weekday,May,2025,Cloudy,25.1
SESS000271,STN0185,Lucknow EV Hub,Lucknow,Uttar Pradesh,Office,CHG00047,DC Fast,GB/T,150.0,2 Wheeler,Citroen eC3,18-10-2023 00:07:40,,36.0,27.58,6.0,COMPLETED,,77.4,224.23,8.13,App,Fleet,N,Weekend,October,2023,Foggy,28.1
SESS001631,STN0115,Hyderabad Power Station,Hyderabad,Telangana,Hotel,CHG00210,DC Fast,,150.0,2-Wheeler,Ather 450X,23/04/2023 06:05,23/04/2023 06:42,37.0,30.72,0.0,COMPLETED,,,565.25,18.4,,,Y,Holiday,April,2023,Rainy,
SESS000064,STN0197,Bhopal Power Station,Bhopal,MADHYA PRADESH,,CHG00119,DC fast,ccs2,,2-Wheeler,Tata Nexon EV,31-12-2023 04:04:32,31-12-2023 04:31:32,27.0,5.32,24.0,Cancelled,105.0,69.6,48.47,,UPI,,yes,Weekend,December,2023,Rainy,36.1
SESS000394,STN0024,Chandigarh EV Hub,Chandigarh,Punjab,Hotel,CHG00069,DC fast,Type 2,60.0,Bus,Tata Nexon EV,08-11-2024 23:48:37,2024-11-08 23:49:37,,32.52,20.0,Failed,,,467.31,,Wallet,Fleet,Yes,Weekend,November,2024,Humid,28.5
SESS001095,STN0047,PUNE CHARGE POINT,PUNE,Maharashtra,Parking,CHG00256,DC fast,,150.0,2 Wheeler,MG ZS EV,2024-11-21 08:58:49,2024-11-21 09:44:49,46.0,36.73,15.0,Failed,105.0,,444.43,,upi,Individual,Yes,Holiday,November,2024,Foggy,20.8
SESS001559,STN0165,Jaipur Fast Charge Center,Jaipur,Rajasthan,,CHG00609,DC Fast,CCS,150.0,2-Wheeler,BYD Atto 3,2021-04-03 02:23:10,2021-04-03 03:22:10,59.0,9.01,0.0,Cancelled,-5.0,150.0,104.07,11.55,,Commercial,,Weekday,April,2021,Foggy,
SESS000893,STN0232,delhi EV Hub,delhi,Delhi,Parking,CHG00282,,CCS,3.3,3-Wheeler,Citroen eC3,30/01/2022 06:26,30-01-2022 06:57:46,31.0,,0.0,Failed,,91.0,,14.03,App,Fleet,N,Weekday,January,2022,Foggy,31.4
SESS001296,STN0073,HYDERABAD CHARGE POINT,Hyderabad,Telangana,Parking,CHG00859,AC,,30.0,2 Wheeler,Mahindra XUV400,10/06/2022 19:46,10-06-2022 20:00:28,14.0,4.29,0.0,COMPLETED,,,77.39,,UPI,Commercial,no,Holiday,June,2022,Rainy,28.8
SESS000544,STN0247,Noida Charge Point,NOIDA,UTTAR PRADESH,Hotel,CHG00368,AC,GB/T,50.0,Car,Bajaj Chetak,25-02-2025 18:28:04,25-02-2025 18:29:04,1.0,16.36,0.0,Cancelled,,,271.09,16.57,upi,Commercial,Yes,Weekday,February,2025,Foggy,30.4
SESS000779,STN0245,Chennai Power Station,Chennai,TAMIL NADU,Mall,CHG00648,DC Fast,Type 2,7.2,SUV,Bajaj Chetak,25/12/2021 03:48,25-12-2021 04:17:05,,26.53,,COMPLETED,-5.0,70.0,312.52,11.78,App,,Y,Weekday,December,2021,Rainy,34.1
SESS001185,STN0074,Chennai Power Station,CHENNAI,Tamil Nadu,Hotel,CHG00369,DC Ultra Fast,GB/T,50.0,3-Wheeler,Ather 450X,12-07-2021 17:42:22,12/07/2021 18:43,61.0,25.6,0.0,Cancelled,,,244.22,9.54,,Fleet,Yes,Holiday,July,2021,Cloudy,27.6
SESS001301,STN0219,Indore Charge Point,Indore,Madhya Pradesh,highway,CHG00593,DC fast,Type 2,150.0,SUV,Tata Nexon EV,2021-09-06 18:33:47,06-09-2021 19:26:47,53.0,29.26,7.0,COMPLETED,14.9,,535.17,18.29,Wallet,Commercial,Y,Holiday,September,2021,Humid,29.2
SESS000170,STN0233,Mumbai EV Hub,Mumbai,Maharashtra,Parking,CHG00485,DC fast,GB/T,7.2,Car,Citroen eC3,2023-05-03 17:16:53,2023-05-03 17:24:53,8.0,20.75,0.0,Failed,-5.0,,294.44,14.19,,,,Weekend,May,2023,Foggy,30.8
SESS000037,STN0180,Jaipur EV Hub,Jaipur,Rajasthan,highway,CHG00068,AC,CHAdeMO,30.0,,Ather 450X,16/11/2023 16:33,2023-11-16 18:22:12,109.0,27.15,0.0,Completed,12.8,150.0,449.88,16.57,Card,Fleet,,Weekday,November,2023,Cloudy,29.4
SESS000244,STN0193,Jaipur EV Hub,Jaipur,Rajasthan,Highway,CHG00279,DC fast,ccs2,150.0,Car,Tata Tiago EV,2024-04-24 13:50:23,2024-04-24 15:17:23,87.0,19.35,3.0,Completed,35.6,,234.91,12.14,Wallet,Individual,,Holiday,April,2024,Humid,23.3
SESS000083,STN0023,Chennai Charge Point,Chennai,Tamil Nadu,Hotel,CHG00650,,CHAdeMO,50.0,SUV,Tata Tiago EV,16-01-2022 12:38:26,2022-01-16 13:11:26,33.0,5.12,0.0,COMPLETED,22.8,150.0,85.04,16.61,Wallet,,No,Weekday,January,2022,Humid,25.4
SESS001285,STN0207,Chandigarh Power Station,Chandigarh,Punjab,Hotel,CHG00779,DC Fast,Type 2,60.0,2 Wheeler,TVS iQube,28/10/2021 04:03,28-10-2021 04:39:01,36.0,11.19,,Failed,-5.0,150.0,114.14,10.2,,Fleet,No,Holiday,October,2021,Cloudy,24.6
SESS000946,STN0101,Lucknow Fast Charge Center,Lucknow,UTTAR PRADESH,Parking,CHG00692,,CCS,,2-Wheeler,BYD Atto 3,2024-07-15 19:02:50,15/07/2024 19:17,,15.55,28.0,Completed,16.2,71.7,323.28,20.79,Cash,Individual,N,Weekend,July,2024,Sunny,39.3
SESS000861,STN0232,Lucknow Fast Charge Center,lucknow,Uttar Pradesh,Residential,CHG00769,DC Ultra Fast,GB/T,3.3,Car,,2024-08-22 19:22:01,2024-08-22 19:50:01,28.0,27.81,0.0,completed,105.0,70.2,295.9,10.64,Cash,,Yes,Weekday,August,2024,Cloudy,
SESS000373,STN0006,Lucknow Fast Charge Center,Lucknow,Uttar Pradesh,Hotel,CHG00515,,,150.0,,,16/05/2021 15:44,16/05/2021 16:35,51.0,14.46,6.0,Cancelled,33.4,98.8,212.56,,upi,Fleet,No,Holiday,May,2021,,30.6
SESS000775,STN0028,Kolkata Fast Charge Center,Kolkata,West Bengal,Mall,CHG00067,AC,Type 2,120.0,Bus,Tata Tiago EV,27/07/2023 12:12,27/07/2023 12:51,39.0,15.89,9.0,COMPLETED,,,144.44,9.09,Wallet,,,Holiday,July,2023,Sunny,25.6
SESS001047,STN0140,Patna Power Station,Patna,Bihar,Mall,CHG00118,ac,GB/T,7.2,SUV,Ather 450X,08-01-2024 12:24:57,,37.0,19.33,0.0,completed,37.9,,418.69,21.66,UPI,,yes,Holiday,January,2024,Sunny,29.8
SESS001362,STN0164,Patna Charge Point,Patna,Bihar,highway,CHG00100,DC Ultra Fast,,22.0,2-Wheeler,TVS iQube,15/07/2025 17:42,15/07/2025 18:39,57.0,22.1,,completed,-5.0,,216.36,9.79,Card,Individual,,Holiday,July,2025,Rainy,24.2
SESS001333,STN0184,Hyderabad Power Station,Hyderabad,telangana,Mall,CHG00535,DC Ultra Fast,CHAdeMO,,SUV,Hyundai Kona,02-09-2021 23:09:49,02-09-2021 23:22:49,13.0,17.95,0.0,Completed,,74.1,225.99,12.59,UPI,,Y,Holiday,September,2021,Sunny,26.7
SESS001171,STN0168,Chandigarh Fast Charge Center,Chandigarh,Punjab,,CHG00560,DC Fast,ccs2,7.2,SUV,Tata Nexon EV,27-07-2023 05:37:34,2023-07-27 06:30:34,53.0,35.88,,Failed,105.0,76.8,646.92,18.03,Cash,,,Holiday,July,2023,Rainy,29.7
SESS000752,STN0077,Surat Fast Charge Center,Surat,gujarat,Office,CHG00257,DC fast,CCS,150.0,,,09/02/2021 02:10,09-02-2021 02:20:07,10.0,22.44,38.0,Cancelled,20.5,150.0,482.01,21.48,UPI,Individual,no,Weekend,February,2021,Humid,23.9
SESS000508,STN0096,Surat Fast Charge Center,Surat,Gujarat,Office,CHG00661,DC fast,CHAdeMO,120.0,3-Wheeler,Ather 450X,2024-08-19 10:43:31,2024-08-19 11:35:31,52.0,35.68,,Completed,10.7,,646.16,18.11,upi,Fleet,no,Weekend,August,2024,Humid,27.6
SESS001245,STN0057,Delhi Charge Point,Delhi,Delhi,highway,CHG00784,,,3.3,2-Wheeler,Bajaj Chetak,2024-04-24 06:43:01,24-04-2024 07:48:01,,25.4,0.0,COMPLETED,6.6,80.0,254.76,10.03,Card,Individual,N,Weekday,April,2024,Rainy,29.1
SESS001038,STN0048,Bengaluru EV Hub,Bengaluru,Karnataka,highway,CHG00254,ac,CCS,50.0,Bus,,2024-09-03 19:36:26,03-09-2024 20:24:26,48.0,21.05,0.0,Failed,105.0,150.0,429.84,,UPI,Individual,yes,Weekend,September,2024,Foggy,
SESS001235,STN0113,Pune Fast Charge Center,Pune,MAHARASHTRA,Highway,CHG00770,,Type 2,150.0,Car,BYD Atto 3,11-07-2022 23:40:20,2022-07-12 01:00:20,80.0,0.1,13.0,COMPLETED,16.5,99.1,1.71,17.13,,Commercial,Yes,Weekday,July,2022,,24.1
SESS001697,STN0026,Ahmedabad Charge Point,Ahmedabad,Gujarat,Hotel,CHG00878,,Type 2,,Car,Tata Nexon EV,25-01-2022 23:51:48,2022-01-26 00:29:48,38.0,17.97,0.0,Completed,23.4,,322.2,17.93,UPI,,no,Weekend,January,2022,Foggy,30.5
SESS000585,STN0137,Ahmedabad Fast Charge Center,Ahmedabad,Gujarat,Parking,CHG00682,,ccs2,22.0,Car,Tata Nexon EV,22-06-2022 17:50:18,2022-06-22 18:29:18,39.0,20.14,10.0,completed,105.0,,310.76,15.43,Cash,Individual,Y,Weekend,June,2022,,27.4
SESS000512,STN0214,Patna Power Station,  Patna ,Bihar,Hotel,CHG00649,AC,Type 2,,SUV,Mahindra XUV400,24-10-2025 22:54:34,2025-10-24 23:29:34,35.0,21.12,,Cancelled,105.0,,326.09,15.44,UPI,Commercial,Y,Holiday,October,2025,Sunny,22.3
SESS000178,STN0092,Indore Charge Point,Indore,Madhya Pradesh,,CHG00220,DC fast,GB/T,120.0,Car,MG ZS EV,15/07/2024 11:31,15-07-2024 12:01:45,30.0,27.72,,completed,14.0,62.5,570.48,,UPI,Commercial,Y,Holiday,July,2024,Sunny,25.3
SESS000277,STN0141,Jaipur Charge Point,JAIPUR,Rajasthan,Residential,CHG00590,ac,GB/T,7.2,2-Wheeler,Hyundai Kona,2023-04-09 21:40:11,09/04/2023 22:31,51.0,20.29,4.0,COMPLETED,-5.0,,278.78,13.74,App,Commercial,no,Weekend,April,2023,Rainy,40.7
SESS000880,STN0205,Noida Charge Point,Noida,UTTAR PRADESH,Mall,CHG00323,,ccs2,30.0,Car,BYD Atto 3,11/08/2022 10:07,11/08/2022 10:42,35.0,18.03,49.0,COMPLETED,,150.0,354.83,,App,Commercial,Yes,Holiday,August,2022,Cloudy,23.2
SESS000548,STN0006,Kochi Fast Charge Center,Kochi,Kerala,Mall,CHG00221,DC fast,GB/T,,SUV,MG ZS EV,2023-11-12 21:41:22,12/11/2023 23:01,80.0,15.81,,COMPLETED,105.0,80.3,265.77,16.81,Cash,Individual,Yes,Weekend,November,2023,,28.3
SESS001863,STN0141,Kolkata Charge Point,Kolkata,West Bengal,Office,CHG00212,AC,GB/T,30.0,3-Wheeler,Tata Nexon EV,2025-07-29 19:44:26,29/07/2025 21:03,79.0,19.23,31.0,Cancelled,35.2,62.7,179.8,9.35,,Fleet,Y,Weekday,July,2025,Cloudy,24.3
SESS000720,STN0040,Lucknow EV Hub,Lucknow,Uttar Pradesh,highway,CHG00345,ac,,30.0,2 Wheeler,Mahindra XUV400,08-02-2022 22:45:23,08-02-2022 22:46:23,1.0,0.1,0.0,Cancelled,17.1,150.0,1.38,13.82,Wallet,Commercial,no,Weekend,February,2022,Sunny,29.4
SESS000477,STN0038,Chandigarh Charge Point,Chandigarh,Punjab,Hotel,CHG00170,AC,GB/T,60.0,,Tata Tiago EV,26-07-2025 11:01:43,26-07-2025 12:00:43,59.0,29.42,3.0,Cancelled,,,394.52,13.41,Cash,Fleet,No,Holiday,July,2025,Sunny,21.2
SESS000226,STN0178,bengaluru ev hub,Bengaluru,Karnataka,Mall,CHG00080,AC,,60.0,,Hyundai Kona,2023-01-21 09:39:57,21/01/2023 10:00,21.0,32.74,0.0,COMPLETED,35.9,150.0,505.51,15.44,upi,,,Holiday,January,2023,Cloudy,29.3
SESS000633,STN0033,indore EV Hub,indore,Madhya Pradesh,Office,CHG00776,ac,CCS,30.0,Bus,,17/02/2023 21:04,2023-02-17 21:42:53,38.0,22.82,,Failed,-5.0,150.0,441.11,19.33,Card,Fleet,N,Weekend,February,2023,Humid,
SESS000217,STN0007,Indore Charge Point,Indore,Madhya Pradesh,highway,CHG00447,DC Ultra Fast,CHAdeMO,30.0,Bus,BYD Atto 3,13/01/2022 12:58,13-01-2022 13:23:21,25.0,25.54,0.0,Completed,105.0,,470.45,18.42,UPI,Fleet,No,Weekday,January,2022,Rainy,25.2
SESS001054,STN0164,Chennai Charge Point,  Chennai ,Tamil Nadu,Residential,CHG00644,DC Ultra Fast,CHAdeMO,3.3,Bus,,2025-12-25 13:19:06,,,35.31,14.0,completed,-5.0,150.0,611.57,17.32,Card,Fleet,Y,Weekend,December,2025,Foggy,37.4
SESS001884,STN0032,Indore Fast Charge Center,Indore,Madhya Pradesh,Residential,CHG00702,,CCS,150.0,Bus,Ola S1 Pro,07-04-2022 07:10:01,07/04/2022 08:17,67.0,0.86,0.0,Cancelled,28.7,150.0,17.46,20.3,App,Commercial,Y,Weekday,April,2022,Cloudy,22.8
SESS001725,STN0236,Surat Fast Charge Center,Surat,Gujarat,Mall,CHG00470,AC,ccs2,3.3,2-Wheeler,Ather 450X,2024-11-11 10:13:03,2024-11-11 10:15:03,2.0,8.29,,completed,-5.0,150.0,66.98,8.08,Wallet,,,Holiday,November,2024,,29.6
SESS001747,STN0128,Delhi Power Station,delhi,Delhi,Mall,CHG00050,,CCS,3.3,2-Wheeler,Tata Nexon EV,25-09-2022 16:19:02,2022-09-25 16:45:02,,7.84,0.0,Failed,39.2,150.0,94.24,12.02,Cash,,yes,Holiday,September,2022,Humid,26.2
SESS000838,STN0206,Noida Power Station,Noida,UTTAR PRADESH,Office,CHG00296,,,120.0,2-Wheeler,Mahindra XUV400,30/06/2023 22:39,30/06/2023 23:14,35.0,41.4,4.0,Failed,,,535.72,12.94,upi,Commercial,Y,Weekday,June,2023,Sunny,22.0
SESS000181,STN0132,Delhi Charge Point,Delhi,Delhi,Mall,CHG00572,,Type 2,3.3,Car,Ather 450X,27/05/2025 03:11,27-05-2025 04:14:21,,45.7,0.0,Completed,105.0,,520.07,11.38,Cash,Individual,no,Weekday,May,2025,Sunny,29.2
SESS000919,STN0124,HYDERABAD FAST CHARGE CENTER,hyderabad,Telangana,highway,CHG00674,,Type 2,60.0,3-Wheeler,Kia EV6,05/02/2024 00:55,05-02-2024 01:28:23,33.0,39.89,,Failed,22.2,95.1,502.61,12.6,Wallet,,Yes,Weekday,February,2024,Cloudy,25.9
SESS000746,STN0003,Bengaluru Charge Point,Bengaluru,Karnataka,Hotel,CHG00016,DC Ultra Fast,Type 2,120.0,,Bajaj Chetak,2024-04-10 10:13:25,2024-04-10 10:50:25,37.0,38.5,,Completed,,150.0,754.22,19.59,Wallet,Individual,Yes,Holiday,April,2024,Sunny,
SESS000902,STN0059,Jaipur EV Hub,Jaipur,Rajasthan,,CHG00348,,CCS,50.0,,BYD Atto 3,15-09-2022 23:58:44,16/09/2022 00:43,45.0,24.41,0.0,Cancelled,-5.0,150.0,341.01,13.97,Wallet,,No,Holiday,September,2022,Foggy,22.9
SESS001484,STN0198,Chennai EV Hub,Chennai,Tamil Nadu,Mall,CHG00270,AC,,50.0,Car,Hyundai Kona,15/04/2025 04:11,2025-04-15 04:18:36,7.0,2.46,6.0,Cancelled,,91.6,37.29,15.16,,,No,Weekday,April,2025,,44.4
SESS001945,STN0224,Bhopal Charge Point,Bhopal,Madhya Pradesh,Hotel,CHG00562,DC Fast,CHAdeMO,60.0,3-Wheeler,Mahindra XUV400,2022-12-13 10:17:37,13-12-2022 11:10:37,53.0,26.62,,Cancelled,105.0,76.8,400.1,15.03,App,Commercial,Y,Weekend,December,2022,Sunny,18.0
SESS000678,STN0148,Kolkata Power Station,  Kolkata ,  West Bengal ,,CHG00474,DC Ultra Fast,ccs2,150.0,Car,Ola S1 Pro,17/05/2023 23:00,2023-05-17 23:59:06,59.0,16.42,0.0,COMPLETED,105.0,150.0,184.23,11.22,Cash,Individual,,Holiday,May,2023,Foggy,
SESS000639,STN0055,  Chandigarh EV Hub ,Chandigarh,Punjab,Office,CHG00759,DC Ultra Fast,CCS,60.0,SUV,,09/08/2023 15:42,,46.0,26.45,0.0,Cancelled,14.0,150.0,275.34,10.41,Card,Individual,,Holiday,August,2023,,26.4
SESS000045,STN0120,Bengaluru Fast Charge Center,Bengaluru,Karnataka,Hotel,CHG00696,AC,CCS,7.2,SUV,Kia EV6,23/12/2021 12:20,23-12-2021 13:20:59,60.0,33.31,32.0,completed,105.0,80.6,668.2,20.06,Wallet,Commercial,Yes,Weekday,December,2021,Rainy,18.9
SESS001499,STN0151,Ahmedabad Fast Charge Center,Ahmedabad,Gujarat,,CHG00631,ac,ccs2,,Car,Kia EV6,26-12-2025 15:15:25,,50.0,25.54,,Failed,-5.0,,316.19,12.38,UPI,Commercial,,Weekday,December,2025,Sunny,29.0
SESS000265,STN0030,Chandigarh Power Station,Chandigarh,Punjab,Highway,CHG00588,DC fast,ccs2,60.0,SUV,Mahindra XUV400,05-02-2021 17:04:37,2021-02-05 17:48:37,44.0,11.19,,Completed,-5.0,63.5,116.71,10.43,,Fleet,No,Weekday,February,2021,Cloudy,25.3
SESS001089,STN0175,Surat Fast Charge Center,Surat,Gujarat,Office,CHG00574,,CHAdeMO,22.0,,,03-06-2023 17:38:31,03/06/2023 17:53,15.0,,15.0,Cancelled,,150.0,392.56,14.06,Card,Fleet,No,Holiday,June,2023,Rainy,28.1
SESS001970,STN0209,Jaipur Charge Point,Jaipur,Rajasthan,Hotel,CHG00444,AC,CCS,,Bus,Ola S1 Pro,23/05/2024 20:41,23/05/2024 21:54,73.0,5.57,,COMPLETED,105.0,150.0,103.55,18.59,upi,,no,Weekend,May,2024,Rainy,17.9
SESS001239,STN0120,Pune EV Hub,Pune,Maharashtra,Parking,CHG00667,,,7.2,,Citroen eC3,20/10/2024 03:05,20-10-2024 03:41:38,36.0,5.55,12.0,Completed,105.0,150.0,86.86,15.65,,Commercial,no,Holiday,October,2024,Sunny,34.2
SESS001991,STN0103,Kolkata Power Station,Kolkata,West Bengal,highway,CHG00270,DC Fast,Type 2,7.2,2 Wheeler,BYD Atto 3,03/05/2021 07:26,03/05/2021 08:38,72.0,28.3,29.0,Completed,-5.0,,521.57,18.43,Cash,Commercial,,Weekday,May,2021,Sunny,34.0
SESS000897,STN0162,PUNE POWER STATION,Pune,Maharashtra,,CHG00770,DC Fast,Type 2,30.0,,Hyundai Kona,28/10/2023 08:31,2023-10-28 08:38:30,7.0,11.89,,COMPLETED,38.7,78.9,138.16,11.62,App,Fleet,,Holiday,October,2023,Humid,22.8
SESS000851,STN0167,Delhi EV Hub,Delhi,Delhi,,CHG00301,DC Ultra Fast,Type 2,,SUV,Mahindra XUV400,2024-12-13 02:18:03,13-12-2024 03:07:03,49.0,14.46,,Completed,105.0,60.9,,21.98,upi,,Yes,Weekday,December,2024,Humid,39.4
SESS000095,STN0237,mumbai Power Station,mumbai,MAHARASHTRA,,CHG00006,DC fast,GB/T,7.2,2 Wheeler,TVS iQube,09-03-2022 16:36:30,09-03-2022 18:07:30,91.0,14.68,,COMPLETED,10.3,66.6,283.91,,Cash,Fleet,no,Weekday,March,2022,Cloudy,28.8
SESS000176,STN0200,Patna EV Hub,Patna,Bihar,Office,CHG00834,AC,GB/T,150.0,Car,Kia EV6,2024-03-16 06:40:44,2024-03-16 06:59:44,19.0,27.1,,Completed,-5.0,150.0,289.97,10.7,UPI,Commercial,yes,Holiday,March,2024,Rainy,
SESS000399,STN0037,chandigarh EV Hub,  chandigarh ,Punjab,Office,CHG00830,DC Fast,Type 2,120.0,Car,Tata Nexon EV,30-12-2022 21:11:01,,42.0,35.98,40.0,COMPLETED,,,452.99,12.59,Card,,Yes,Holiday,December,2022,Cloudy,27.0
SESS001926,STN0207,Lucknow Charge Point,lucknow,UTTAR PRADESH,Mall,CHG00067,,,120.0,,Bajaj Chetak,30/08/2022 04:32,30/08/2022 05:16,44.0,10.35,,Failed,-5.0,150.0,117.58,11.36,App,Fleet,N,Weekend,August,2022,,29.2
SESS001197,STN0130,Surat EV Hub,Surat,Gujarat,Highway,CHG00842,DC Ultra Fast,CCS,150.0,SUV,Mahindra XUV400,05-10-2023 20:31:37,05-10-2023 21:19:37,48.0,35.63,,Completed,11.3,,737.9,,Card,Commercial,N,Weekend,October,2023,Rainy,27.5
SESS000333,STN0192,chandigarh ev hub,Chandigarh,Punjab,Residential,CHG00100,DC Ultra Fast,CHAdeMO,60.0,,Ather 450X,06-04-2024 04:04:53,2024-04-06 05:04:53,60.0,20.21,0.0,Cancelled,-5.0,84.7,209.58,10.37,Wallet,Fleet,N,Weekend,April,2024,Humid,33.7
SESS001057,STN0170,Mumbai Power Station,Mumbai,Maharashtra,,CHG00532,DC fast,CHAdeMO,22.0,Car,Tata Nexon EV,14/09/2022 23:39,15/09/2022 00:28,49.0,17.56,13.0,Failed,35.2,93.6,191.05,10.88,Cash,,no,Weekend,September,2022,Humid,28.1
SESS000032,STN0064,bengaluru Power Station,bengaluru,Karnataka,Mall,CHG00482,AC,GB/T,22.0,Bus,Ola S1 Pro,19-10-2023 03:19:59,19-10-2023 04:12:59,53.0,0.1,,completed,105.0,,1.8,17.96,Wallet,Individual,No,Holiday,October,2023,Humid,30.2
SESS000745,STN0238,Patna Power Station,Patna,Bihar,Office,CHG00252,AC,CHAdeMO,150.0,Car,,08-09-2024 07:57:39,2024-09-08 08:23:39,26.0,0.1,,completed,105.0,,0.81,8.11,UPI,Individual,Y,Weekday,September,2024,Foggy,18.6
SESS001260,STN0171,PATNA CHARGE POINT,Patna,BIHAR,Highway,CHG00506,AC,Type 2,50.0,Bus,BYD Atto 3,2021-02-17 22:48:16,17/02/2021 22:56,8.0,21.01,6.0,completed,105.0,,455.5,21.68,,Fleet,Y,Weekday,February,2021,Rainy,30.0
SESS000375,STN0102,Kochi Fast Charge Center,Kochi,Kerala,highway,CHG00383,AC,CHAdeMO,50.0,,Hyundai Kona,02/03/2022 01:39,02-03-2022 02:28:16,49.0,0.87,,Failed,-5.0,,15.91,18.29,,Commercial,yes,Weekday,March,2022,,35.5
SESS001422,STN0194,Ahmedabad Charge Point,Ahmedabad,Gujarat,Parking,CHG00523,DC Ultra Fast,CHAdeMO,,SUV,Bajaj Chetak,11/08/2024 17:01,,28.0,22.14,28.0,Failed,-5.0,92.9,450.33,20.34,upi,,,Weekday,August,2024,Humid,37.6
SESS000409,STN0094,Lucknow EV Hub,Lucknow,Uttar Pradesh,Residential,CHG00105,AC,CHAdeMO,3.3,3-Wheeler,Kia EV6,14/08/2023 16:10,2023-08-14 16:47:34,37.0,23.06,,Cancelled,-5.0,,405.86,17.6,App,,no,Weekday,August,2023,Foggy,29.6
SESS001724,STN0172,Bengaluru Fast Charge Center,Bengaluru,Karnataka,Parking,CHG00811,DC Fast,GB/T,60.0,Car,Hyundai Kona,22-12-2024 23:17:48,23/12/2024 00:08,51.0,9.74,0.0,Failed,,84.6,132.95,13.65,UPI,,No,Weekday,December,2024,Cloudy,24.9
SESS000686,STN0215,Lucknow Power Station,Lucknow,Uttar Pradesh,,CHG00503,AC,,7.2,Car,Mahindra XUV400,25-04-2021 17:06:59,25-04-2021 18:26:59,80.0,1.4,0.0,COMPLETED,,86.9,22.57,16.12,,Fleet,Yes,Weekday,April,2021,Foggy,31.8
SESS000419,STN0232,chennai Power Station,chennai,Tamil Nadu,Parking,CHG00523,,,22.0,,MG ZS EV,2024-01-12 20:25:16,12/01/2024 20:26,1.0,-13.02,,Completed,-5.0,91.7,451.57,19.14,Card,Commercial,no,Weekday,January,2024,Sunny,21.4
SESS001414,STN0093,Mumbai Power Station,Mumbai,Maharashtra,Highway,CHG00900,DC Fast,ccs2,,2-Wheeler,Bajaj Chetak,03-09-2021 10:08:47,,19.0,13.29,0.0,Completed,13.6,80.6,148.98,11.21,Card,Individual,yes,Weekday,September,2021,Rainy,23.1
SESS000145,STN0205,Gurugram Charge Point,Gurugram,Haryana,Parking,CHG00205,,CHAdeMO,22.0,,Mahindra XUV400,2022-09-26 11:02:11,2022-09-26 11:32:11,,22.3,17.0,COMPLETED,21.4,61.6,433.51,,UPI,Fleet,No,Weekend,September,2022,Humid,
SESS001840,STN0020,Bengaluru EV Hub,Bengaluru,Karnataka,Highway,CHG00219,AC,Type 2,150.0,2 Wheeler,MG ZS EV,28-03-2021 20:45:35,28-03-2021 22:18:35,93.0,26.87,0.0,completed,,150.0,218.99,8.15,Card,Individual,yes,Holiday,March,2021,Foggy,20.4
SESS001575,STN0149,Lucknow Fast Charge Center,Lucknow,Uttar Pradesh,Hotel,CHG00340,DC Ultra Fast,CCS,60.0,3-Wheeler,Mahindra XUV400,20/02/2023 04:26,20/02/2023 05:30,,10.05,,Failed,105.0,94.7,101.2,10.07,Card,Individual,yes,Weekday,February,2023,Foggy,28.5
SESS000266,STN0169,Kolkata Power Station,Kolkata,West Bengal,Office,CHG00479,,,3.3,Bus,TVS iQube,11/07/2021 06:32,2021-07-11 07:23:48,51.0,5.19,13.0,Completed,-5.0,93.5,56.1,10.81,UPI,Individual,Yes,Weekend,July,2021,Foggy,20.1
SESS001824,STN0159,Kolkata Power Station,Kolkata,WEST BENGAL,Parking,CHG00253,DC Fast,Type 2,120.0,SUV,Mahindra XUV400,06/10/2021 22:15,2021-10-06 23:16:37,61.0,31.96,,Cancelled,21.7,82.4,337.82,10.57,App,Fleet,,Weekday,October,2021,Rainy,19.1
SESS000987,STN0170,jaipur Power Station,  jaipur ,Rajasthan,Hotel,CHG00525,,,120.0,2 Wheeler,Ather 450X,22/07/2024 18:24,22-07-2024 19:17:34,53.0,16.84,0.0,completed,-5.0,,157.29,9.34,Cash,Individual,no,Weekend,July,2024,Sunny,38.6
SESS000015,STN0141,Patna Power Station,Patna,Bihar,Office,CHG00443,,CHAdeMO,,Bus,Tata Tiago EV,11/02/2024 06:44,2024-02-11 07:43:07,59.0,0.1,0.0,Cancelled,-5.0,150.0,1.62,,Card,Fleet,Yes,Holiday,February,2024,Foggy,30.5
SESS001119,STN0245,indore Fast Charge Center,indore,Madhya Pradesh,Office,CHG00500,AC,GB/T,60.0,,Bajaj Chetak,07/04/2024 11:38,2024-04-07 11:39:24,1.0,42.08,,COMPLETED,105.0,150.0,715.36,17.0,upi,Commercial,,Holiday,April,2024,Humid,23.5
SESS000529,STN0113,Hyderabad Fast Charge Center,Hyderabad,Telangana,Mall,CHG00848,DC Fast,CHAdeMO,7.2,3-Wheeler,Citroen eC3,27/10/2023 11:30,27-10-2023 11:31:59,1.0,22.45,14.0,Completed,21.7,150.0,431.26,19.21,App,Fleet,N,Weekend,October,2023,Rainy,22.8
SESS000392,STN0026,Pune Power Station,Pune,Maharashtra,Highway,CHG00019,DC fast,ccs2,30.0,,TVS iQube,2025-11-08 21:13:43,2025-11-08 21:28:43,15.0,9.97,2.0,Failed,-5.0,,103.99,10.43,Wallet,Commercial,N,Weekend,November,2025,Cloudy,31.4
SESS000854,STN0143,DELHI CHARGE POINT,Delhi,DELHI,highway,CHG00874,AC,CCS,50.0,2 Wheeler,Tata Nexon EV,2021-05-25 15:05:11,2021-05-25 15:54:11,49.0,4.89,0.0,Failed,7.7,95.2,85.53,17.49,,Fleet,No,Weekday,May,2021,Foggy,14.3
SESS000730,STN0173,  Hyderabad EV Hub ,Hyderabad,Telangana,Highway,CHG00867,ac,CCS,120.0,3-Wheeler,Tata Tiago EV,22-04-2021 09:13:12,22/04/2021 10:18,65.0,14.25,13.0,Cancelled,11.2,150.0,206.62,14.5,upi,,no,Weekday,April,2021,,34.7
SESS000802,STN0046,Kolkata EV Hub,Kolkata,West Bengal,Mall,CHG00025,AC,,120.0,3-Wheeler,Ather 450X,2025-06-24 13:33:52,24-06-2025 14:06:52,33.0,12.91,,Failed,-5.0,,233.03,18.05,Cash,Fleet,No,Weekday,June,2025,Sunny,24.4
SESS001950,STN0096,chandigarh Power Station,chandigarh,Punjab,Residential,CHG00592,DC Ultra Fast,CHAdeMO,120.0,Car,Mahindra XUV400,12-09-2024 21:25:08,12/09/2024 22:18,53.0,7.48,,COMPLETED,33.0,,129.25,17.28,UPI,Commercial,N,Weekday,September,2024,Sunny,28.5
SESS001948,STN0143,Bhopal Fast Charge Center,Bhopal,Madhya Pradesh,highway,CHG00537,DC Ultra Fast,ccs2,50.0,2 Wheeler,BYD Atto 3,12-11-2024 11:05:41,12/11/2024 11:31,26.0,15.41,6.0,completed,36.2,150.0,192.62,,App,Individual,yes,Weekday,November,2024,,31.3
SESS000079,STN0151,Kochi Charge Point,Kochi,Kerala,Parking,CHG00554,,GB/T,150.0,Car,,2021-12-09 21:27:56,2021-12-09 22:31:56,64.0,44.75,8.0,Completed,,69.8,427.36,9.55,Card,Commercial,yes,Holiday,December,2021,Humid,21.2
SESS000604,STN0064,Pune Power Station,Pune,MAHARASHTRA,Office,CHG00392,DC Ultra Fast,CHAdeMO,7.2,,Hyundai Kona,2025-06-30 17:50:08,2025-06-30 18:22:08,32.0,9.52,0.0,COMPLETED,,71.2,81.11,8.52,App,Commercial,No,Weekend,June,2025,Rainy,25.1
SESS000388,STN0194,Bengaluru Fast Charge Center,Bengaluru,Karnataka,,CHG00515,DC fast,CCS,120.0,SUV,MG ZS EV,14/01/2021 02:27,2021-01-14 03:07:32,40.0,34.69,0.0,completed,18.5,150.0,436.05,12.57,upi,Commercial,N,Holiday,January,2021,Rainy,29.0
SESS000184,STN0151,Bhopal Fast Charge Center,Bhopal,Madhya Pradesh,Residential,CHG00409,ac,CCS,60.0,Bus,,31-08-2023 07:06:56,31-08-2023 07:23:56,17.0,8.22,0.0,Completed,18.2,94.7,122.56,14.91,,,No,Holiday,August,2023,,17.2
SESS001474,STN0175,Jaipur EV Hub,jaipur,Rajasthan,,CHG00815,DC Ultra Fast,,50.0,Car,Kia EV6,31/10/2025 13:42,2025-10-31 14:29:10,47.0,9.75,8.0,COMPLETED,,150.0,161.65,,App,Commercial,N,Holiday,October,2025,Foggy,23.2
SESS001405,STN0101,Lucknow EV Hub,Lucknow,Uttar Pradesh,,CHG00480,DC fast,,50.0,3-Wheeler,Tata Tiago EV,13/12/2024 18:38,2024-12-13 19:17:56,39.0,26.11,,Cancelled,105.0,150.0,352.49,13.5,Cash,Commercial,no,Weekday,December,2024,Sunny,33.6
SESS000836,STN0076,Indore Charge Point,Indore,MADHYA PRADESH,,CHG00746,ac,CCS,,Car,Tata Tiago EV,05/07/2021 15:45,2021-07-05 16:45:24,60.0,17.5,31.0,completed,105.0,150.0,266.53,15.23,Cash,Fleet,yes,Weekend,July,2021,Humid,32.0
SESS001516,STN0147,Gurugram Fast Charge Center,Gurugram,Haryana,Residential,CHG00015,DC fast,GB/T,50.0,,Ola S1 Pro,2024-06-10 20:18:32,10-06-2024 20:54:32,36.0,23.18,6.0,Cancelled,,,478.67,20.65,App,Fleet,no,Holiday,June,2024,Cloudy,24.3
SESS001804,STN0095,Bhopal Power Station,Bhopal,Madhya Pradesh,,CHG00608,ac,ccs2,22.0,,Hyundai Kona,14/05/2024 00:42,14/05/2024 01:22,40.0,-22.42,7.0,completed,25.0,150.0,432.04,21.85,UPI,Fleet,yes,Weekday,May,2024,Humid,
SESS000191,STN0240,bengaluru charge point,Bengaluru,karnataka,Parking,CHG00006,DC Fast,Type 2,150.0,2-Wheeler,Ola S1 Pro,2022-12-01 23:39:38,02-12-2022 01:00:38,81.0,16.07,20.0,completed,10.1,5.1,330.88,20.59,Card,,yes,Holiday,December,2022,Cloudy,32.8
SESS001695,STN0212,Hyderabad Power Station,Hyderabad,telangana,Highway,CHG00781,ac,ccs2,60.0,,Tata Tiago EV,03/07/2025 03:48,03-07-2025 04:36:02,48.0,34.79,0.0,completed,-5.0,150.0,441.49,12.69,upi,Individual,,Holiday,July,2025,,31.3
SESS001646,STN0236,kolkata Power Station,kolkata,West Bengal,Office,CHG00148,ac,ccs2,50.0,2-Wheeler,TVS iQube,23/06/2025 17:32,23/06/2025 18:23,51.0,22.68,,Failed,32.9,,493.06,21.74,Wallet,,yes,Weekday,June,2025,Humid,33.1
SESS000365,STN0062,Surat EV Hub,surat,Gujarat,,CHG00274,ac,ccs2,22.0,Car,Tata Nexon EV,31/08/2025 15:14,31/08/2025 16:00,46.0,25.01,11.0,COMPLETED,30.2,,477.44,,upi,,no,Weekday,August,2025,Cloudy,20.7
SESS000869,STN0108,Chandigarh Fast Charge Center,Chandigarh,Punjab,Parking,CHG00578,DC Ultra Fast,CCS,22.0,2-Wheeler,TVS iQube,04/07/2022 11:20,2022-07-04 11:47:46,27.0,28.84,0.0,Completed,105.0,,595.26,20.64,Card,Commercial,,Weekday,July,2022,Rainy,21.2
SESS001160,STN0144,Noida Power Station,Noida,Uttar Pradesh,Hotel,CHG00718,,ccs2,60.0,3-Wheeler,,2023-04-21 23:16:00,21-04-2023 23:51:00,35.0,31.61,7.0,COMPLETED,105.0,,475.1,15.03,Card,Fleet,N,Holiday,April,2023,Cloudy,28.8
SESS000246,STN0048,Jaipur Fast Charge Center,Jaipur,Rajasthan,Highway,CHG00091,,Type 2,120.0,3-Wheeler,,22/03/2023 15:49,,47.0,2.27,5.0,Completed,-5.0,,45.42,20.01,,,yes,Weekday,March,2023,,27.3
SESS000882,STN0214,  Ahmedabad Fast Charge Center ,Ahmedabad,Gujarat,Residential,CHG00821,DC Ultra Fast,CCS,50.0,Car,Bajaj Chetak,2021-11-24 02:16:28,2021-11-24 02:51:28,35.0,25.61,0.0,completed,,150.0,520.91,20.34,,Individual,yes,Weekend,November,2021,Rainy,36.8
SESS000275,STN0164,Delhi Power Station,delhi,Delhi,Highway,CHG00440,AC,Type 2,120.0,2 Wheeler,Ather 450X,27/03/2021 22:16,2021-03-27 23:28:33,72.0,6.58,,Cancelled,-5.0,,85.54,13.0,Card,Fleet,Y,Weekday,March,2021,,
SESS000148,STN0034,Kochi Power Station,Kochi,Kerala,highway,CHG00042,,,150.0,2 Wheeler,MG ZS EV,29/09/2024 02:53,29/09/2024 03:38,45.0,21.62,3.0,Completed,105.0,,455.53,21.07,Card,Fleet,,Holiday,September,2024,,18.6
SESS001130,STN0015,Kochi Power Station,Kochi,KERALA,Office,CHG00499,,GB/T,,,Tata Nexon EV,2021-03-20 16:41:43,,63.0,38.62,,Failed,,79.1,749.61,19.41,,Commercial,,Weekend,March,2021,Foggy,21.4
SESS000295,STN0110,Delhi Power Station,Delhi,Delhi,Hotel,CHG00504,ac,ccs2,,Car,,15/04/2023 03:52,15/04/2023 04:58,66.0,32.95,,Completed,36.5,66.6,636.92,19.33,Card,Commercial,yes,Holiday,April,2023,Cloudy,24.8
SESS000325,STN0089,Chennai Fast Charge Center,Chennai,Tamil Nadu,Hotel,CHG00855,,ccs2,120.0,Bus,Tata Tiago EV,03/05/2024 01:00,2024-05-03 01:01:15,1.0,22.85,,completed,,150.0,190.11,8.32,upi,Commercial,no,Weekday,May,2024,Rainy,29.8
SESS000771,STN0124,Kolkata EV Hub,  Kolkata ,West Bengal,Residential,CHG00474,DC Ultra Fast,Type 2,,2 Wheeler,Tata Tiago EV,29/01/2024 10:47,29-01-2024 11:49:32,62.0,31.58,,Failed,21.6,90.7,519.18,16.44,App,Commercial,No,Weekday,January,2024,,24.5
SESS000800,STN0090,Delhi Power Station,Delhi,Delhi,Parking,CHG00814,DC Ultra Fast,,50.0,SUV,,24/03/2024 23:48,2024-03-25 00:40:13,52.0,0.1,0.0,Cancelled,16.9,8.899999999999999,,21.44,Card,,No,Weekday,March,2024,Humid,26.2
SESS000540,STN0182,Chandigarh EV Hub,Chandigarh,Punjab,Highway,CHG00100,DC fast,CHAdeMO,30.0,Car,,2025-01-14 14:23:25,2025-01-14 14:59:25,36.0,0.1,,Completed,-5.0,61.1,1.79,17.86,App,Individual,Y,Holiday,January,2025,,28.8
SESS001716,STN0005,Chennai EV Hub,Chennai,Tamil Nadu,Residential,CHG00079,DC Ultra Fast,ccs2,7.2,Bus,Ola S1 Pro,02-11-2022 11:03:08,2022-11-02 11:42:08,39.0,28.82,1.0,Failed,34.5,87.8,258.23,8.96,App,Fleet,,Weekday,November,2022,Rainy,29.6
SESS001898,STN0026,Bhopal Fast Charge Center,Bhopal,Madhya Pradesh,,CHG00072,DC fast,CHAdeMO,,Car,,29-09-2023 08:59:53,29/09/2023 10:39,100.0,15.44,,completed,,150.0,125.53,8.13,,Commercial,N,Weekend,September,2023,Foggy,26.6
SESS000677,STN0030,Kolkata Fast Charge Center,Kolkata,West Bengal,highway,CHG00644,DC Ultra Fast,ccs2,7.2,3-Wheeler,Ola S1 Pro,2025-09-14 22:49:57,,90.0,12.51,0.0,Cancelled,-5.0,150.0,204.16,16.32,Card,Individual,no,Weekend,September,2025,Cloudy,25.8
SESS001135,STN0226,Mumbai Power Station,Mumbai,Maharashtra,highway,CHG00247,,CHAdeMO,,3-Wheeler,Tata Tiago EV,01/10/2023 10:54,01/10/2023 10:57,3.0,16.29,23.0,completed,105.0,,161.27,9.9,Card,,No,Holiday,October,2023,Foggy,28.6
SESS000901,STN0158,Surat Power Station,Surat,Gujarat,Hotel,CHG00581,DC Fast,,7.2,2 Wheeler,,21/08/2025 16:09,21/08/2025 16:48,39.0,29.71,0.0,COMPLETED,105.0,69.4,629.26,21.18,UPI,Commercial,Y,Weekend,August,2025,Sunny,13.2
SESS001283,STN0185,kochi Power Station,kochi,Kerala,,CHG00397,DC fast,CCS,7.2,Car,Tata Nexon EV,30-12-2023 13:47:38,30-12-2023 14:57:38,70.0,,,completed,-5.0,83.4,431.58,21.93,Card,Fleet,No,Weekday,December,2023,Humid,28.9
SESS000769,STN0027,Gurugram Charge Point,Gurugram,Haryana,Highway,CHG00812,DC Fast,GB/T,60.0,,BYD Atto 3,25-04-2024 15:25:44,25-04-2024 16:23:44,,31.02,36.0,completed,105.0,150.0,435.21,14.03,Card,Individual,No,Weekend,April,2024,,25.2
SESS001851,STN0190,Bhopal EV Hub,Bhopal,Madhya Pradesh,Hotel,CHG00478,AC,CCS,7.2,SUV,Citroen eC3,2023-02-13 06:23:21,13/02/2023 07:43,80.0,,,Failed,8.1,150.0,353.28,10.14,Card,Fleet,,Holiday,February,2023,,29.8
SESS000006,STN0076,Chennai Fast Charge Center,Chennai,tamil nadu,Mall,CHG00587,DC fast,,7.2,,BYD Atto 3,2021-07-06 13:43:55,06-07-2021 13:51:55,8.0,14.43,,Completed,105.0,150.0,221.64,15.36,Cash,Individual,Y,Weekend,July,2021,Rainy,32.2
SESS000975,STN0207,Gurugram Power Station,Gurugram,Haryana,Highway,CHG00171,ac,CCS,50.0,2 Wheeler,Ather 450X,18-04-2021 10:56:03,2021-04-18 12:02:03,66.0,28.6,,COMPLETED,105.0,75.3,472.47,16.52,App,Commercial,N,Holiday,April,2021,Humid,22.3
SESS001169,STN0075,Bhopal Charge Point,Bhopal,Madhya Pradesh,Residential,CHG00019,ac,ccs2,7.2,2 Wheeler,Tata Nexon EV,23-02-2022 02:04:49,23-02-2022 03:27:49,83.0,12.14,,Cancelled,105.0,75.8,263.56,,upi,Fleet,no,Weekday,February,2022,Foggy,38.6
SESS000104,STN0196,Gurugram Charge Point,Gurugram,Haryana,Residential,CHG00421,,GB/T,30.0,Bus,Tata Tiago EV,2025-10-24 10:52:37,2025-10-24 11:16:37,24.0,33.22,,Cancelled,105.0,,590.32,17.77,Cash,Fleet,N,Holiday,October,2025,Cloudy,33.6
SESS000211,STN0248,Pune Fast Charge Center,pune,Maharashtra,highway,CHG00714,,ccs2,7.2,,Citroen eC3,05-04-2023 10:09:53,05/04/2023 10:32,23.0,34.58,16.0,Completed,33.9,150.0,453.34,13.11,Wallet,Fleet,Y,Holiday,April,2023,,41.6
SESS001922,STN0001,Hyderabad EV Hub,Hyderabad,TELANGANA,Residential,CHG00463,DC fast,CHAdeMO,,2-Wheeler,MG ZS EV,03-05-2024 04:02:03,2024-05-03 04:31:03,29.0,8.54,14.0,completed,,150.0,184.46,21.6,Wallet,Fleet,No,Weekday,May,2024,Sunny,37.2
SESS001471,STN0169,Ahmedabad EV Hub,Ahmedabad,Gujarat,Parking,CHG00537,AC,Type 2,3.3,SUV,Mahindra XUV400,30-01-2022 15:57:13,2022-01-30 16:17:13,20.0,26.39,,COMPLETED,105.0,150.0,398.75,15.11,App,Individual,Yes,Weekend,January,2022,,32.4
SESS000042,STN0162,Kolkata Fast Charge Center,Kolkata,West Bengal,Highway,CHG00888,DC Fast,CHAdeMO,3.3,,,24/09/2022 00:30,24-09-2022 01:18:10,48.0,12.43,,COMPLETED,32.8,,169.79,13.66,,,Yes,Weekday,September,2022,Humid,15.7
SESS001387,STN0135,Pune Fast Charge Center,Pune,Maharashtra,highway,CHG00177,DC fast,,50.0,3-Wheeler,Kia EV6,11-06-2024 08:53:05,11-06-2024 09:23:05,30.0,14.99,5.0,Completed,-5.0,96.1,142.7,9.52,upi,,,Holiday,June,2024,,25.4
SESS001674,STN0120,Hyderabad EV Hub,Hyderabad,Telangana,Office,CHG00445,ac,,60.0,Bus,Bajaj Chetak,05/02/2023 07:24,05-02-2023 08:38:05,74.0,33.72,,Cancelled,105.0,150.0,477.81,14.17,Cash,Individual,No,Weekend,February,2023,,16.6
SESS000378,STN0045,patna ev hub,Patna,Bihar,Parking,CHG00869,AC,Type 2,,2 Wheeler,,06-01-2024 11:12:16,06/01/2024 12:07,55.0,27.59,12.0,Cancelled,,,255.21,9.25,Cash,,N,Weekday,January,2024,,7.4
SESS001279,STN0187,Surat Power Station,surat,Gujarat,Highway,CHG00369,DC Fast,,7.2,2 Wheeler,Hyundai Kona,2025-01-11 14:03:27,2025-01-11 14:52:27,49.0,15.56,,Failed,-5.0,80.8,202.9,13.04,Cash,Commercial,,Holiday,January,2025,Cloudy,25.2
SESS000147,STN0144,Delhi Charge Point,Delhi,Delhi,Parking,CHG00677,AC,Type 2,150.0,2 Wheeler,,25/05/2025 15:07,2025-05-25 16:07:32,60.0,0.1,26.0,completed,105.0,150.0,1.06,10.58,Cash,Individual,yes,Weekend,May,2025,Humid,36.3
SESS001662,STN0227,Jaipur Charge Point,Jaipur,Rajasthan,Highway,CHG00033,ac,ccs2,3.3,2 Wheeler,TVS iQube,31-05-2024 01:48:39,2024-05-31 02:55:39,67.0,26.83,6.0,Completed,-5.0,150.0,320.89,11.96,Cash,Individual,Yes,Holiday,May,2024,Rainy,
SESS001111,STN0063,Indore EV Hub,Indore,Madhya Pradesh,Parking,CHG00184,,Type 2,30.0,2-Wheeler,Hyundai Kona,2024-07-18 14:41:47,2024-07-18 15:18:47,37.0,7.23,0.0,COMPLETED,24.8,,111.13,15.37,App,Fleet,No,Holiday,July,2024,Sunny,26.1
SESS001121,STN0230,Mumbai Fast Charge Center,Mumbai,Maharashtra,Office,CHG00444,DC Fast,CCS,150.0,Bus,,06-08-2021 11:59:23,06/08/2021 12:44,45.0,17.45,,Cancelled,17.9,95.4,163.33,9.36,Card,Individual,yes,Weekday,August,2021,Foggy,31.2
SESS001567,STN0119,Noida Charge Point,Noida,Uttar Pradesh,Parking,CHG00081,DC Ultra Fast,ccs2,150.0,2-Wheeler,,15/07/2024 13:43,2024-07-15 14:30:30,47.0,28.35,0.0,COMPLETED,,150.0,305.05,10.76,Card,Commercial,Y,Weekend,July,2024,Sunny,28.9
SESS001456,STN0144,noida EV Hub,noida,Uttar Pradesh,highway,CHG00231,,CCS,50.0,SUV,Citroen eC3,20/12/2021 03:01,20-12-2021 03:37:02,36.0,25.52,0.0,completed,105.0,75.3,245.25,9.61,UPI,,no,Weekend,December,2021,Foggy,30.6
SESS001090,STN0034,Hyderabad Fast Charge Center,Hyderabad,Telangana,Office,CHG00181,,CCS,120.0,2-Wheeler,Tata Tiago EV,17/05/2022 02:41,17/05/2022 03:28,47.0,7.38,25.0,COMPLETED,-5.0,150.0,120.59,16.34,Cash,Individual,Yes,Weekday,May,2022,,23.8
SESS001740,STN0009,Chandigarh EV Hub,Chandigarh,Punjab,Office,CHG00421,,CHAdeMO,7.2,,Tata Nexon EV,2024-04-25 21:44:42,2024-04-25 22:40:42,56.0,20.07,0.0,completed,-5.0,72.0,356.64,17.77,,Commercial,,Weekday,April,2024,Humid,
SESS000206,STN0165,Kolkata EV Hub,Kolkata,WEST BENGAL,Parking,CHG00512,,ccs2,150.0,2 Wheeler,MG ZS EV,2021-04-25 04:30:32,25-04-2021 05:51:32,81.0,23.99,11.0,completed,105.0,63.0,516.02,21.51,UPI,,yes,Weekday,April,2021,Foggy,31.3
SESS001069,STN0225,Bengaluru Power Station,Bengaluru,KARNATAKA,Highway,CHG00527,DC fast,,150.0,Car,MG ZS EV,21/06/2022 01:08,2022-06-21 01:29:00,21.0,28.8,16.0,Completed,-5.0,150.0,626.11,21.74,Cash,Individual,,Holiday,June,2022,Foggy,24.9
SESS000028,STN0044,Surat Charge Point,Surat,Gujarat,Highway,CHG00053,DC fast,Type 2,60.0,2 Wheeler,Kia EV6,2024-05-19 09:22:14,2024-05-19 09:38:14,,21.11,,COMPLETED,,150.0,287.52,13.62,Cash,Commercial,yes,Weekday,May,2024,,30.9
SESS001105,STN0020,Patna Fast Charge Center,Patna,Bihar,Mall,CHG00070,DC Ultra Fast,CHAdeMO,150.0,2 Wheeler,Mahindra XUV400,08-10-2022 15:04:00,08-10-2022 15:42:00,38.0,30.99,5.0,Failed,-5.0,,547.59,17.67,Wallet,Individual,Y,Weekend,October,2022,Humid,28.7
SESS000470,STN0066,DELHI POWER STATION,Delhi,Delhi,Residential,CHG00001,AC,CCS,150.0,Car,,08/07/2023 01:53,2023-07-08 02:33:18,40.0,0.1,18.0,completed,105.0,150.0,1.43,14.27,Card,Individual,Y,Holiday,July,2023,Rainy,29.0
SESS001462,STN0212,Delhi Charge Point,delhi,Delhi,Highway,CHG00191,,Type 2,,2 Wheeler,Tata Tiago EV,2025-07-03 10:50:42,03-07-2025 11:05:42,15.0,26.24,,COMPLETED,-5.0,150.0,470.48,17.93,Card,Commercial,no,Weekday,July,2025,,46.1
SESS001138,STN0172,Delhi Charge Point,DELHI,Delhi,highway,CHG00606,DC fast,CHAdeMO,30.0,2-Wheeler,,2024-03-21 17:55:31,21-03-2024 18:59:31,64.0,8.06,14.0,Completed,,150.0,164.34,20.39,Card,Commercial,no,Weekend,March,2024,Rainy,31.5
SESS001936,STN0234,Chennai Charge Point,Chennai,Tamil Nadu,Residential,CHG00304,AC,,7.2,SUV,MG ZS EV,2024-04-03 20:15:24,03-04-2024 21:51:24,96.0,13.93,7.0,Cancelled,22.6,,232.49,16.69,Card,Individual,No,Holiday,April,2024,Cloudy,34.1
SESS000205,STN0144,Kolkata Charge Point,Kolkata,West Bengal,Hotel,CHG00301,DC Ultra Fast,,,SUV,Bajaj Chetak,2023-12-24 17:43:30,24-12-2023 18:54:30,71.0,17.32,,completed,105.0,,162.12,9.36,UPI,Commercial,no,Holiday,December,2023,Rainy,25.3
SESS001544,STN0076,Chandigarh Charge Point,Chandigarh,Punjab,highway,CHG00412,AC,GB/T,150.0,Bus,,07/07/2021 15:56,2021-07-07 17:21:03,,18.36,,COMPLETED,,150.0,,8.01,Card,Individual,N,Weekday,July,2021,Humid,29.6
SESS001745,STN0010,Noida Power Station,Noida,Uttar Pradesh,,CHG00322,DC fast,Type 2,7.2,Car,Ola S1 Pro,2021-12-30 11:18:14,30/12/2021 12:00,42.0,,2.0,completed,-5.0,,381.43,18.06,Card,Individual,Yes,Weekday,December,2021,Foggy,
SESS000671,STN0197,Ahmedabad EV Hub,Ahmedabad,Gujarat,Hotel,CHG00085,DC Ultra Fast,,30.0,Car,,2024-07-06 05:30:51,06/07/2024 06:19,49.0,26.44,4.0,Failed,,150.0,296.39,11.21,UPI,Individual,No,Weekend,July,2024,Cloudy,
SESS000625,STN0215,ahmedabad Charge Point,ahmedabad,Gujarat,Mall,CHG00579,ac,,3.3,,BYD Atto 3,2023-05-31 12:34:00,2023-05-31 12:42:00,8.0,8.85,0.0,Failed,,150.0,82.84,9.36,upi,,N,Weekday,May,2023,Rainy,26.6
SESS000412,STN0242,Delhi EV Hub,Delhi,Delhi,Residential,CHG00599,,CCS,22.0,2 Wheeler,Ola S1 Pro,09/05/2024 11:26,09/05/2024 12:02,36.0,15.73,,completed,,150.0,275.9,17.54,App,Fleet,Y,Weekend,May,2024,Foggy,29.9
SESS001983,STN0221,Pune Power Station,Pune,Maharashtra,Hotel,CHG00618,DC fast,,22.0,SUV,,08/02/2023 12:52,08/02/2023 13:51,59.0,10.69,6.0,completed,,150.0,118.45,11.08,Card,Fleet,Y,Weekday,February,2023,Cloudy,18.9
SESS001768,STN0249,Delhi Power Station,Delhi,Delhi,Parking,CHG00468,DC Fast,CCS,60.0,Car,,07/01/2021 17:33,07-01-2021 18:06:03,,32.69,,COMPLETED,,95.1,613.26,18.76,App,Individual,yes,Weekday,January,2021,Sunny,28.8
SESS000741,STN0070,Kochi Charge Point,KOCHI,KERALA,Mall,CHG00506,AC,Type 2,,,Tata Tiago EV,2022-08-28 20:12:45,2022-08-28 20:13:45,1.0,24.06,0.0,Failed,,150.0,519.46,21.59,Wallet,Fleet,Yes,Weekday,August,2022,Humid,27.9
SESS001033,STN0203,Jaipur Power Station,Jaipur,RAJASTHAN,Office,CHG00193,DC Fast,CCS,3.3,3-Wheeler,Mahindra XUV400,20/10/2021 07:45,20-10-2021 08:04:56,19.0,,0.0,COMPLETED,-5.0,,1.95,19.52,,Commercial,Y,Holiday,October,2021,Sunny,24.0
SESS000074,STN0239,noida ev hub,Noida,Uttar Pradesh,Mall,CHG00410,,GB/T,120.0,2-Wheeler,Ola S1 Pro,2022-06-02 22:52:29,02/06/2022 23:50,58.0,26.96,7.0,COMPLETED,,93.3,222.42,8.25,,Fleet,no,Weekday,June,2022,,26.9
SESS001425,STN0214,Ahmedabad Power Station,Ahmedabad,Gujarat,Parking,CHG00421,DC fast,GB/T,120.0,,Bajaj Chetak,06-02-2022 11:06:42,2022-02-06 11:40:42,34.0,24.09,3.0,COMPLETED,,150.0,331.24,13.75,upi,Commercial,Y,Weekend,February,2022,,20.5
SESS001726,STN0078,kolkata Power Station,kolkata,West Bengal,Mall,CHG00704,AC,CCS,,3-Wheeler,TVS iQube,23/02/2024 14:32,23-02-2024 15:37:11,65.0,39.62,,completed,30.7,150.0,583.6,14.73,,Commercial,,Weekday,February,2024,Cloudy,26.6
